matricula,nome,idade,curso,cidade,uf,cra
20260001,Bruno Fernandes Lopes,32,Sistemas de Informacao,Pirapora,GO,8.63
20260002,Amanda Machado Oliveira,19,Engenharia Eletrica,Belo Horizonte,BA,7.48
20260003,Nicolas Cavalcanti,44,Analise e Desenvolvimento de Sistemas,Juiz de Fora,ES,6.36
20260004,Lucas Machado Dias Fernandes,27,Analise e Desenvolvimento de Sistemas,Janauba,MG,5.45
20260005,Caio Castro,34,Ciencia da Computacao,Juiz de Fora,ES,5.61
20260006,Fernanda Monteiro Vieira Brito,41,Matematica,Belo Horizonte,GO,5.34
20260007,Vinicius Ferreira Almeida,24,Administracao,Porteirinha,RJ,8.11
20260008,Debora Nascimento Carvalho,35,Quimica,Salinas,ES,8.11
20260009,Rafaela Costa Freitas,42,Engenharia de Software,Ouro Preto,BA,8.35
20260010,Daniela Almeida Oliveira Rocha,43,Engenharia de Software,Salinas,BA,9.47
20260011,Alexandre Carvalho Ramos,43,Fisica,Juiz de Fora,BA,6.3
20260012,Leticia Cavalcanti Soares,55,Administracao,Curvelo,RJ,6.77
20260013,Igor Teixeira Ramos Ferreira,21,Engenharia Eletrica,Almenara,GO,5.78
20260014,Gustavo Rodrigues Moreira,42,Matematica,Juiz de Fora,ES,6.23
20260015,Ana Pereira Cavalcanti,35,Fisica,Janauba,MG,6.44
20260016,Ana Soares,50,Sistemas de Informacao,Lavras,MG,9.27
20260017,Rodrigo Castro Martins,27,Medicina,Teofilo Otoni,ES,9.67
20260018,Ana Castro Rocha Ramos,19,Engenharia Eletrica,Sao Francisco,DF,8.95
20260019,Rafaela Medeiros Ferreira,23,Quimica,Vicosa,DF,5.34
20260020,Igor Lima Cardoso Monteiro,28,Engenharia de Software,Lavras,DF,7.97
20260021,Felipe Martins Barbosa Nunes,41,Direito,Lavras,RJ,5.59
20260022,Beatriz Santos Pinto,53,Analise e Desenvolvimento de Sistemas,Curvelo,BA,5.04
20260023,Daniela Almeida Rodrigues Oliveira,39,Engenharia Eletrica,Lavras,BA,6.36
20260024,Felipe Lima Medeiros,54,Direito,Diamantina,DF,7.32
20260025,Gabriel Alves Machado,40,Administracao,Uberlandia,RJ,9.23
20260026,Gabriel Souza,43,Quimica,Janauba,DF,9.22
20260027,Nicolas Cavalcanti Mendes,26,Administracao,Teofilo Otoni,SP,7.27
20260028,Eduardo Mendes Monteiro Alves,21,Fisica,Ouro Preto,DF,5.07
20260029,Rafaela Costa,44,Direito,Vicosa,BA,9.24
20260030,Lucas Moreira Silva Moreira,34,Direito,Brasilia de Minas,RJ,8.41
20260031,Leticia Ramos Gomes Martins,36,Analise e Desenvolvimento de Sistemas,Januaria,ES,8.61
20260032,Alexandre Souza,21,Matematica,Vicosa,ES,9.5
20260033,Daniela Teixeira Ferreira,29,Engenharia Eletrica,Governador Valadares,MG,8.31
20260034,Helena Medeiros Lopes,55,Matematica,Januaria,ES,5.4
20260035,Thiago Moura Rocha,34,Analise e Desenvolvimento de Sistemas,Janauba,BA,6.3
20260036,Yasmin Freitas,38,Engenharia Eletrica,Montes Claros,RJ,8.04
20260037,Gabriel Rodrigues Cavalcanti,31,Agronomia,Porteirinha,BA,9.57
20260038,Rafaela Andrade Vieira Costa,46,Agronomia,Brasilia de Minas,ES,9.82
20260039,Camila Silva Monteiro Barbosa,24,Sistemas de Informacao,Porteirinha,MG,9.36
20260040,Juliana Fernandes Vieira Castro,31,Quimica,Janauba,BA,8.37
20260041,Rodrigo Ramos Soares Souza,23,Fisica,Uberlandia,DF,6.36
20260042,Igor Soares,28,Quimica,Juiz de Fora,ES,8.46
20260043,Helena Rodrigues Gomes,52,Ciencia da Computacao,Sao Francisco,ES,7.71
20260044,Carlos Barbosa Andrade,20,Medicina,Belo Horizonte,GO,6.22
20260045,Leticia Marques,27,Analise e Desenvolvimento de Sistemas,Teofilo Otoni,DF,8.97
20260046,Bruno Ribeiro Dias Marques,33,Engenharia de Software,Teofilo Otoni,DF,8.44
20260047,Carlos Cardoso Almeida,30,Direito,Sao Francisco,SP,9.02
20260048,Pedro Santos Martins Nunes,39,Engenharia de Software,Salinas,DF,6.37
20260049,Flavia Cavalcanti Dias,19,Engenharia Eletrica,Porteirinha,BA,7.84
20260050,Carlos Alves Castro Machado,40,Quimica,Janauba,RJ,7.97
20260051,Enzo Medeiros Martins,34,Ciencia da Computacao,Uberlandia,MG,7.55
20260052,Nicolas Andrade Machado Rodrigues,39,Matematica,Janauba,GO,9.16
20260053,Yasmin Teixeira Barbosa Marques,38,Administracao,Brasilia de Minas,ES,5.62
20260054,Enzo Ribeiro Brito,54,Engenharia de Software,Coronel Fabriciano,ES,9.09
20260055,Olivia Machado Pinto,38,Direito,Juiz de Fora,RJ,8.31
20260056,Lucas Ferreira Vieira,50,Fisica,Governador Valadares,SP,5.46
20260057,Rafaela Barbosa Almeida Martins,27,Ciencia da Computacao,Januaria,BA,9.82
20260058,Eduardo Freitas Marques,54,Analise e Desenvolvimento de Sistemas,Coronel Fabriciano,RJ,6.96
20260059,Ana Alves,45,Analise e Desenvolvimento de Sistemas,Teofilo Otoni,DF,9.69
20260060,Daniela Monteiro Lopes,25,Direito,Almenara,DF,7.28
20260061,Leticia Castro Rocha,46,Matematica,Lavras,RJ,9.07
20260062,Lucas Cardoso Mendes,34,Analise e Desenvolvimento de Sistemas,Porteirinha,DF,8.81
20260063,Rafaela Fernandes Mendes,22,Quimica,Brasilia de Minas,BA,6.33
20260064,Felipe Ferreira Lima,27,Analise e Desenvolvimento de Sistemas,Coronel Fabriciano,GO,5.75
20260065,Guilherme Marques Dias,52,Direito,Uberlandia,MG,6.01
20260066,Amanda Santos Medeiros,42,Direito,Montes Claros,SP,6.46
20260067,Guilherme Cavalcanti Cavalcanti,32,Direito,Diamantina,SP,7.14
20260068,Beatriz Nunes,28,Direito,Almenara,ES,7.62
20260069,Amanda Medeiros Santos Ferreira,45,Sistemas de Informacao,Juiz de Fora,BA,5.25
20260070,Olivia Freitas Rocha,39,Administracao,Porteirinha,DF,9.66
20260071,Fernanda Cardoso Santos,52,Ciencia da Computacao,Sao Francisco,BA,8.19
20260072,Carlos Santos Lopes Martins,19,Matematica,Almenara,BA,5.62
20260073,Thiago Carvalho Freitas,34,Medicina,Teofilo Otoni,ES,7.98
20260074,Helena Costa Barbosa Alves,55,Ciencia da Computacao,Brasilia de Minas,ES,8.32
20260075,Flavia Martins Rodrigues Pinto,33,Engenharia Eletrica,Brasilia de Minas,DF,8.35
20260076,Thiago Oliveira Nascimento Cavalcanti,45,Fisica,Sao Francisco,MG,7.48
20260077,Guilherme Ramos Alves,45,Medicina,Juiz de Fora,GO,5.75
20260078,Camila Fernandes,52,Direito,Juiz de Fora,RJ,9.05
20260079,Alexandre Lopes Ferreira,35,Direito,Diamantina,DF,7.28
20260080,Enzo Dias Santos,49,Medicina,Teofilo Otoni,RJ,6.04
20260081,Beatriz Fernandes Castro Fernandes,53,Ciencia da Computacao,Lavras,BA,5.42
20260082,Natalia Monteiro Lopes Cardoso,49,Direito,Montes Claros,MG,6.44
20260083,Rafaela Barbosa Pinto,41,Direito,Ouro Preto,ES,6.68
20260084,Leticia Dias Nascimento Freitas,35,Engenharia de Software,Porteirinha,BA,5.59
20260085,Helena Cavalcanti,29,Analise e Desenvolvimento de Sistemas,Belo Horizonte,GO,7.37
20260086,Camila Castro Vieira Alves,30,Engenharia de Software,Diamantina,SP,5.88
20260087,Felipe Lima,35,Ciencia da Computacao,Januaria,ES,6.43
20260088,Natalia Alves Silva Medeiros,36,Direito,Vicosa,RJ,6.67
20260089,Samuel Cardoso Pereira Rodrigues,43,Direito,Salinas,ES,8.08
20260090,Juliana Medeiros,37,Engenharia Eletrica,Diamantina,MG,7.73
20260091,Gustavo Brito Almeida,51,Administracao,Juiz de Fora,RJ,6.46
20260092,Isabela Barbosa Medeiros,21,Matematica,Pirapora,DF,6.02
20260093,Fernanda Costa Lopes,29,Agronomia,Salinas,BA,5.01
20260094,Gustavo Cardoso Vieira,20,Analise e Desenvolvimento de Sistemas,Brasilia de Minas,GO,6.39
20260095,Eduardo Almeida Soares Pinto,30,Administracao,Pirapora,ES,6.1
20260096,Tatiana Gomes,22,Ciencia da Computacao,Teofilo Otoni,DF,6.51
20260097,Thiago Vieira Mendes Pereira,47,Quimica,Brasilia de Minas,GO,6.97
20260098,Felipe Ramos Mendes,23,Matematica,Januaria,RJ,8.6
20260099,Bruno Ferreira Almeida,54,Matematica,Montes Claros,DF,8.29
20260100,Carlos Ribeiro Cardoso,51,Fisica,Juiz de Fora,SP,5.89
20260101,Natalia Ferreira Cardoso,40,Administracao,Janauba,SP,8.28
20260102,Beatriz Marques Ramos Vieira,43,Agronomia,Januaria,RJ,5.43
20260103,Helena Nunes Teixeira,18,Fisica,Ouro Preto,RJ,7.02
20260104,Debora Brito,49,Fisica,Juiz de Fora,DF,5.25
20260105,Igor Vieira Mendes,49,Engenharia Eletrica,Montes Claros,GO,7.98
20260106,Lucas Barbosa Monteiro,18,Agronomia,Uberlandia,MG,6.1
20260107,Helena Freitas Pereira Gomes,49,Quimica,Brasilia de Minas,ES,8.46
20260108,Matheus Cardoso Lopes,47,Agronomia,Almenara,RJ,5.93
20260109,Igor Rodrigues Fernandes,44,Medicina,Lavras,SP,9.02
20260110,Yasmin Pinto Pinto,49,Sistemas de Informacao,Juiz de Fora,ES,7.37
20260111,Felipe Moreira Freitas,38,Analise e Desenvolvimento de Sistemas,Diamantina,ES,6.88
20260112,Guilherme Oliveira Rocha Cardoso,42,Administracao,Almenara,RJ,9.73
20260113,Amanda Dias,24,Direito,Pirapora,ES,9.46
20260114,Juliana Marques,27,Engenharia Eletrica,Vicosa,DF,9.75
20260115,Flavia Ferreira Dias,52,Administracao,Janauba,GO,8.52
20260116,Felipe Oliveira Brito Rodrigues,33,Fisica,Brasilia de Minas,BA,8.66
20260117,Gabriel Alves Mendes,28,Quimica,Brasilia de Minas,MG,5.23
20260118,Vinicius Nascimento Andrade Machado,27,Analise e Desenvolvimento de Sistemas,Lavras,RJ,7.77
20260119,Lucas Ribeiro Ferreira Brito,42,Matematica,Diamantina,RJ,9.47
20260120,Larissa Soares,47,Engenharia de Software,Montes Claros,DF,7.28
20260121,Felipe Costa Rodrigues,46,Medicina,Curvelo,SP,8.13
20260122,Samuel Freitas Barbosa,30,Administracao,Vicosa,MG,6.16
20260123,Thiago Vieira Vieira,19,Fisica,Coronel Fabriciano,SP,5.04
20260124,Daniela Castro Ramos Vieira,32,Matematica,Sao Francisco,BA,8.12
20260125,Igor Alves Oliveira,37,Direito,Januaria,ES,6.79
20260126,Vinicius Rocha,44,Sistemas de Informacao,Belo Horizonte,BA,8.85
20260127,Debora Moura Teixeira Fernandes,28,Engenharia de Software,Vicosa,DF,6.45
20260128,Helena Freitas Rodrigues Gomes,32,Fisica,Coronel Fabriciano,DF,8.94
20260129,Flavia Silva Soares,52,Engenharia Eletrica,Juiz de Fora,SP,8.3
20260130,Amanda Moreira Andrade,24,Fisica,Diamantina,RJ,5.12
20260131,Leticia Rocha Brito Almeida,22,Fisica,Juiz de Fora,GO,6.48
20260132,Igor Oliveira Oliveira,37,Direito,Pirapora,MG,6.15
20260133,Enzo Freitas Andrade,52,Administracao,Curvelo,GO,8.56
20260134,Gabriel Ramos Brito Marques,35,Ciencia da Computacao,Sao Francisco,BA,7.17
20260135,Debora Alves Andrade Cavalcanti,40,Ciencia da Computacao,Coronel Fabriciano,SP,5.93
20260136,Larissa Ferreira,31,Fisica,Governador Valadares,MG,5.25
20260137,Igor Medeiros Carvalho,22,Agronomia,Belo Horizonte,ES,6.06
20260138,Beatriz Gomes Castro Silva,35,Sistemas de Informacao,Almenara,ES,6.23
20260139,Bruno Lima,18,Medicina,Diamantina,ES,6.59
20260140,Daniela Lima,44,Agronomia,Pirapora,GO,5.31
20260141,Debora Teixeira Pinto,24,Direito,Lavras,BA,9.63
20260142,Camila Barbosa,47,Fisica,Montes Claros,MG,9.89
20260143,Isabela Alves Ramos Mendes,22,Engenharia Eletrica,Janauba,ES,5.73
20260144,Luana Pinto,53,Quimica,Janauba,RJ,9.87
20260145,Larissa Teixeira Castro,45,Engenharia Eletrica,Pirapora,DF,8.21
20260146,Leticia Carvalho Machado Mendes,32,Administracao,Janauba,DF,7.22
20260147,Gabriel Rocha Machado,38,Fisica,Porteirinha,SP,9.67
20260148,Matheus Rodrigues Ferreira,23,Engenharia Eletrica,Uberlandia,MG,8.65
20260149,Igor Monteiro Souza,55,Agronomia,Ouro Preto,SP,8.28
20260150,Isabela Souza Vieira,37,Medicina,Pirapora,ES,7.49
20260151,Matheus Almeida,24,Medicina,Ouro Preto,SP,5.56
20260152,Pedro Machado Monteiro,53,Ciencia da Computacao,Governador Valadares,GO,9.06
20260153,Mariana Fernandes Barbosa,39,Medicina,Montes Claros,BA,9.26
20260154,Flavia Rodrigues Gomes,19,Engenharia Eletrica,Lavras,BA,6.84
20260155,Lucas Andrade Barbosa,38,Matematica,Governador Valadares,MG,9.33
20260156,Luana Souza,23,Engenharia de Software,Juiz de Fora,GO,7.08
20260157,Guilherme Fernandes Carvalho,50,Engenharia Eletrica,Sao Francisco,RJ,5.54
20260158,Amanda Ramos Moura,37,Ciencia da Computacao,Diamantina,RJ,9.82
20260159,Olivia Barbosa,31,Sistemas de Informacao,Porteirinha,SP,6.61
20260160,Isabela Ribeiro,26,Administracao,Ouro Preto,GO,6.13
20260161,Caio Rodrigues Nunes,20,Administracao,Montes Claros,RJ,9.51
20260162,Thiago Machado Medeiros Nunes,44,Engenharia de Software,Pirapora,RJ,5.1
20260163,Luana Freitas Andrade,23,Administracao,Pirapora,BA,7.13
20260164,Fernanda Nunes Barbosa,39,Analise e Desenvolvimento de Sistemas,Janauba,DF,5.82
20260165,Helena Moura Teixeira,30,Medicina,Sao Francisco,GO,9.7
20260166,Juliana Lopes Alves,27,Engenharia de Software,Belo Horizonte,BA,7.95
20260167,Eduardo Ribeiro Ramos Freitas,54,Matematica,Juiz de Fora,GO,9.53
20260168,Luana Rocha Rocha,27,Direito,Salinas,RJ,7.17
20260169,Tatiana Pinto Souza,40,Agronomia,Salinas,SP,7.26
20260170,Debora Vieira,22,Fisica,Salinas,ES,7.91
20260171,Amanda Monteiro Oliveira,46,Matematica,Belo Horizonte,SP,7.96
20260172,Daniela Mendes Alves,39,Quimica,Salinas,ES,8.17
20260173,Joao Mendes,51,Agronomia,Governador Valadares,BA,6.78
20260174,Enzo Marques Dias Castro,21,Fisica,Janauba,MG,6.62
20260175,Enzo Vieira Soares,27,Medicina,Salinas,ES,8.25
20260176,Yasmin Nunes Lima Castro,23,Engenharia de Software,Ouro Preto,RJ,8.15
20260177,Igor Moura Ferreira,45,Agronomia,Sao Francisco,MG,6.78
20260178,Olivia Dias,49,Analise e Desenvolvimento de Sistemas,Diamantina,BA,5.76
20260179,Gabriel Teixeira Cavalcanti,51,Ciencia da Computacao,Janauba,DF,8.03
20260180,Juliana Costa Ribeiro,28,Quimica,Juiz de Fora,MG,7.01
20260181,Rafaela Mendes Brito,36,Quimica,Juiz de Fora,BA,7.62
20260182,Matheus Martins Andrade,54,Direito,Juiz de Fora,DF,6.38
20260183,Camila Marques Costa,30,Matematica,Almenara,DF,6.23
20260184,Debora Monteiro Alves,51,Engenharia Eletrica,Brasilia de Minas,MG,8.74
20260185,Rodrigo Gomes Machado,23,Analise e Desenvolvimento de Sistemas,Juiz de Fora,SP,9.56
20260186,Flavia Teixeira Andrade,33,Administracao,Salinas,SP,6.1
20260187,Gabriel Dias Gomes,26,Ciencia da Computacao,Brasilia de Minas,DF,7.32
20260188,Matheus Mendes Brito Silva,23,Ciencia da Computacao,Porteirinha,BA,9.09
20260189,Gustavo Moura Machado,25,Engenharia de Software,Diamantina,SP,5.6
20260190,Luana Freitas Rodrigues,25,Direito,Governador Valadares,ES,5.08
20260191,Rafaela Gomes Vieira,45,Ciencia da Computacao,Governador Valadares,SP,6.18
20260192,Fernanda Moura Andrade,22,Agronomia,Ouro Preto,ES,8.85
20260193,Bruno Moreira Cardoso,20,Fisica,Coronel Fabriciano,SP,6.24
20260194,Eduardo Nascimento,33,Quimica,Pirapora,DF,7.85
20260195,Igor Oliveira Nascimento Cavalcanti,39,Fisica,Teofilo Otoni,DF,8.82
20260196,Matheus Ribeiro Lima,22,Quimica,Juiz de Fora,MG,6.44
20260197,Nicolas Oliveira,38,Engenharia de Software,Lavras,RJ,9.85
20260198,Samuel Oliveira Martins,36,Medicina,Januaria,DF,8.21
20260199,Debora Machado Nunes,46,Administracao,Janauba,BA,7.43
20260200,Camila Fernandes Ferreira,45,Engenharia Eletrica,Uberlandia,ES,9.88
20260201,Vinicius Rocha,24,Engenharia Eletrica,Janauba,GO,6.45
20260202,Isabela Costa Mendes,40,Direito,Januaria,GO,9.26
20260203,Isabela Fernandes Souza,22,Fisica,Coronel Fabriciano,SP,7.51
20260204,Lucas Santos Gomes Castro,46,Ciencia da Computacao,Almenara,MG,6.16
20260205,Debora Moreira Medeiros,20,Matematica,Almenara,GO,7.2
20260206,Joao Rodrigues Medeiros,26,Agronomia,Sao Francisco,RJ,6.54
20260207,Helena Santos Ribeiro,49,Agronomia,Coronel Fabriciano,ES,5.58
20260208,Joao Carvalho Brito Vieira,49,Analise e Desenvolvimento de Sistemas,Pirapora,BA,9.18
20260209,Joao Ferreira Rocha,40,Quimica,Salinas,ES,7.66
20260210,Lucas Ribeiro Andrade Teixeira,32,Engenharia Eletrica,Belo Horizonte,DF,5.68
20260211,Bruno Andrade Monteiro Medeiros,41,Direito,Ouro Preto,BA,8.0
20260212,Yasmin Nunes,48,Agronomia,Uberlandia,DF,7.01
20260213,Igor Rocha Rodrigues,46,Direito,Lavras,SP,5.63
20260214,Leticia Pinto Ribeiro Lima,45,Agronomia,Januaria,DF,5.61
20260215,Lucas Costa,38,Quimica,Diamantina,SP,9.64
20260216,Vinicius Ferreira Soares,30,Fisica,Ouro Preto,SP,5.61
20260217,Felipe Ferreira Teixeira,28,Matematica,Curvelo,BA,5.84
20260218,Gustavo Dias Medeiros,20,Ciencia da Computacao,Salinas,MG,9.65
20260219,Samuel Carvalho Medeiros Marques,19,Direito,Ouro Preto,SP,8.15
20260220,Rafaela Nunes Barbosa,47,Engenharia Eletrica,Januaria,BA,7.15
20260221,Olivia Dias Castro,27,Medicina,Janauba,GO,9.84
20260222,Flavia Lima Andrade,50,Agronomia,Pirapora,SP,6.18
20260223,Joao Lopes,27,Engenharia Eletrica,Januaria,SP,9.63
20260224,Guilherme Lopes Costa Rocha,54,Quimica,Janauba,BA,8.74
20260225,Rodrigo Freitas Ramos,37,Direito,Montes Claros,MG,9.63
20260226,Rafaela Carvalho Pinto,40,Ciencia da Computacao,Januaria,SP,7.42
20260227,Matheus Vieira Cavalcanti Silva,24,Administracao,Almenara,SP,8.56
20260228,Debora Oliveira Nunes Souza,54,Agronomia,Belo Horizonte,SP,7.71
20260229,Rodrigo Mendes,53,Engenharia de Software,Governador Valadares,GO,7.99
20260230,Gabriel Nunes,41,Medicina,Ouro Preto,SP,8.7
20260231,Rodrigo Nunes,50,Ciencia da Computacao,Januaria,MG,5.67
20260232,Matheus Moura Freitas,27,Matematica,Lavras,BA,6.61
20260233,Lucas Nunes Brito,37,Matematica,Janauba,ES,9.06
20260234,Thiago Barbosa Cardoso,19,Medicina,Janauba,GO,5.54
20260235,Yasmin Santos Castro,48,Engenharia de Software,Curvelo,ES,6.11
20260236,Matheus Costa,51,Fisica,Governador Valadares,DF,9.12
20260237,Rafaela Oliveira,54,Quimica,Pirapora,BA,5.09
20260238,Juliana Marques Carvalho,44,Agronomia,Governador Valadares,RJ,9.28
20260239,Daniela Lima Moura Carvalho,53,Medicina,Vicosa,ES,6.85
20260240,Larissa Cavalcanti Dias Cavalcanti,40,Fisica,Porteirinha,ES,7.37
20260241,Tatiana Monteiro Barbosa Almeida,37,Engenharia de Software,Belo Horizonte,GO,8.45
20260242,Caio Monteiro Fernandes,36,Engenharia Eletrica,Curvelo,GO,7.66
20260243,Flavia Nascimento Gomes Vieira,20,Engenharia de Software,Salinas,SP,9.53
20260244,Matheus Carvalho Martins,52,Engenharia de Software,Ouro Preto,GO,6.33
20260245,Amanda Lopes,33,Ciencia da Computacao,Lavras,BA,8.13
20260246,Guilherme Dias,48,Engenharia Eletrica,Almenara,MG,9.73
20260247,Lucas Marques Cardoso Cardoso,30,Engenharia de Software,Janauba,SP,8.16
20260248,Fernanda Medeiros Almeida Cavalcanti,20,Sistemas de Informacao,Uberlandia,DF,5.86
20260249,Flavia Ramos Ribeiro Vieira,20,Ciencia da Computacao,Brasilia de Minas,ES,7.95
20260250,Beatriz Vieira Freitas Cavalcanti,51,Direito,Almenara,DF,7.47
20260251,Helena Dias Costa,47,Fisica,Porteirinha,GO,5.91
20260252,Vinicius Medeiros Martins Ribeiro,43,Administracao,Lavras,SP,5.43
20260253,Mariana Lima Cardoso,38,Analise e Desenvolvimento de Sistemas,Montes Claros,SP,6.88
20260254,Tatiana Dias Barbosa,55,Quimica,Curvelo,MG,6.28
20260255,Rafaela Souza Pereira,47,Engenharia de Software,Teofilo Otoni,RJ,8.36
20260256,Yasmin Pereira Vieira Andrade,32,Analise e Desenvolvimento de Sistemas,Almenara,RJ,5.75
20260257,Gustavo Andrade Marques Monteiro,48,Agronomia,Belo Horizonte,DF,6.21
20260258,Fernanda Moura Mendes Moura,41,Engenharia Eletrica,Curvelo,MG,5.3
20260259,Rodrigo Martins Medeiros,52,Sistemas de Informacao,Teofilo Otoni,SP,9.19
20260260,Olivia Pinto Ramos,23,Agronomia,Juiz de Fora,DF,5.27
20260261,Guilherme Freitas,54,Ciencia da Computacao,Ouro Preto,RJ,8.3
20260262,Bruno Nunes Soares,18,Quimica,Belo Horizonte,ES,5.36
20260263,Eduardo Cavalcanti Souza,22,Direito,Januaria,SP,7.0
20260264,Guilherme Andrade Moreira Mendes,42,Administracao,Salinas,GO,9.72
20260265,Igor Nascimento Pereira Ribeiro,52,Administracao,Lavras,BA,8.57
20260266,Ana Santos Barbosa,47,Fisica,Ouro Preto,RJ,7.61
20260267,Rafaela Freitas Nascimento Gomes,35,Analise e Desenvolvimento de Sistemas,Pirapora,MG,8.97
20260268,Bruno Lopes Carvalho,22,Engenharia Eletrica,Governador Valadares,MG,7.19
20260269,Daniela Lopes Oliveira,43,Direito,Diamantina,ES,6.06
20260270,Daniela Lima Teixeira Vieira,32,Quimica,Curvelo,SP,7.83
20260271,Alexandre Lopes Barbosa Gomes,51,Analise e Desenvolvimento de Sistemas,Uberlandia,SP,6.35
20260272,Amanda Ribeiro Machado,53,Direito,Januaria,SP,9.61
20260273,Camila Rocha Marques,44,Sistemas de Informacao,Brasilia de Minas,RJ,5.9
20260274,Rafaela Almeida Barbosa,27,Direito,Januaria,ES,7.02
20260275,Camila Lima Moreira,33,Engenharia de Software,Belo Horizonte,SP,8.17
20260276,Debora Ferreira Cavalcanti Martins,21,Engenharia de Software,Coronel Fabriciano,GO,7.96
20260277,Eduardo Martins,55,Quimica,Ouro Preto,BA,7.35
20260278,Beatriz Barbosa Silva Carvalho,30,Quimica,Pirapora,GO,9.9
20260279,Rafaela Castro Carvalho,43,Analise e Desenvolvimento de Sistemas,Ouro Preto,SP,8.8
20260280,Felipe Nascimento Barbosa,34,Medicina,Lavras,RJ,7.28
20260281,Matheus Rocha Carvalho Andrade,38,Administracao,Januaria,ES,9.23
20260282,Bruno Soares Monteiro Pinto,55,Quimica,Uberlandia,SP,5.75
20260283,Enzo Medeiros Lopes,49,Agronomia,Janauba,SP,8.74
20260284,Natalia Freitas Costa,40,Sistemas de Informacao,Almenara,GO,7.68
20260285,Felipe Souza,51,Ciencia da Computacao,Salinas,DF,8.27
20260286,Guilherme Lima Almeida Rodrigues,27,Ciencia da Computacao,Belo Horizonte,ES,7.23
20260287,Luana Cardoso,49,Ciencia da Computacao,Montes Claros,ES,7.7
20260288,Camila Fernandes,52,Engenharia de Software,Montes Claros,ES,8.98
20260289,Mariana Alves Alves,51,Sistemas de Informacao,Diamantina,BA,8.04
20260290,Caio Fernandes Nunes,23,Medicina,Coronel Fabriciano,RJ,7.77
20260291,Pedro Barbosa Ferreira Oliveira,23,Administracao,Coronel Fabriciano,RJ,7.71
20260292,Ana Costa,23,Direito,Uberlandia,GO,8.84
20260293,Gabriel Moura Oliveira,32,Analise e Desenvolvimento de Sistemas,Curvelo,RJ,6.33
20260294,Tatiana Cavalcanti Medeiros Oliveira,29,Medicina,Montes Claros,BA,7.88
20260295,Flavia Rodrigues Barbosa Costa,54,Analise e Desenvolvimento de Sistemas,Curvelo,DF,9.16
20260296,Felipe Dias Moreira,26,Quimica,Salinas,ES,8.65
20260297,Gabriel Machado Almeida,22,Medicina,Governador Valadares,DF,8.01
20260298,Alexandre Santos Fernandes,46,Direito,Diamantina,SP,7.71
20260299,Mariana Pinto Moreira,23,Matematica,Brasilia de Minas,DF,6.21
20260300,Tatiana Gomes,42,Quimica,Almenara,GO,6.91
20260301,Fernanda Silva Barbosa,46,Medicina,Porteirinha,MG,5.65
20260302,Joao Monteiro,53,Agronomia,Uberlandia,MG,5.13
20260303,Fernanda Castro Castro,38,Administracao,Montes Claros,SP,7.03
20260304,Leticia Lopes Medeiros Moura,28,Fisica,Coronel Fabriciano,BA,5.68
20260305,Natalia Gomes Rodrigues,28,Administracao,Porteirinha,RJ,6.47
20260306,Debora Soares Lopes Ramos,30,Direito,Pirapora,BA,6.49
20260307,Beatriz Brito Moreira Dias,46,Medicina,Uberlandia,DF,9.04
20260308,Gustavo Lima Barbosa,38,Matematica,Belo Horizonte,RJ,6.54
20260309,Alexandre Vieira Ramos Medeiros,33,Medicina,Coronel Fabriciano,SP,9.0
20260310,Helena Medeiros Martins,55,Agronomia,Teofilo Otoni,GO,8.76
20260311,Larissa Carvalho,46,Engenharia de Software,Salinas,DF,9.15
20260312,Natalia Lima Barbosa Lopes,34,Fisica,Almenara,GO,7.07
20260313,Joao Castro Cardoso,55,Administracao,Ouro Preto,ES,9.53
20260314,Guilherme Cavalcanti Oliveira Andrade,52,Matematica,Salinas,MG,8.77
20260315,Caio Costa Brito,20,Matematica,Coronel Fabriciano,DF,6.62
20260316,Gabriel Silva Alves Soares,32,Agronomia,Lavras,ES,7.84
20260317,Joao Andrade Nunes,47,Fisica,Curvelo,GO,7.45
20260318,Bruno Cardoso Alves,36,Administracao,Salinas,MG,9.07
20260319,Caio Barbosa Dias Freitas,31,Agronomia,Vicosa,SP,7.33
20260320,Joao Rocha Rodrigues,37,Ciencia da Computacao,Pirapora,MG,9.16
20260321,Lucas Lopes Moura,29,Agronomia,Teofilo Otoni,SP,7.74
20260322,Pedro Nunes Ribeiro Ribeiro,45,Administracao,Montes Claros,GO,8.01
20260323,Amanda Machado,42,Ciencia da Computacao,Belo Horizonte,BA,6.36
20260324,Eduardo Medeiros Alves Cavalcanti,29,Medicina,Janauba,BA,7.24
20260325,Natalia Moura Rocha,42,Matematica,Coronel Fabriciano,ES,5.56
20260326,Larissa Brito Ribeiro,37,Matematica,Curvelo,MG,8.29
20260327,Rafaela Barbosa Pereira,29,Medicina,Almenara,ES,6.9
20260328,Thiago Moreira Machado,29,Direito,Ouro Preto,GO,9.5
20260329,Mariana Monteiro Costa Ramos,36,Sistemas de Informacao,Teofilo Otoni,SP,9.13
20260330,Caio Silva Ramos,26,Analise e Desenvolvimento de Sistemas,Coronel Fabriciano,ES,7.48
20260331,Natalia Marques Mendes,49,Sistemas de Informacao,Salinas,ES,5.15
20260332,Vinicius Oliveira Fernandes Almeida,52,Engenharia de Software,Teofilo Otoni,DF,7.24
20260333,Natalia Monteiro Teixeira Pereira,54,Engenharia Eletrica,Porteirinha,DF,7.66
20260334,Felipe Oliveira Mendes Cavalcanti,31,Administracao,Pirapora,GO,9.07
20260335,Yasmin Oliveira Mendes Soares,40,Engenharia Eletrica,Juiz de Fora,DF,9.87
20260336,Rafaela Carvalho Pinto Nascimento,45,Sistemas de Informacao,Governador Valadares,BA,8.85
20260337,Daniela Medeiros Nascimento Cavalcanti,35,Matematica,Ouro Preto,BA,6.59
20260338,Vinicius Medeiros Fernandes Teixeira,24,Sistemas de Informacao,Uberlandia,MG,9.86
20260339,Igor Lima Lopes Gomes,38,Analise e Desenvolvimento de Sistemas,Coronel Fabriciano,RJ,5.7
20260340,Guilherme Moreira Mendes,22,Fisica,Salinas,RJ,7.53
20260341,Debora Freitas Ramos,38,Matematica,Montes Claros,DF,8.79
20260342,Larissa Nascimento Rodrigues Cavalcanti,43,Analise e Desenvolvimento de Sistemas,Uberlandia,DF,6.04
20260343,Vinicius Dias Monteiro,54,Sistemas de Informacao,Curvelo,DF,7.38
20260344,Daniela Oliveira Alves,47,Ciencia da Computacao,Pirapora,DF,5.77
20260345,Isabela Martins Lima,37,Sistemas de Informacao,Porteirinha,MG,8.21
20260346,Debora Costa Souza,43,Fisica,Brasilia de Minas,GO,8.43
20260347,Fernanda Alves Silva,31,Direito,Salinas,BA,7.91
20260348,Joao Silva Silva,39,Engenharia Eletrica,Uberlandia,GO,5.65
20260349,Enzo Ferreira,24,Engenharia Eletrica,Janauba,SP,9.32
20260350,Igor Gomes,22,Agronomia,Curvelo,MG,7.99
20260351,Caio Carvalho,27,Administracao,Governador Valadares,GO,7.17
20260352,Gabriel Lima Pereira,55,Quimica,Coronel Fabriciano,SP,9.72
20260353,Igor Lopes Fernandes,23,Analise e Desenvolvimento de Sistemas,Ouro Preto,ES,7.94
20260354,Bruno Barbosa Carvalho,51,Matematica,Lavras,BA,8.66
20260355,Daniela Lopes Ramos,42,Engenharia Eletrica,Diamantina,RJ,8.13
20260356,Ana Andrade,38,Sistemas de Informacao,Coronel Fabriciano,DF,9.11
20260357,Felipe Ribeiro Cardoso,22,Ciencia da Computacao,Curvelo,MG,5.07
20260358,Daniela Nunes Teixeira,36,Fisica,Lavras,DF,7.04
20260359,Fernanda Cavalcanti Cavalcanti Brito,27,Engenharia de Software,Salinas,SP,5.39
20260360,Juliana Cavalcanti Rocha Nunes,55,Fisica,Salinas,SP,8.42
20260361,Rafaela Souza Lopes Ferreira,45,Engenharia Eletrica,Juiz de Fora,ES,7.98
20260362,Mariana Pereira Silva,26,Quimica,Montes Claros,BA,7.43
20260363,Camila Soares Costa,41,Sistemas de Informacao,Porteirinha,GO,9.34
20260364,Bruno Dias Machado Fernandes,51,Engenharia Eletrica,Porteirinha,GO,9.78
20260365,Natalia Freitas Teixeira,41,Ciencia da Computacao,Vicosa,DF,7.78
20260366,Samuel Alves Medeiros,25,Analise e Desenvolvimento de Sistemas,Lavras,MG,5.22
20260367,Rafaela Oliveira Cardoso Andrade,42,Sistemas de Informacao,Teofilo Otoni,DF,5.17
20260368,Guilherme Almeida Rocha Lopes,44,Quimica,Janauba,SP,9.05
20260369,Helena Teixeira Souza,29,Analise e Desenvolvimento de Sistemas,Lavras,MG,9.67
20260370,Larissa Vieira,37,Medicina,Salinas,ES,7.24
20260371,Vinicius Medeiros Barbosa,33,Direito,Sao Francisco,ES,9.76
20260372,Nicolas Cavalcanti Lopes Gomes,18,Administracao,Montes Claros,BA,7.65
20260373,Ana Dias Silva,42,Quimica,Brasilia de Minas,MG,6.01
20260374,Guilherme Ramos Souza Gomes,35,Engenharia Eletrica,Januaria,BA,9.4
20260375,Debora Freitas Ferreira,55,Engenharia Eletrica,Lavras,BA,8.12
20260376,Amanda Medeiros Souza,45,Fisica,Almenara,BA,6.43
20260377,Flavia Rocha Rocha Mendes,35,Analise e Desenvolvimento de Sistemas,Salinas,BA,5.67
20260378,Gabriel Gomes Alves Costa,46,Direito,Janauba,RJ,5.59
20260379,Olivia Mendes Barbosa,47,Engenharia de Software,Pirapora,MG,5.77
20260380,Gustavo Oliveira Carvalho,38,Sistemas de Informacao,Salinas,GO,6.22
20260381,Rodrigo Souza Barbosa,34,Sistemas de Informacao,Montes Claros,RJ,9.19
20260382,Leticia Lopes Alves,47,Engenharia Eletrica,Almenara,MG,5.06
20260383,Pedro Lima Martins Nunes,41,Fisica,Salinas,ES,7.87
20260384,Eduardo Santos Rodrigues Martins,46,Sistemas de Informacao,Salinas,DF,9.06
20260385,Carlos Freitas Souza,28,Matematica,Uberlandia,DF,8.55
20260386,Enzo Machado Ribeiro,40,Analise e Desenvolvimento de Sistemas,Teofilo Otoni,SP,6.37
20260387,Carlos Brito Brito Brito,33,Fisica,Brasilia de Minas,RJ,7.02
20260388,Daniela Ferreira Fernandes,42,Sistemas de Informacao,Uberlandia,BA,8.15
20260389,Rafaela Cavalcanti Santos Moreira,40,Direito,Ouro Preto,DF,7.37
20260390,Rodrigo Rocha Moreira Fernandes,29,Ciencia da Computacao,Janauba,ES,6.07
20260391,Tatiana Souza Cardoso Moura,40,Matematica,Diamantina,BA,5.49
20260392,Tatiana Cavalcanti Souza,32,Matematica,Coronel Fabriciano,SP,9.58
20260393,Mariana Ribeiro Lopes Pinto,38,Quimica,Sao Francisco,ES,5.14
20260394,Thiago Medeiros Gomes Medeiros,30,Direito,Ouro Preto,SP,5.86
20260395,Daniela Almeida,32,Ciencia da Computacao,Lavras,RJ,5.0
20260396,Nicolas Lima Dias Ribeiro,38,Ciencia da Computacao,Montes Claros,BA,7.87
20260397,Helena Moura Andrade Rodrigues,41,Quimica,Coronel Fabriciano,ES,5.5
20260398,Igor Costa Machado,49,Fisica,Janauba,BA,8.47
20260399,Luana Nascimento Almeida,55,Sistemas de Informacao,Coronel Fabriciano,SP,8.6
20260400,Mariana Silva Medeiros,43,Matematica,Januaria,BA,7.95
20260401,Luana Almeida Medeiros Alves,49,Sistemas de Informacao,Janauba,GO,5.38
20260402,Alexandre Costa Ferreira,39,Direito,Montes Claros,SP,6.03
20260403,Caio Soares Alves,18,Ciencia da Computacao,Coronel Fabriciano,RJ,8.59
20260404,Guilherme Ramos Moreira Nascimento,52,Administracao,Pirapora,DF,7.35
20260405,Pedro Costa Mendes Rodrigues,20,Engenharia de Software,Montes Claros,SP,6.28
20260406,Beatriz Costa,42,Sistemas de Informacao,Salinas,ES,9.61
20260407,Beatriz Castro Brito Cardoso,19,Administracao,Teofilo Otoni,ES,9.36
20260408,Gabriel Dias,31,Analise e Desenvolvimento de Sistemas,Uberlandia,GO,7.72
20260409,Felipe Soares Vieira Barbosa,33,Engenharia Eletrica,Januaria,RJ,7.8
20260410,Juliana Souza Andrade Silva,45,Engenharia Eletrica,Brasilia de Minas,DF,8.24
20260411,Nicolas Alves Santos,31,Sistemas de Informacao,Brasilia de Minas,MG,7.32
20260412,Flavia Cardoso,49,Fisica,Porteirinha,MG,8.15
20260413,Debora Moreira Andrade,29,Direito,Januaria,SP,7.15
20260414,Tatiana Medeiros Souza,27,Quimica,Pirapora,MG,8.27
20260415,Guilherme Pinto Almeida Monteiro,21,Administracao,Lavras,RJ,9.73
20260416,Matheus Medeiros Lopes,48,Engenharia de Software,Salinas,RJ,9.42
20260417,Rodrigo Medeiros Moura Medeiros,27,Engenharia Eletrica,Juiz de Fora,BA,9.65
20260418,Olivia Martins,26,Ciencia da Computacao,Uberlandia,MG,9.84
20260419,Juliana Castro Soares,38,Quimica,Salinas,MG,6.9
20260420,Alexandre Fernandes Moura,47,Ciencia da Computacao,Governador Valadares,ES,7.56
20260421,Guilherme Gomes Gomes,54,Matematica,Curvelo,DF,9.73
20260422,Gabriel Medeiros,24,Engenharia de Software,Ouro Preto,SP,9.3
20260423,Natalia Medeiros Castro,48,Ciencia da Computacao,Teofilo Otoni,SP,6.97
20260424,Flavia Oliveira Nunes,39,Quimica,Diamantina,MG,8.65
20260425,Debora Santos Dias Barbosa,37,Engenharia de Software,Vicosa,DF,8.41
20260426,Pedro Lima,37,Quimica,Juiz de Fora,DF,9.05
20260427,Guilherme Castro Ferreira,30,Direito,Belo Horizonte,DF,7.0
20260428,Camila Andrade Souza,50,Sistemas de Informacao,Salinas,SP,8.48
20260429,Camila Medeiros Santos,29,Analise e Desenvolvimento de Sistemas,Belo Horizonte,DF,5.28
20260430,Daniela Andrade,30,Engenharia de Software,Sao Francisco,DF,7.27
20260431,Helena Santos Lopes,41,Direito,Governador Valadares,RJ,5.87
20260432,Amanda Monteiro Nascimento Nascimento,28,Engenharia de Software,Salinas,SP,5.13
20260433,Thiago Carvalho,32,Fisica,Diamantina,GO,6.01
20260434,Rodrigo Santos Silva,48,Sistemas de Informacao,Teofilo Otoni,ES,8.92
20260435,Gustavo Barbosa Fernandes,45,Administracao,Sao Francisco,RJ,6.23
20260436,Camila Brito Nunes,55,Engenharia Eletrica,Montes Claros,ES,9.9
20260437,Debora Monteiro Castro Castro,36,Engenharia de Software,Pirapora,RJ,5.31
20260438,Alexandre Fernandes Soares Barbosa,30,Sistemas de Informacao,Lavras,DF,6.18
20260439,Gustavo Nunes,38,Fisica,Almenara,GO,5.12
20260440,Vinicius Soares Marques,43,Administracao,Januaria,ES,8.47
20260441,Nicolas Dias Almeida,52,Fisica,Vicosa,GO,6.76
20260442,Lucas Monteiro Ribeiro,36,Engenharia Eletrica,Vicosa,BA,8.63
20260443,Leticia Ribeiro Dias Ferreira,32,Medicina,Diamantina,GO,9.27
20260444,Beatriz Andrade Soares,55,Engenharia de Software,Juiz de Fora,DF,5.58
20260445,Amanda Pinto,22,Direito,Belo Horizonte,ES,5.59
20260446,Camila Barbosa Marques,21,Sistemas de Informacao,Almenara,BA,6.68
20260447,Larissa Gomes Rocha Ribeiro,23,Direito,Janauba,GO,9.83
20260448,Daniela Silva Mendes,35,Analise e Desenvolvimento de Sistemas,Teofilo Otoni,ES,8.75
20260449,Fernanda Lima Brito,45,Fisica,Uberlandia,RJ,7.1
20260450,Ana Oliveira Cavalcanti,30,Quimica,Sao Francisco,MG,9.37
20260451,Camila Martins Santos Silva,33,Analise e Desenvolvimento de Sistemas,Sao Francisco,SP,5.63
20260452,Amanda Barbosa Costa,22,Ciencia da Computacao,Brasilia de Minas,SP,7.23
20260453,Camila Dias Machado,26,Medicina,Vicosa,SP,8.68
20260454,Flavia Santos,32,Analise e Desenvolvimento de Sistemas,Almenara,BA,8.6
20260455,Lucas Pereira Andrade,20,Administracao,Porteirinha,DF,7.62
20260456,Daniela Alves,19,Ciencia da Computacao,Pirapora,RJ,7.18
20260457,Samuel Cardoso,27,Analise e Desenvolvimento de Sistemas,Montes Claros,SP,7.06
20260458,Camila Fernandes,26,Administracao,Pirapora,ES,8.52
20260459,Helena Alves,49,Analise e Desenvolvimento de Sistemas,Governador Valadares,BA,8.81
20260460,Nicolas Nascimento Marques Vieira,28,Ciencia da Computacao,Ouro Preto,RJ,9.46
20260461,Matheus Dias Lopes,18,Ciencia da Computacao,Salinas,MG,9.09
20260462,Juliana Ferreira Teixeira,22,Quimica,Pirapora,SP,8.16
20260463,Vinicius Soares Freitas,21,Engenharia Eletrica,Teofilo Otoni,DF,5.19
20260464,Alexandre Machado Pereira,24,Ciencia da Computacao,Montes Claros,DF,5.68
20260465,Beatriz Nascimento Mendes,35,Quimica,Salinas,SP,8.99
20260466,Flavia Nunes,47,Engenharia de Software,Coronel Fabriciano,GO,9.17
20260467,Lucas Pereira Lima Souza,28,Engenharia Eletrica,Uberlandia,ES,7.37
20260468,Joao Ribeiro Brito,42,Medicina,Governador Valadares,MG,9.23
20260469,Igor Cardoso Ramos Pereira,44,Direito,Januaria,MG,6.28
20260470,Camila Medeiros Medeiros,32,Fisica,Janauba,ES,7.56
20260471,Gabriel Machado Lopes Cardoso,40,Fisica,Coronel Fabriciano,BA,9.11
20260472,Luana Souza Silva,28,Agronomia,Vicosa,DF,7.43
20260473,Natalia Rocha,33,Medicina,Porteirinha,MG,7.48
20260474,Enzo Nunes Lopes,23,Direito,Juiz de Fora,DF,7.81
20260475,Natalia Mendes,38,Engenharia Eletrica,Vicosa,GO,8.2
20260476,Guilherme Oliveira,53,Agronomia,Montes Claros,DF,5.45
20260477,Luana Barbosa Teixeira,53,Analise e Desenvolvimento de Sistemas,Juiz de Fora,SP,6.78
20260478,Pedro Freitas,39,Agronomia,Governador Valadares,ES,7.32
20260479,Joao Pereira Alves,32,Ciencia da Computacao,Janauba,SP,9.07
20260480,Vinicius Monteiro Moura Andrade,24,Ciencia da Computacao,Teofilo Otoni,RJ,5.69
20260481,Guilherme Alves Soares Brito,30,Analise e Desenvolvimento de Sistemas,Pirapora,DF,6.93
20260482,Nicolas Dias Alves,44,Ciencia da Computacao,Curvelo,MG,8.78
20260483,Amanda Teixeira Lima,49,Ciencia da Computacao,Lavras,GO,5.24
20260484,Amanda Cardoso Teixeira Ribeiro,55,Sistemas de Informacao,Almenara,MG,6.9
20260485,Alexandre Teixeira Moreira,44,Matematica,Diamantina,SP,6.95
20260486,Vinicius Mendes Lima,26,Administracao,Governador Valadares,GO,9.34
20260487,Leticia Rocha Monteiro,31,Analise e Desenvolvimento de Sistemas,Belo Horizonte,ES,8.5
20260488,Igor Ribeiro Teixeira,52,Quimica,Janauba,GO,5.57
20260489,Matheus Pinto Medeiros,44,Fisica,Ouro Preto,SP,9.3
20260490,Ana Moura Alves,19,Administracao,Almenara,MG,8.28
20260491,Lucas Vieira,34,Sistemas de Informacao,Januaria,GO,8.84
20260492,Felipe Oliveira Nascimento,46,Engenharia Eletrica,Governador Valadares,DF,8.31
20260493,Pedro Monteiro Moreira,33,Agronomia,Brasilia de Minas,GO,8.26
20260494,Enzo Marques Rocha Monteiro,21,Ciencia da Computacao,Porteirinha,BA,8.04
20260495,Joao Almeida Andrade Pinto,52,Quimica,Governador Valadares,BA,8.8
20260496,Vinicius Mendes Ribeiro Rodrigues,29,Sistemas de Informacao,Lavras,MG,6.85
20260497,Leticia Soares Lima,28,Matematica,Porteirinha,MG,6.62
20260498,Juliana Oliveira Gomes Rocha,21,Fisica,Governador Valadares,DF,8.24
20260499,Thiago Monteiro Nascimento,22,Quimica,Janauba,ES,6.08
20260500,Eduardo Teixeira,28,Administracao,Ouro Preto,ES,6.98
20260501,Olivia Dias Dias,41,Engenharia de Software,Belo Horizonte,DF,8.03
20260502,Leticia Silva Pereira,40,Direito,Diamantina,GO,8.01
20260503,Carlos Rocha Moreira,25,Administracao,Porteirinha,ES,8.55
20260504,Camila Andrade,50,Agronomia,Juiz de Fora,RJ,5.21
20260505,Nicolas Rocha Teixeira Ferreira,24,Sistemas de Informacao,Ouro Preto,ES,5.04
20260506,Olivia Machado,24,Analise e Desenvolvimento de Sistemas,Ouro Preto,DF,8.44
20260507,Isabela Rodrigues Gomes Santos,47,Quimica,Janauba,MG,5.43
20260508,Samuel Monteiro,22,Matematica,Diamantina,SP,7.0
20260509,Flavia Machado Rocha,19,Administracao,Pirapora,ES,5.03
20260510,Eduardo Pinto Oliveira Rodrigues,40,Agronomia,Pirapora,SP,8.86
20260511,Fernanda Vieira Mendes,42,Administracao,Montes Claros,RJ,5.77
20260512,Flavia Cavalcanti Vieira,27,Engenharia de Software,Sao Francisco,MG,7.71
20260513,Helena Oliveira Silva,54,Matematica,Coronel Fabriciano,ES,7.68
20260514,Olivia Nascimento,31,Administracao,Lavras,BA,5.79
20260515,Samuel Martins Pereira,29,Fisica,Curvelo,DF,5.27
20260516,Leticia Freitas Monteiro Rodrigues,36,Fisica,Salinas,SP,5.48
20260517,Natalia Dias Nascimento Lima,33,Engenharia Eletrica,Brasilia de Minas,ES,5.34
20260518,Natalia Mendes,39,Matematica,Brasilia de Minas,GO,7.86
20260519,Debora Rocha Machado,28,Ciencia da Computacao,Janauba,BA,8.85
20260520,Isabela Fernandes Andrade Lima,39,Direito,Juiz de Fora,RJ,6.76
20260521,Leticia Alves Ribeiro,23,Engenharia de Software,Almenara,ES,5.96
20260522,Eduardo Rodrigues Santos Teixeira,19,Matematica,Curvelo,RJ,8.77
20260523,Carlos Monteiro Soares,52,Agronomia,Vicosa,GO,8.8
20260524,Pedro Pinto Vieira,26,Direito,Lavras,ES,5.44
20260525,Ana Lopes Brito,28,Agronomia,Almenara,RJ,5.78
20260526,Thiago Gomes Cardoso,40,Ciencia da Computacao,Diamantina,DF,7.39
20260527,Debora Almeida,20,Fisica,Belo Horizonte,ES,9.45
20260528,Matheus Freitas Oliveira,20,Fisica,Janauba,MG,8.45
20260529,Tatiana Soares Pinto,52,Matematica,Teofilo Otoni,RJ,8.2
20260530,Eduardo Moura Soares,42,Analise e Desenvolvimento de Sistemas,Lavras,RJ,6.73
20260531,Natalia Cardoso Castro Silva,50,Sistemas de Informacao,Juiz de Fora,BA,6.13
20260532,Tatiana Carvalho Gomes,29,Sistemas de Informacao,Sao Francisco,ES,8.51
20260533,Pedro Marques,39,Quimica,Pirapora,RJ,8.31
20260534,Amanda Costa Marques,19,Analise e Desenvolvimento de Sistemas,Januaria,BA,7.81
20260535,Rodrigo Oliveira,54,Sistemas de Informacao,Januaria,BA,6.27
20260536,Flavia Castro,54,Fisica,Montes Claros,GO,8.57
20260537,Fernanda Carvalho Mendes Castro,48,Direito,Teofilo Otoni,BA,9.07
20260538,Amanda Ribeiro Brito,50,Engenharia de Software,Teofilo Otoni,GO,8.36
20260539,Gustavo Pinto Rodrigues Almeida,42,Administracao,Almenara,MG,5.08
20260540,Rodrigo Marques Gomes,24,Sistemas de Informacao,Vicosa,ES,7.94
20260541,Felipe Teixeira Pereira Ferreira,48,Fisica,Almenara,ES,7.64
20260542,Isabela Moura,44,Medicina,Januaria,GO,7.6
20260543,Matheus Moreira Nascimento,55,Quimica,Curvelo,MG,7.08
20260544,Pedro Ferreira Vieira,52,Administracao,Porteirinha,BA,5.03
20260545,Ana Medeiros Moura Pereira,51,Ciencia da Computacao,Coronel Fabriciano,GO,6.01
20260546,Guilherme Andrade Alves Gomes,45,Fisica,Curvelo,SP,6.28
20260547,Thiago Andrade Brito,35,Fisica,Coronel Fabriciano,DF,6.0
20260548,Leticia Cardoso Ribeiro,41,Agronomia,Ouro Preto,RJ,6.24
20260549,Caio Nunes Lima,25,Quimica,Diamantina,RJ,8.84
20260550,Gabriel Carvalho Teixeira Nunes,39,Agronomia,Governador Valadares,GO,8.35
20260551,Enzo Silva,23,Sistemas de Informacao,Vicosa,ES,7.13
20260552,Pedro Andrade,23,Matematica,Januaria,GO,6.88
20260553,Luana Moura Vieira Castro,21,Sistemas de Informacao,Vicosa,RJ,5.05
20260554,Camila Vieira Martins Oliveira,50,Agronomia,Diamantina,ES,5.83
20260555,Rafaela Silva,28,Engenharia Eletrica,Porteirinha,DF,6.96
20260556,Flavia Pinto Martins,51,Ciencia da Computacao,Salinas,MG,7.69
20260557,Leticia Pinto Nascimento Nascimento,35,Analise e Desenvolvimento de Sistemas,Governador Valadares,BA,7.23
20260558,Ana Soares Ribeiro,44,Agronomia,Pirapora,ES,5.35
20260559,Helena Teixeira Soares,52,Matematica,Porteirinha,GO,7.17
20260560,Matheus Lopes Dias,47,Fisica,Juiz de Fora,ES,9.22
20260561,Samuel Rodrigues Moreira,32,Fisica,Diamantina,DF,6.55
20260562,Camila Cavalcanti Silva Soares,33,Engenharia de Software,Salinas,RJ,8.3
20260563,Eduardo Monteiro Ribeiro Cardoso,38,Medicina,Belo Horizonte,ES,6.32
20260564,Nicolas Ramos Martins Lopes,33,Engenharia de Software,Belo Horizonte,BA,5.99
20260565,Luana Nascimento Gomes,24,Engenharia Eletrica,Salinas,GO,9.68
20260566,Ana Cavalcanti Oliveira,48,Medicina,Governador Valadares,SP,7.41
20260567,Thiago Fernandes Ramos Ribeiro,50,Engenharia de Software,Coronel Fabriciano,BA,8.68
20260568,Camila Machado,48,Agronomia,Januaria,ES,6.7
20260569,Mariana Freitas Pereira Moura,47,Medicina,Montes Claros,MG,8.3
20260570,Gabriel Rocha Andrade,34,Sistemas de Informacao,Ouro Preto,SP,6.16
20260571,Luana Dias Andrade,29,Direito,Uberlandia,BA,7.05
20260572,Debora Nunes Fernandes Mendes,29,Matematica,Almenara,ES,8.36
20260573,Tatiana Lopes Monteiro Machado,42,Analise e Desenvolvimento de Sistemas,Almenara,DF,9.7
20260574,Ana Ribeiro,44,Direito,Almenara,DF,8.09
20260575,Alexandre Ramos Barbosa,34,Agronomia,Curvelo,MG,6.95
20260576,Daniela Carvalho Soares,48,Fisica,Pirapora,RJ,8.65
20260577,Debora Monteiro Monteiro,34,Medicina,Montes Claros,RJ,5.59
20260578,Gustavo Martins Medeiros Medeiros,52,Sistemas de Informacao,Brasilia de Minas,SP,6.59
20260579,Joao Ferreira Moreira,36,Direito,Almenara,DF,5.82
20260580,Beatriz Marques Brito Medeiros,43,Engenharia Eletrica,Salinas,BA,6.68
20260581,Vinicius Fernandes Castro,43,Engenharia de Software,Juiz de Fora,DF,9.23
20260582,Amanda Moura Mendes,44,Sistemas de Informacao,Teofilo Otoni,DF,5.11
20260583,Samuel Ferreira Carvalho Costa,43,Engenharia Eletrica,Pirapora,MG,9.59
20260584,Daniela Santos Nunes,51,Engenharia Eletrica,Pirapora,SP,8.03
20260585,Enzo Barbosa,32,Analise e Desenvolvimento de Sistemas,Brasilia de Minas,RJ,8.07
20260586,Lucas Santos,20,Fisica,Sao Francisco,DF,9.48
20260587,Larissa Cavalcanti Fernandes Monteiro,46,Sistemas de Informacao,Ouro Preto,BA,7.9
20260588,Thiago Machado Moura,52,Engenharia de Software,Sao Francisco,RJ,7.64
20260589,Joao Barbosa Andrade Marques,34,Sistemas de Informacao,Brasilia de Minas,MG,5.0
20260590,Igor Nascimento Vieira Cardoso,52,Ciencia da Computacao,Vicosa,DF,7.34
20260591,Isabela Vieira,32,Ciencia da Computacao,Ouro Preto,SP,5.92
20260592,Isabela Nunes Lopes Costa,42,Administracao,Diamantina,SP,5.39
20260593,Camila Brito Fernandes,36,Fisica,Ouro Preto,DF,6.32
20260594,Eduardo Ribeiro,26,Engenharia de Software,Pirapora,GO,7.23
20260595,Luana Ramos Martins,38,Ciencia da Computacao,Almenara,MG,9.75
20260596,Gabriel Vieira,35,Sistemas de Informacao,Juiz de Fora,GO,5.04
20260597,Ana Ramos,31,Medicina,Uberlandia,SP,8.85
20260598,Debora Freitas Oliveira,39,Engenharia Eletrica,Almenara,MG,6.31
20260599,Felipe Cardoso Ribeiro,30,Engenharia de Software,Coronel Fabriciano,DF,5.06
20260600,Rafaela Moreira Mendes Lopes,20,Analise e Desenvolvimento de Sistemas,Juiz de Fora,GO,8.78
20260601,Olivia Cardoso Moreira,37,Medicina,Teofilo Otoni,GO,8.57
20260602,Leticia Moura Pereira Soares,48,Fisica,Brasilia de Minas,BA,6.77
20260603,Olivia Pereira,33,Fisica,Uberlandia,SP,5.07
20260604,Amanda Pereira Nunes Lopes,18,Ciencia da Computacao,Curvelo,DF,8.38
20260605,Juliana Andrade Ferreira,33,Sistemas de Informacao,Vicosa,MG,8.36
20260606,Daniela Souza Nascimento,27,Quimica,Ouro Preto,DF,5.53
20260607,Alexandre Monteiro Nascimento,46,Quimica,Belo Horizonte,MG,8.38
20260608,Igor Soares Oliveira,49,Quimica,Juiz de Fora,ES,6.44
20260609,Nicolas Medeiros Ribeiro,52,Medicina,Janauba,GO,7.3
20260610,Gustavo Monteiro Costa Rodrigues,51,Sistemas de Informacao,Juiz de Fora,SP,9.02
20260611,Larissa Silva Teixeira,42,Quimica,Teofilo Otoni,MG,8.04
20260612,Luana Lopes Rocha,22,Fisica,Ouro Preto,DF,6.9
20260613,Natalia Monteiro Gomes,36,Medicina,Uberlandia,GO,6.58
20260614,Eduardo Oliveira,26,Sistemas de Informacao,Januaria,BA,5.52
20260615,Carlos Medeiros,42,Fisica,Vicosa,ES,8.06
20260616,Daniela Andrade Almeida,22,Ciencia da Computacao,Belo Horizonte,GO,7.41
20260617,Fernanda Freitas Souza Andrade,53,Quimica,Uberlandia,DF,6.81
20260618,Luana Fernandes Moura Oliveira,22,Engenharia de Software,Salinas,BA,9.71
20260619,Pedro Cavalcanti,42,Analise e Desenvolvimento de Sistemas,Belo Horizonte,ES,8.22
20260620,Mariana Monteiro Monteiro,44,Quimica,Pirapora,DF,8.13
20260621,Larissa Machado Alves,28,Sistemas de Informacao,Ouro Preto,RJ,7.47
20260622,Felipe Castro Mendes,40,Medicina,Ouro Preto,SP,9.14
20260623,Isabela Rocha Castro,33,Matematica,Ouro Preto,BA,6.84
20260624,Samuel Andrade Mendes,46,Administracao,Montes Claros,GO,5.17
20260625,Bruno Moura Lima,37,Ciencia da Computacao,Brasilia de Minas,BA,6.05
20260626,Tatiana Monteiro Teixeira,53,Matematica,Curvelo,BA,5.46
20260627,Juliana Lima Soares,41,Matematica,Diamantina,BA,6.26
20260628,Thiago Nunes Medeiros,31,Quimica,Salinas,GO,6.59
20260629,Natalia Medeiros Alves,37,Ciencia da Computacao,Curvelo,RJ,5.38
20260630,Beatriz Nascimento,45,Administracao,Pirapora,DF,8.77
20260631,Gustavo Silva Moreira Souza,37,Agronomia,Januaria,SP,7.65
20260632,Rodrigo Almeida,27,Ciencia da Computacao,Coronel Fabriciano,RJ,8.69
20260633,Fernanda Almeida Machado,36,Administracao,Almenara,BA,6.65
20260634,Daniela Monteiro Nunes,34,Engenharia Eletrica,Coronel Fabriciano,ES,7.13
20260635,Igor Cardoso Monteiro,30,Direito,Coronel Fabriciano,GO,7.8
20260636,Camila Lopes Lopes,22,Engenharia de Software,Uberlandia,SP,8.36
20260637,Helena Marques Machado,41,Medicina,Belo Horizonte,SP,6.69
20260638,Yasmin Costa Nascimento,46,Matematica,Almenara,RJ,5.22
20260639,Nicolas Andrade Gomes Ferreira,25,Quimica,Januaria,BA,9.65
20260640,Vinicius Silva Dias Pereira,37,Direito,Vicosa,MG,6.63
20260641,Olivia Carvalho Cavalcanti Moura,34,Agronomia,Vicosa,ES,8.58
20260642,Bruno Moreira,55,Fisica,Lavras,MG,6.25
20260643,Nicolas Brito,35,Ciencia da Computacao,Juiz de Fora,GO,9.63
20260644,Tatiana Andrade,24,Ciencia da Computacao,Brasilia de Minas,DF,9.33
20260645,Enzo Teixeira Alves,38,Direito,Governador Valadares,ES,5.43
20260646,Larissa Monteiro,19,Ciencia da Computacao,Diamantina,ES,6.49
20260647,Lucas Santos Nascimento,40,Medicina,Brasilia de Minas,BA,9.88
20260648,Tatiana Souza Soares Moreira,19,Agronomia,Porteirinha,BA,5.74
20260649,Igor Ferreira Moreira Moura,32,Administracao,Diamantina,ES,5.75
20260650,Gustavo Dias Mendes Cavalcanti,26,Analise e Desenvolvimento de Sistemas,Almenara,ES,7.65
20260651,Igor Barbosa Moura Lima,45,Sistemas de Informacao,Curvelo,BA,6.56
20260652,Helena Ribeiro Rocha,27,Quimica,Montes Claros,DF,6.56
20260653,Guilherme Barbosa Mendes Fernandes,27,Analise e Desenvolvimento de Sistemas,Pirapora,BA,5.91
20260654,Luana Brito Fernandes Castro,54,Matematica,Diamantina,ES,6.14
20260655,Caio Ferreira Cardoso,26,Agronomia,Governador Valadares,RJ,8.49
20260656,Enzo Ramos Cardoso,26,Sistemas de Informacao,Belo Horizonte,BA,5.16
20260657,Ana Fernandes Marques Almeida,30,Analise e Desenvolvimento de Sistemas,Salinas,BA,9.54
20260658,Luana Ramos Rocha Freitas,33,Administracao,Coronel Fabriciano,DF,5.2
20260659,Enzo Rocha Nunes Brito,54,Matematica,Ouro Preto,ES,8.14
20260660,Carlos Moura Alves Mendes,47,Ciencia da Computacao,Diamantina,ES,7.64
20260661,Carlos Monteiro Moreira Moura,21,Analise e Desenvolvimento de Sistemas,Brasilia de Minas,RJ,6.95
20260662,Vinicius Freitas Costa,45,Engenharia de Software,Governador Valadares,MG,8.38
20260663,Larissa Mendes Ferreira Teixeira,25,Sistemas de Informacao,Curvelo,GO,7.68
20260664,Alexandre Mendes Santos,29,Direito,Curvelo,GO,9.39
20260665,Fernanda Soares Rocha Costa,25,Engenharia Eletrica,Pirapora,GO,7.2
20260666,Camila Moreira Teixeira,28,Administracao,Ouro Preto,RJ,5.22
20260667,Beatriz Medeiros,27,Sistemas de Informacao,Almenara,BA,8.77
20260668,Yasmin Barbosa,46,Engenharia de Software,Teofilo Otoni,MG,9.4
20260669,Ana Brito Soares Silva,47,Direito,Vicosa,ES,8.96
20260670,Natalia Lopes Carvalho,55,Fisica,Vicosa,RJ,7.01
20260671,Gustavo Silva,33,Agronomia,Porteirinha,ES,8.08
20260672,Olivia Souza Ribeiro Gomes,21,Fisica,Sao Francisco,MG,5.71
20260673,Thiago Castro,37,Medicina,Salinas,MG,5.53
20260674,Lucas Vieira Brito Castro,54,Agronomia,Teofilo Otoni,RJ,8.67
20260675,Carlos Ferreira Barbosa,38,Medicina,Coronel Fabriciano,DF,5.33
20260676,Leticia Rodrigues Vieira,48,Sistemas de Informacao,Pirapora,GO,9.21
20260677,Guilherme Moura Carvalho,31,Matematica,Januaria,MG,7.8
20260678,Camila Ferreira Cardoso Castro,36,Administracao,Governador Valadares,DF,6.55
20260679,Luana Nascimento Lima,54,Direito,Lavras,GO,8.1
20260680,Mariana Brito Almeida,36,Analise e Desenvolvimento de Sistemas,Montes Claros,MG,5.12
20260681,Helena Carvalho Brito,44,Administracao,Januaria,SP,6.71
20260682,Olivia Silva Martins Vieira,34,Engenharia Eletrica,Brasilia de Minas,SP,7.48
20260683,Ana Pereira Dias,39,Administracao,Curvelo,ES,9.7
20260684,Nicolas Dias Dias Cardoso,48,Ciencia da Computacao,Almenara,RJ,5.76
20260685,Felipe Dias Freitas,44,Quimica,Januaria,DF,7.55
20260686,Alexandre Monteiro Cavalcanti,19,Analise e Desenvolvimento de Sistemas,Curvelo,GO,6.63
20260687,Caio Rodrigues Gomes Fernandes,19,Medicina,Coronel Fabriciano,GO,7.62
20260688,Gustavo Moreira,29,Matematica,Pirapora,DF,8.83
20260689,Alexandre Oliveira Fernandes,44,Engenharia Eletrica,Vicosa,BA,6.82
20260690,Yasmin Carvalho Moura Barbosa,29,Engenharia Eletrica,Sao Francisco,DF,5.18
20260691,Fernanda Mendes Teixeira,19,Direito,Lavras,BA,5.93
20260692,Camila Barbosa Rocha Gomes,24,Agronomia,Almenara,BA,8.55
20260693,Camila Pereira Silva,37,Ciencia da Computacao,Governador Valadares,DF,5.43
20260694,Carlos Alves Moura,37,Ciencia da Computacao,Curvelo,DF,6.53
20260695,Alexandre Martins Martins Vieira,35,Agronomia,Janauba,DF,7.16
20260696,Juliana Costa,35,Engenharia Eletrica,Montes Claros,ES,7.74
20260697,Felipe Nascimento,53,Medicina,Porteirinha,BA,9.62
20260698,Thiago Lopes Costa Rodrigues,37,Matematica,Janauba,ES,7.17
20260699,Matheus Souza,24,Administracao,Januaria,MG,7.09
20260700,Gustavo Pinto,46,Matematica,Sao Francisco,SP,6.63
20260701,Felipe Ferreira,47,Matematica,Almenara,MG,8.98
20260702,Larissa Alves Freitas Barbosa,47,Direito,Diamantina,BA,5.7
20260703,Samuel Andrade Nunes Ribeiro,39,Medicina,Juiz de Fora,RJ,5.15
20260704,Caio Cardoso Freitas,28,Engenharia de Software,Sao Francisco,ES,7.82
20260705,Flavia Alves Rocha,53,Fisica,Salinas,DF,6.48
20260706,Amanda Marques Lopes,33,Agronomia,Teofilo Otoni,RJ,6.88
20260707,Amanda Machado Machado,54,Medicina,Ouro Preto,GO,6.16
20260708,Eduardo Medeiros Ramos,25,Matematica,Governador Valadares,RJ,6.59
20260709,Joao Ribeiro,37,Administracao,Salinas,ES,5.53
20260710,Enzo Rocha Ramos Souza,23,Analise e Desenvolvimento de Sistemas,Almenara,ES,9.43
20260711,Ana Gomes Gomes,46,Agronomia,Brasilia de Minas,RJ,8.02
20260712,Olivia Rocha Barbosa,54,Fisica,Brasilia de Minas,RJ,8.52
20260713,Fernanda Pinto Silva Brito,50,Administracao,Almenara,DF,6.44
20260714,Leticia Souza Silva,53,Medicina,Pirapora,DF,6.38
20260715,Isabela Pinto,43,Fisica,Janauba,GO,6.88
20260716,Felipe Carvalho Ribeiro,48,Sistemas de Informacao,Belo Horizonte,ES,6.88
20260717,Guilherme Gomes Vieira Lima,26,Ciencia da Computacao,Salinas,GO,5.08
20260718,Natalia Machado Lima Ferreira,26,Fisica,Uberlandia,DF,7.23
20260719,Gustavo Machado Brito Ribeiro,47,Agronomia,Uberlandia,ES,9.02
20260720,Pedro Ribeiro Machado,18,Matematica,Vicosa,DF,8.58
20260721,Tatiana Marques Cavalcanti Medeiros,41,Ciencia da Computacao,Januaria,ES,7.37
20260722,Amanda Cardoso Ferreira,27,Quimica,Lavras,DF,9.82
20260723,Larissa Moura Ferreira Moura,23,Analise e Desenvolvimento de Sistemas,Vicosa,GO,8.63
20260724,Eduardo Cavalcanti Pinto Barbosa,21,Medicina,Ouro Preto,DF,5.05
20260725,Matheus Medeiros Dias,44,Medicina,Brasilia de Minas,SP,5.82
20260726,Gustavo Barbosa Medeiros,34,Ciencia da Computacao,Vicosa,ES,5.83
20260727,Vinicius Brito,19,Engenharia de Software,Vicosa,MG,5.62
20260728,Tatiana Soares,26,Matematica,Porteirinha,SP,9.2
20260729,Helena Castro,29,Matematica,Almenara,GO,7.19
20260730,Samuel Lopes Ramos Ribeiro,51,Ciencia da Computacao,Janauba,MG,9.74
20260731,Juliana Ramos Marques,42,Analise e Desenvolvimento de Sistemas,Juiz de Fora,GO,8.12
20260732,Caio Souza Soares,25,Ciencia da Computacao,Teofilo Otoni,RJ,6.95
20260733,Felipe Almeida Moreira,42,Direito,Porteirinha,BA,7.6
20260734,Vinicius Mendes Moreira,38,Agronomia,Januaria,MG,9.5
20260735,Isabela Brito Fernandes,39,Engenharia de Software,Porteirinha,DF,5.48
20260736,Flavia Freitas Lopes,55,Analise e Desenvolvimento de Sistemas,Lavras,SP,8.32
20260737,Alexandre Monteiro Silva Silva,22,Ciencia da Computacao,Uberlandia,MG,7.57
20260738,Caio Almeida Vieira,34,Analise e Desenvolvimento de Sistemas,Januaria,MG,8.04
20260739,Gustavo Carvalho,25,Quimica,Pirapora,MG,9.2
20260740,Thiago Ribeiro,25,Quimica,Teofilo Otoni,SP,6.44
20260741,Eduardo Freitas Fernandes,45,Quimica,Janauba,SP,5.79
20260742,Daniela Moreira,42,Medicina,Januaria,SP,9.68
20260743,Joao Rodrigues Ramos,30,Matematica,Coronel Fabriciano,BA,8.16
20260744,Felipe Machado,31,Matematica,Pirapora,RJ,8.51
20260745,Eduardo Rodrigues,54,Quimica,Porteirinha,DF,7.18
20260746,Juliana Silva Oliveira Moreira,35,Sistemas de Informacao,Janauba,RJ,7.82
20260747,Natalia Cardoso Machado,43,Quimica,Salinas,ES,6.11
20260748,Matheus Pereira Medeiros,52,Medicina,Janauba,GO,6.48
20260749,Fernanda Andrade,52,Medicina,Salinas,DF,7.25
20260750,Nicolas Ribeiro Monteiro Oliveira,42,Fisica,Belo Horizonte,SP,8.41
20260751,Caio Ramos Ferreira Mendes,30,Sistemas de Informacao,Januaria,BA,5.12
20260752,Rafaela Ramos Moreira Rodrigues,52,Fisica,Brasilia de Minas,RJ,7.62
20260753,Joao Santos Oliveira Dias,21,Medicina,Januaria,RJ,5.58
20260754,Camila Freitas Cavalcanti Gomes,55,Analise e Desenvolvimento de Sistemas,Salinas,MG,8.6
20260755,Bruno Cardoso Brito,20,Analise e Desenvolvimento de Sistemas,Almenara,MG,5.84
20260756,Yasmin Alves,47,Matematica,Teofilo Otoni,DF,7.9
20260757,Gabriel Pereira Ramos Castro,32,Engenharia Eletrica,Belo Horizonte,RJ,6.65
20260758,Flavia Rocha Pereira Medeiros,52,Sistemas de Informacao,Janauba,DF,9.73
20260759,Carlos Pinto Ribeiro,39,Engenharia Eletrica,Pirapora,SP,5.69
20260760,Debora Monteiro Costa,46,Analise e Desenvolvimento de Sistemas,Curvelo,MG,5.65
20260761,Luana Moreira Costa Santos,49,Engenharia Eletrica,Montes Claros,MG,5.88
20260762,Amanda Vieira,44,Quimica,Vicosa,GO,5.62
20260763,Tatiana Moura,46,Administracao,Diamantina,BA,7.99
20260764,Mariana Ramos,23,Fisica,Brasilia de Minas,SP,7.05
20260765,Nicolas Pereira Moura,24,Matematica,Sao Francisco,DF,8.73
20260766,Pedro Freitas Carvalho,35,Ciencia da Computacao,Belo Horizonte,MG,8.9
20260767,Matheus Ramos Ribeiro,28,Fisica,Januaria,MG,8.16
20260768,Isabela Soares Dias,47,Ciencia da Computacao,Pirapora,GO,5.26
20260769,Lucas Santos Ramos,50,Engenharia Eletrica,Salinas,BA,8.53
20260770,Alexandre Marques Martins,38,Analise e Desenvolvimento de Sistemas,Pirapora,SP,6.12
20260771,Guilherme Martins Moreira,32,Engenharia Eletrica,Vicosa,ES,7.37
20260772,Juliana Carvalho Brito Freitas,29,Administracao,Sao Francisco,BA,7.24
20260773,Caio Fernandes,30,Medicina,Almenara,MG,8.39
20260774,Igor Pereira,47,Direito,Uberlandia,BA,8.73
20260775,Vinicius Castro Costa,28,Matematica,Ouro Preto,DF,6.13
20260776,Camila Ramos Carvalho,55,Direito,Juiz de Fora,SP,5.07
20260777,Rafaela Lopes Rocha,45,Matematica,Diamantina,ES,9.64
20260778,Ana Marques Oliveira Oliveira,48,Quimica,Lavras,MG,7.09
20260779,Gabriel Mendes Ramos,33,Engenharia Eletrica,Ouro Preto,DF,5.06
20260780,Olivia Lima Nascimento Vieira,33,Fisica,Salinas,MG,7.35
20260781,Larissa Medeiros Pinto,19,Direito,Juiz de Fora,DF,5.68
20260782,Mariana Andrade Freitas Silva,22,Administracao,Janauba,ES,5.16
20260783,Tatiana Brito Cavalcanti,54,Analise e Desenvolvimento de Sistemas,Salinas,ES,9.32
20260784,Daniela Teixeira Andrade Souza,25,Administracao,Sao Francisco,RJ,8.03
20260785,Mariana Monteiro Rodrigues,53,Quimica,Belo Horizonte,BA,9.81
20260786,Helena Cardoso Pinto,31,Quimica,Diamantina,SP,6.73
20260787,Isabela Fernandes Souza,22,Medicina,Sao Francisco,RJ,7.38
20260788,Helena Cardoso Cavalcanti,52,Engenharia de Software,Juiz de Fora,ES,6.8
20260789,Eduardo Martins Freitas,23,Engenharia Eletrica,Coronel Fabriciano,BA,6.41
20260790,Gabriel Costa Fernandes Pereira,27,Direito,Almenara,DF,6.0
20260791,Bruno Vieira Marques Cavalcanti,26,Direito,Sao Francisco,RJ,7.17
20260792,Vinicius Martins Rodrigues,19,Analise e Desenvolvimento de Sistemas,Lavras,GO,6.65
20260793,Alexandre Ramos Pinto,51,Agronomia,Juiz de Fora,RJ,6.49
20260794,Yasmin Costa,34,Analise e Desenvolvimento de Sistemas,Vicosa,SP,9.76
20260795,Daniela Gomes Nascimento Vieira,47,Sistemas de Informacao,Governador Valadares,BA,8.49
20260796,Mariana Gomes Costa,33,Engenharia Eletrica,Januaria,SP,7.82
20260797,Debora Ribeiro Carvalho,53,Quimica,Januaria,GO,6.55
20260798,Debora Mendes Cavalcanti,28,Agronomia,Brasilia de Minas,MG,9.51
20260799,Natalia Gomes Freitas,38,Sistemas de Informacao,Montes Claros,GO,7.68
20260800,Vinicius Cardoso Vieira,54,Fisica,Almenara,DF,7.77
20260801,Joao Dias Pereira Cardoso,20,Sistemas de Informacao,Ouro Preto,MG,6.51
20260802,Pedro Mendes Nascimento,23,Medicina,Januaria,ES,8.14
20260803,Pedro Fernandes Martins,19,Engenharia Eletrica,Ouro Preto,DF,7.18
20260804,Fernanda Teixeira Nunes,30,Direito,Janauba,ES,7.96
20260805,Debora Nunes Gomes Machado,41,Administracao,Sao Francisco,MG,6.39
20260806,Joao Monteiro Ferreira,31,Quimica,Juiz de Fora,GO,9.86
20260807,Vinicius Costa Machado Marques,26,Matematica,Governador Valadares,MG,5.7
20260808,Camila Dias Rodrigues,55,Administracao,Salinas,MG,7.01
20260809,Guilherme Ribeiro Monteiro Freitas,54,Sistemas de Informacao,Belo Horizonte,BA,9.08
20260810,Natalia Oliveira Barbosa,55,Engenharia de Software,Vicosa,ES,8.63
20260811,Ana Gomes Soares,37,Fisica,Vicosa,MG,8.2
20260812,Guilherme Ribeiro Ramos Lopes,19,Engenharia Eletrica,Porteirinha,RJ,9.87
20260813,Debora Pinto,48,Matematica,Uberlandia,DF,6.26
20260814,Helena Andrade Teixeira,54,Ciencia da Computacao,Porteirinha,BA,7.85
20260815,Larissa Lima,40,Sistemas de Informacao,Januaria,SP,6.77
20260816,Caio Souza Vieira,36,Agronomia,Salinas,ES,5.95
20260817,Gabriel Castro Costa,52,Medicina,Janauba,DF,9.14
20260818,Tatiana Andrade Alves Cavalcanti,55,Medicina,Almenara,MG,5.67
20260819,Natalia Marques Dias,28,Engenharia Eletrica,Belo Horizonte,BA,7.47
20260820,Leticia Brito Moura Cavalcanti,53,Quimica,Pirapora,RJ,7.26
20260821,Igor Santos,48,Medicina,Brasilia de Minas,GO,6.78
20260822,Gustavo Moura Dias Ribeiro,37,Ciencia da Computacao,Pirapora,BA,5.63
20260823,Pedro Barbosa Lima,31,Sistemas de Informacao,Salinas,RJ,8.39
20260824,Eduardo Santos Cardoso Machado,20,Analise e Desenvolvimento de Sistemas,Pirapora,MG,8.89
20260825,Daniela Cardoso Pereira,34,Ciencia da Computacao,Salinas,SP,8.27
20260826,Helena Castro Carvalho Pinto,30,Sistemas de Informacao,Sao Francisco,MG,5.44
20260827,Tatiana Pinto Nascimento Nascimento,28,Agronomia,Governador Valadares,BA,7.47
20260828,Amanda Silva,51,Analise e Desenvolvimento de Sistemas,Belo Horizonte,SP,5.84
20260829,Ana Alves Carvalho Teixeira,48,Medicina,Curvelo,BA,7.15
20260830,Mariana Nascimento Moreira Machado,31,Agronomia,Diamantina,RJ,5.55
20260831,Helena Freitas Pereira Moura,26,Direito,Sao Francisco,GO,6.41
20260832,Fernanda Rocha Ramos Pereira,42,Engenharia de Software,Juiz de Fora,ES,8.61
20260833,Joao Almeida Monteiro,44,Engenharia de Software,Uberlandia,BA,9.2
20260834,Matheus Andrade Ribeiro Silva,49,Fisica,Pirapora,RJ,7.15
20260835,Fernanda Pereira Gomes,43,Administracao,Curvelo,MG,8.63
20260836,Lucas Rodrigues Andrade Martins,39,Analise e Desenvolvimento de Sistemas,Governador Valadares,DF,9.85
20260837,Isabela Ramos,35,Quimica,Curvelo,ES,6.34
20260838,Flavia Nascimento Cardoso Castro,43,Direito,Lavras,SP,5.72
20260839,Helena Soares Ramos,49,Analise e Desenvolvimento de Sistemas,Almenara,MG,5.49
20260840,Eduardo Ramos,19,Sistemas de Informacao,Coronel Fabriciano,ES,8.33
20260841,Luana Brito,24,Engenharia Eletrica,Lavras,DF,7.41
20260842,Vinicius Ramos Ramos,50,Engenharia de Software,Ouro Preto,SP,8.97
20260843,Bruno Oliveira Machado,25,Administracao,Juiz de Fora,SP,9.18
20260844,Carlos Oliveira Ribeiro,53,Fisica,Brasilia de Minas,GO,5.8
20260845,Yasmin Moreira Ramos,25,Matematica,Vicosa,GO,7.71
20260846,Matheus Cardoso Monteiro,28,Agronomia,Januaria,RJ,6.29
20260847,Enzo Brito Nascimento,36,Medicina,Januaria,MG,7.89
20260848,Debora Nascimento,55,Ciencia da Computacao,Janauba,RJ,5.48
20260849,Caio Marques Nascimento,21,Fisica,Diamantina,BA,6.15
20260850,Fernanda Rodrigues Barbosa,25,Medicina,Teofilo Otoni,MG,7.64
20260851,Isabela Medeiros,50,Administracao,Porteirinha,MG,8.41
20260852,Alexandre Moreira Medeiros,42,Medicina,Curvelo,MG,8.96
20260853,Olivia Dias,49,Agronomia,Janauba,BA,8.01
20260854,Isabela Martins Ramos,22,Agronomia,Belo Horizonte,SP,6.3
20260855,Thiago Nunes Almeida,23,Quimica,Curvelo,MG,7.9
20260856,Thiago Moura Cardoso,45,Analise e Desenvolvimento de Sistemas,Sao Francisco,DF,5.38
20260857,Rodrigo Barbosa Machado Cavalcanti,38,Analise e Desenvolvimento de Sistemas,Uberlandia,RJ,6.23
20260858,Leticia Ribeiro Santos,51,Sistemas de Informacao,Curvelo,RJ,6.04
20260859,Larissa Fernandes Cavalcanti Brito,45,Matematica,Januaria,ES,5.98
20260860,Rafaela Gomes Barbosa,45,Administracao,Janauba,DF,9.07
20260861,Olivia Marques,35,Engenharia de Software,Teofilo Otoni,SP,8.37
20260862,Rafaela Pereira Gomes,30,Ciencia da Computacao,Diamantina,DF,9.05
20260863,Leticia Machado Machado,20,Analise e Desenvolvimento de Sistemas,Teofilo Otoni,SP,5.67
20260864,Tatiana Monteiro Ribeiro,20,Quimica,Vicosa,DF,5.1
20260865,Fernanda Rocha Castro Barbosa,22,Administracao,Sao Francisco,GO,8.22
20260866,Igor Lopes,25,Matematica,Lavras,MG,7.56
20260867,Camila Soares Ramos Ferreira,33,Matematica,Pirapora,DF,8.95
20260868,Amanda Moreira Lopes,45,Analise e Desenvolvimento de Sistemas,Almenara,MG,5.86
20260869,Joao Marques Soares Pinto,21,Direito,Ouro Preto,SP,8.43
20260870,Felipe Machado,48,Fisica,Diamantina,SP,9.31
20260871,Debora Cardoso Andrade Barbosa,19,Fisica,Governador Valadares,MG,9.12
20260872,Daniela Lopes Soares,53,Administracao,Brasilia de Minas,GO,9.7
20260873,Helena Cavalcanti Lopes,46,Administracao,Montes Claros,RJ,9.54
20260874,Yasmin Ferreira Lopes Barbosa,31,Sistemas de Informacao,Juiz de Fora,GO,6.55
20260875,Guilherme Oliveira Fernandes Ferreira,49,Direito,Uberlandia,DF,6.63
20260876,Gabriel Costa Soares,50,Engenharia Eletrica,Sao Francisco,RJ,7.95
20260877,Alexandre Freitas Santos Souza,29,Fisica,Juiz de Fora,DF,8.14
20260878,Nicolas Barbosa,38,Matematica,Salinas,MG,5.77
20260879,Igor Castro Marques,38,Direito,Vicosa,DF,8.6
20260880,Amanda Rocha Vieira,30,Engenharia Eletrica,Uberlandia,SP,5.89
20260881,Thiago Almeida Santos Santos,53,Fisica,Governador Valadares,GO,6.12
20260882,Larissa Martins,34,Quimica,Teofilo Otoni,MG,6.97
20260883,Samuel Gomes Ferreira,41,Sistemas de Informacao,Curvelo,MG,5.07
20260884,Larissa Ramos Pereira,32,Quimica,Belo Horizonte,BA,9.64
20260885,Tatiana Vieira Ramos Moreira,26,Administracao,Belo Horizonte,ES,6.06
20260886,Nicolas Marques Ribeiro Marques,27,Ciencia da Computacao,Brasilia de Minas,SP,6.15
20260887,Rafaela Andrade Pinto,47,Engenharia Eletrica,Montes Claros,RJ,5.65
20260888,Flavia Carvalho Moreira,45,Quimica,Governador Valadares,SP,5.36
20260889,Daniela Dias Lopes,48,Medicina,Governador Valadares,GO,9.74
20260890,Carlos Silva Soares,50,Matematica,Coronel Fabriciano,SP,9.79
20260891,Igor Monteiro Oliveira,55,Sistemas de Informacao,Porteirinha,BA,7.47
20260892,Larissa Lima Ferreira Rocha,51,Administracao,Almenara,SP,5.57
20260893,Igor Ramos,35,Quimica,Sao Francisco,RJ,6.39
20260894,Luana Soares Moura Rocha,45,Sistemas de Informacao,Janauba,GO,9.87
20260895,Juliana Monteiro Mendes Souza,30,Sistemas de Informacao,Januaria,BA,5.9
20260896,Lucas Freitas Machado,25,Direito,Januaria,RJ,6.75
20260897,Natalia Freitas Ramos Pereira,27,Engenharia Eletrica,Sao Francisco,MG,6.0
20260898,Lucas Teixeira Fernandes,54,Fisica,Curvelo,BA,7.86
20260899,Camila Medeiros Ribeiro Marques,22,Analise e Desenvolvimento de Sistemas,Vicosa,GO,5.46
20260900,Vinicius Pereira Nunes,41,Matematica,Pirapora,DF,6.59
20260901,Larissa Cardoso,47,Fisica,Porteirinha,ES,8.22
20260902,Carlos Brito Mendes,38,Quimica,Curvelo,BA,6.04
20260903,Vinicius Rocha,21,Quimica,Salinas,ES,9.66
20260904,Flavia Soares Ribeiro,33,Administracao,Salinas,MG,9.18
20260905,Flavia Vieira,27,Engenharia Eletrica,Brasilia de Minas,RJ,8.93
20260906,Yasmin Castro Lima Nascimento,24,Medicina,Lavras,BA,7.4
20260907,Matheus Fernandes Medeiros Castro,45,Engenharia Eletrica,Uberlandia,DF,6.8
20260908,Isabela Ferreira,20,Agronomia,Janauba,RJ,8.31
20260909,Juliana Ramos Moura,51,Engenharia Eletrica,Brasilia de Minas,RJ,7.14
20260910,Matheus Barbosa Gomes Lima,37,Analise e Desenvolvimento de Sistemas,Lavras,RJ,6.45
20260911,Eduardo Oliveira,50,Engenharia Eletrica,Lavras,RJ,7.02
20260912,Thiago Soares Nascimento,34,Matematica,Salinas,DF,7.47
20260913,Larissa Ribeiro,29,Administracao,Januaria,MG,7.04
20260914,Alexandre Pinto Freitas Mendes,34,Medicina,Teofilo Otoni,BA,5.91
20260915,Gustavo Soares Alves Machado,52,Ciencia da Computacao,Montes Claros,RJ,5.57
20260916,Matheus Freitas,43,Fisica,Governador Valadares,GO,7.38
20260917,Luana Andrade Nunes,37,Engenharia Eletrica,Almenara,BA,5.07
20260918,Bruno Martins,19,Analise e Desenvolvimento de Sistemas,Vicosa,GO,5.71
20260919,Felipe Martins Ferreira,37,Direito,Almenara,RJ,7.07
20260920,Juliana Mendes,49,Direito,Montes Claros,DF,7.2
20260921,Vinicius Medeiros Nunes,21,Medicina,Montes Claros,MG,8.09
20260922,Guilherme Ramos Pinto Castro,53,Engenharia de Software,Januaria,RJ,6.96
20260923,Luana Ramos Almeida,21,Agronomia,Montes Claros,RJ,7.82
20260924,Tatiana Marques Cardoso,25,Direito,Governador Valadares,GO,6.7
20260925,Bruno Costa Vieira,30,Direito,Sao Francisco,RJ,6.14
20260926,Beatriz Castro Freitas,26,Engenharia de Software,Coronel Fabriciano,RJ,9.08
20260927,Debora Cardoso Costa,31,Engenharia de Software,Salinas,GO,7.37
20260928,Lucas Castro,49,Engenharia Eletrica,Uberlandia,RJ,6.49
20260929,Daniela Santos Nascimento,34,Medicina,Teofilo Otoni,BA,9.06
20260930,Carlos Rodrigues Dias Machado,25,Matematica,Diamantina,MG,7.75
20260931,Beatriz Nascimento Oliveira,53,Engenharia de Software,Almenara,DF,8.38
20260932,Gabriel Souza Mendes,47,Engenharia Eletrica,Pirapora,DF,7.99
20260933,Gabriel Monteiro Oliveira Teixeira,24,Sistemas de Informacao,Pirapora,DF,6.01
20260934,Vinicius Mendes Teixeira,49,Quimica,Pirapora,BA,8.17
20260935,Igor Pereira Martins,46,Administracao,Montes Claros,BA,9.09
20260936,Vinicius Teixeira Costa,23,Engenharia de Software,Sao Francisco,GO,8.7
20260937,Rafaela Gomes Moura,44,Analise e Desenvolvimento de Sistemas,Almenara,DF,7.1
20260938,Larissa Moura Andrade Santos,46,Sistemas de Informacao,Montes Claros,GO,8.95
20260939,Fernanda Dias Rocha Nunes,28,Administracao,Januaria,RJ,8.72
20260940,Juliana Medeiros Souza,51,Engenharia de Software,Uberlandia,RJ,9.34
20260941,Yasmin Rocha Nascimento Silva,35,Agronomia,Governador Valadares,BA,8.43
20260942,Olivia Cavalcanti Brito,46,Quimica,Sao Francisco,DF,8.83
20260943,Nicolas Barbosa Ferreira,20,Agronomia,Janauba,RJ,8.55
20260944,Igor Moura Cavalcanti Vieira,31,Engenharia Eletrica,Lavras,ES,6.53
20260945,Lucas Santos Santos,52,Matematica,Porteirinha,BA,9.08
20260946,Isabela Teixeira Pereira,21,Medicina,Porteirinha,GO,7.49
20260947,Helena Mendes,37,Matematica,Montes Claros,RJ,6.66
20260948,Amanda Medeiros Cavalcanti,32,Medicina,Brasilia de Minas,SP,8.27
20260949,Thiago Lima Moreira Moura,33,Engenharia Eletrica,Janauba,ES,7.85
20260950,Debora Freitas Alves Gomes,45,Administracao,Salinas,MG,5.3
20260951,Matheus Carvalho Mendes Rodrigues,41,Fisica,Lavras,RJ,7.88
20260952,Flavia Soares Pinto,49,Fisica,Uberlandia,RJ,8.38
20260953,Guilherme Costa Gomes Teixeira,26,Direito,Juiz de Fora,BA,9.74
20260954,Camila Pereira Carvalho,47,Direito,Januaria,GO,5.77
20260955,Helena Castro Marques,25,Engenharia Eletrica,Sao Francisco,ES,6.42
20260956,Helena Andrade Barbosa,41,Engenharia de Software,Brasilia de Minas,RJ,5.14
20260957,Amanda Marques,21,Engenharia de Software,Brasilia de Minas,BA,5.9
20260958,Ana Pereira Monteiro Nascimento,22,Ciencia da Computacao,Uberlandia,RJ,7.81
20260959,Beatriz Moreira Cardoso,26,Sistemas de Informacao,Lavras,GO,7.26
20260960,Joao Gomes Rocha,23,Matematica,Governador Valadares,RJ,6.9
20260961,Beatriz Cavalcanti Oliveira Mendes,35,Fisica,Salinas,DF,5.81
20260962,Yasmin Monteiro,25,Fisica,Ouro Preto,MG,5.94
20260963,Thiago Souza Medeiros,51,Analise e Desenvolvimento de Sistemas,Vicosa,ES,9.39
20260964,Felipe Ribeiro,19,Engenharia de Software,Belo Horizonte,BA,9.07
20260965,Amanda Mendes Ferreira Cavalcanti,38,Administracao,Curvelo,MG,7.41
20260966,Beatriz Machado Ribeiro Marques,19,Agronomia,Janauba,RJ,6.26
20260967,Gabriel Cavalcanti,28,Engenharia de Software,Almenara,BA,6.25
20260968,Yasmin Marques,28,Ciencia da Computacao,Governador Valadares,SP,5.89
20260969,Yasmin Moreira Alves Rocha,27,Administracao,Janauba,SP,6.84
20260970,Helena Souza Martins Lopes,55,Analise e Desenvolvimento de Sistemas,Vicosa,ES,8.69
20260971,Helena Fernandes Souza,38,Direito,Ouro Preto,RJ,5.32
20260972,Pedro Santos,35,Agronomia,Curvelo,GO,5.5
20260973,Igor Barbosa Medeiros Marques,46,Engenharia Eletrica,Lavras,BA,8.84
20260974,Felipe Costa,33,Agronomia,Uberlandia,ES,7.21
20260975,Larissa Brito,36,Fisica,Teofilo Otoni,MG,5.29
20260976,Tatiana Castro Soares Moreira,40,Fisica,Belo Horizonte,ES,9.12
20260977,Lucas Cavalcanti Medeiros,22,Engenharia de Software,Salinas,RJ,8.42
20260978,Leticia Fernandes Machado Carvalho,50,Medicina,Janauba,GO,6.28
20260979,Joao Fernandes Lopes Rocha,39,Analise e Desenvolvimento de Sistemas,Juiz de Fora,ES,6.61
20260980,Igor Silva Castro Cardoso,18,Ciencia da Computacao,Teofilo Otoni,RJ,7.72
20260981,Natalia Nunes Cavalcanti,23,Fisica,Salinas,ES,5.15
20260982,Joao Pereira Nascimento Moreira,40,Administracao,Teofilo Otoni,DF,8.76
20260983,Ana Pereira Freitas,41,Analise e Desenvolvimento de Sistemas,Juiz de Fora,MG,6.09
20260984,Tatiana Nascimento,30,Engenharia Eletrica,Governador Valadares,GO,6.49
20260985,Pedro Ramos Andrade Oliveira,35,Direito,Governador Valadares,BA,5.03
20260986,Flavia Pereira Fernandes Medeiros,50,Direito,Teofilo Otoni,ES,5.95
20260987,Gustavo Medeiros Ribeiro Rodrigues,55,Sistemas de Informacao,Salinas,BA,6.27
20260988,Pedro Moura Fernandes,30,Fisica,Montes Claros,GO,8.32
20260989,Leticia Freitas Silva,45,Fisica,Januaria,DF,9.6
20260990,Guilherme Fernandes Pereira,51,Direito,Vicosa,SP,7.53
20260991,Pedro Souza,35,Administracao,Ouro Preto,RJ,6.55
20260992,Beatriz Ferreira Medeiros,19,Quimica,Diamantina,GO,7.08
20260993,Rafaela Martins,28,Medicina,Brasilia de Minas,MG,8.07
20260994,Matheus Machado,19,Matematica,Janauba,DF,6.23
20260995,Rafaela Dias,21,Medicina,Lavras,DF,6.16
20260996,Gustavo Brito,46,Engenharia Eletrica,Juiz de Fora,ES,5.61
20260997,Carlos Moreira Rocha Rodrigues,26,Ciencia da Computacao,Juiz de Fora,MG,6.48
20260998,Eduardo Alves Souza,53,Ciencia da Computacao,Brasilia de Minas,DF,6.87
20260999,Guilherme Almeida,18,Direito,Coronel Fabriciano,RJ,8.9
20261000,Luana Alves Dias Santos,47,Agronomia,Janauba,ES,5.94
20261001,Gustavo Rodrigues,55,Analise e Desenvolvimento de Sistemas,Curvelo,BA,8.12
20261002,Guilherme Cardoso Brito,46,Sistemas de Informacao,Diamantina,BA,8.91
20261003,Yasmin Pinto,45,Agronomia,Sao Francisco,SP,7.86
20261004,Juliana Gomes Cardoso,37,Matematica,Janauba,SP,6.81
20261005,Amanda Gomes,21,Analise e Desenvolvimento de Sistemas,Lavras,DF,9.09
20261006,Isabela Nascimento Martins Martins,30,Engenharia Eletrica,Janauba,BA,8.27
20261007,Larissa Castro Dias,55,Matematica,Janauba,ES,6.47
20261008,Gabriel Freitas Oliveira,49,Analise e Desenvolvimento de Sistemas,Montes Claros,GO,6.09
20261009,Luana Carvalho Lopes,48,Quimica,Janauba,DF,8.63
20261010,Mariana Silva Andrade,18,Engenharia Eletrica,Sao Francisco,MG,7.72
20261011,Joao Martins,55,Medicina,Januaria,MG,5.98
20261012,Pedro Soares Ribeiro,39,Agronomia,Diamantina,BA,5.96
20261013,Samuel Alves,19,Fisica,Almenara,RJ,8.21
20261014,Beatriz Carvalho Barbosa Freitas,33,Medicina,Sao Francisco,GO,5.84
20261015,Luana Machado Rodrigues,25,Sistemas de Informacao,Almenara,DF,5.93
20261016,Debora Rocha Castro,45,Fisica,Diamantina,MG,8.74
20261017,Felipe Vieira Gomes,38,Analise e Desenvolvimento de Sistemas,Januaria,GO,8.9
20261018,Rodrigo Pinto Ramos Carvalho,23,Direito,Governador Valadares,MG,5.82
20261019,Rodrigo Andrade Ramos,51,Direito,Teofilo Otoni,SP,8.49
20261020,Matheus Ramos Cardoso,35,Matematica,Coronel Fabriciano,GO,9.51
20261021,Carlos Carvalho Almeida,30,Direito,Diamantina,RJ,6.07
20261022,Enzo Medeiros Costa,41,Engenharia de Software,Ouro Preto,MG,5.66
20261023,Joao Moura,40,Analise e Desenvolvimento de Sistemas,Curvelo,MG,7.28
20261024,Isabela Mendes Freitas,45,Administracao,Sao Francisco,DF,7.44
20261025,Bruno Ribeiro Mendes,32,Engenharia de Software,Salinas,SP,9.42
20261026,Rodrigo Teixeira Cavalcanti,23,Engenharia de Software,Diamantina,MG,5.58
20261027,Felipe Martins Dias,30,Fisica,Janauba,SP,6.48
20261028,Tatiana Martins Castro Lima,52,Engenharia de Software,Montes Claros,DF,6.47
20261029,Flavia Nunes Pinto Silva,48,Fisica,Lavras,DF,9.66
20261030,Pedro Almeida Carvalho Cardoso,32,Agronomia,Curvelo,DF,7.71
20261031,Larissa Dias Ferreira,38,Analise e Desenvolvimento de Sistemas,Uberlandia,DF,9.62
20261032,Joao Mendes Monteiro,19,Medicina,Almenara,ES,9.28
20261033,Ana Ramos Nascimento,39,Analise e Desenvolvimento de Sistemas,Uberlandia,RJ,8.36
20261034,Felipe Barbosa Rocha,55,Ciencia da Computacao,Curvelo,DF,5.16
20261035,Beatriz Medeiros,54,Administracao,Coronel Fabriciano,BA,9.65
20261036,Enzo Martins,48,Engenharia Eletrica,Janauba,ES,9.71
20261037,Yasmin Ferreira Costa,24,Fisica,Ouro Preto,BA,5.16
20261038,Natalia Santos Ribeiro,30,Engenharia Eletrica,Coronel Fabriciano,SP,6.01
20261039,Camila Rodrigues Freitas,21,Medicina,Lavras,MG,5.84
20261040,Guilherme Nunes Costa Pereira,26,Agronomia,Uberlandia,RJ,8.64
20261041,Olivia Lima Carvalho,37,Administracao,Vicosa,BA,7.96
20261042,Amanda Martins Teixeira Freitas,35,Analise e Desenvolvimento de Sistemas,Montes Claros,BA,7.18
20261043,Gustavo Lopes Moura Dias,54,Direito,Juiz de Fora,RJ,7.82
20261044,Vinicius Freitas Nascimento Barbosa,43,Matematica,Teofilo Otoni,RJ,6.22
20261045,Isabela Freitas Moreira Ribeiro,54,Engenharia Eletrica,Coronel Fabriciano,GO,9.63
20261046,Lucas Fernandes Cavalcanti,36,Fisica,Salinas,GO,8.56
20261047,Natalia Marques Monteiro Pereira,41,Engenharia Eletrica,Pirapora,ES,8.76
20261048,Joao Costa Soares,31,Agronomia,Januaria,RJ,5.13
20261049,Larissa Moreira Dias,43,Analise e Desenvolvimento de Sistemas,Coronel Fabriciano,MG,5.05
20261050,Igor Rocha,47,Direito,Juiz de Fora,MG,5.4
20261051,Joao Lima Cardoso,35,Sistemas de Informacao,Teofilo Otoni,DF,5.09
20261052,Vinicius Pereira,52,Quimica,Coronel Fabriciano,BA,5.38
20261053,Tatiana Gomes Mendes Nascimento,29,Analise e Desenvolvimento de Sistemas,Januaria,GO,7.61
20261054,Daniela Moura Alves,42,Quimica,Brasilia de Minas,RJ,5.26
20261055,Enzo Martins,33,Medicina,Diamantina,BA,5.45
20261056,Ana Dias Martins,22,Analise e Desenvolvimento de Sistemas,Pirapora,DF,9.09
20261057,Lucas Oliveira Marques,50,Engenharia Eletrica,Janauba,SP,7.75
20261058,Olivia Cavalcanti,43,Administracao,Pirapora,BA,6.05
20261059,Mariana Silva Nunes,38,Ciencia da Computacao,Coronel Fabriciano,BA,7.25
20261060,Tatiana Brito,41,Ciencia da Computacao,Salinas,BA,7.01
20261061,Natalia Alves Cavalcanti Medeiros,28,Engenharia de Software,Pirapora,ES,6.59
20261062,Enzo Lima Dias,29,Fisica,Janauba,DF,8.27
20261063,Bruno Castro,55,Direito,Coronel Fabriciano,ES,8.14
20261064,Amanda Silva Almeida,19,Matematica,Pirapora,SP,6.16
20261065,Rafaela Brito Ferreira,21,Sistemas de Informacao,Sao Francisco,RJ,6.45
20261066,Olivia Oliveira,33,Quimica,Governador Valadares,RJ,8.62
20261067,Tatiana Rocha Oliveira,51,Administracao,Brasilia de Minas,DF,5.12
20261068,Beatriz Dias Lopes Carvalho,52,Ciencia da Computacao,Diamantina,DF,8.37
20261069,Gustavo Moreira Moura Rocha,29,Direito,Montes Claros,MG,9.26
20261070,Nicolas Souza,27,Analise e Desenvolvimento de Sistemas,Almenara,MG,5.85
20261071,Olivia Lopes Teixeira,23,Administracao,Juiz de Fora,SP,5.8
20261072,Isabela Ribeiro,33,Engenharia de Software,Brasilia de Minas,ES,7.2
20261073,Tatiana Cardoso Ferreira,41,Administracao,Coronel Fabriciano,BA,7.31
20261074,Luana Machado Gomes,48,Ciencia da Computacao,Coronel Fabriciano,RJ,9.18
20261075,Yasmin Castro Cavalcanti Gomes,53,Quimica,Teofilo Otoni,SP,6.86
20261076,Vinicius Moreira Monteiro,48,Engenharia Eletrica,Janauba,BA,8.5
20261077,Nicolas Silva,18,Agronomia,Sao Francisco,RJ,6.98
20261078,Flavia Andrade Moreira,49,Engenharia de Software,Curvelo,MG,7.0
20261079,Helena Moreira,54,Sistemas de Informacao,Belo Horizonte,DF,7.14
20261080,Caio Teixeira Ramos,41,Quimica,Januaria,GO,6.89
20261081,Rafaela Lopes Cardoso,20,Medicina,Montes Claros,GO,8.26
20261082,Gustavo Freitas,27,Engenharia de Software,Diamantina,ES,7.83
20261083,Lucas Silva Pereira,23,Fisica,Coronel Fabriciano,RJ,8.46
20261084,Fernanda Moura Martins Machado,28,Administracao,Porteirinha,GO,6.48
20261085,Enzo Pinto Barbosa Marques,23,Engenharia Eletrica,Curvelo,DF,8.91
20261086,Tatiana Carvalho Nunes Barbosa,18,Sistemas de Informacao,Vicosa,MG,5.47
20261087,Guilherme Moura Marques Vieira,45,Sistemas de Informacao,Teofilo Otoni,SP,5.91
20261088,Natalia Ribeiro,50,Engenharia Eletrica,Juiz de Fora,ES,8.99
20261089,Daniela Ribeiro,30,Engenharia de Software,Uberlandia,RJ,8.07
20261090,Lucas Ferreira Vieira,23,Administracao,Pirapora,SP,5.31
20261091,Rafaela Cardoso,49,Fisica,Pirapora,MG,5.3
20261092,Ana Pinto Oliveira Alves,31,Agronomia,Montes Claros,RJ,7.95
20261093,Tatiana Ramos Cardoso Dias,45,Medicina,Sao Francisco,GO,9.36
20261094,Rafaela Andrade Nunes Moreira,21,Medicina,Janauba,DF,5.49
20261095,Flavia Lima Santos,25,Agronomia,Porteirinha,GO,8.68
20261096,Joao Brito Cardoso,50,Administracao,Belo Horizonte,MG,9.83
20261097,Alexandre Santos Andrade Oliveira,38,Fisica,Juiz de Fora,BA,7.97
20261098,Luana Ferreira Nascimento,45,Direito,Pirapora,GO,6.89
20261099,Juliana Moura Medeiros,50,Ciencia da Computacao,Almenara,RJ,8.9
20261100,Leticia Freitas Costa,46,Engenharia Eletrica,Vicosa,GO,7.65
20261101,Lucas Ferreira Alves,45,Quimica,Montes Claros,BA,9.55
20261102,Enzo Fernandes Almeida,34,Fisica,Vicosa,GO,5.6
20261103,Felipe Ramos,23,Quimica,Janauba,DF,6.1
20261104,Gustavo Rodrigues Dias,42,Quimica,Coronel Fabriciano,GO,8.15
20261105,Isabela Almeida Almeida,34,Engenharia Eletrica,Brasilia de Minas,MG,5.55
20261106,Amanda Martins Pereira,54,Medicina,Almenara,DF,6.54
20261107,Ana Barbosa Souza,55,Agronomia,Belo Horizonte,DF,6.9
20261108,Debora Lima Moura,55,Analise e Desenvolvimento de Sistemas,Pirapora,RJ,5.05
20261109,Alexandre Gomes Vieira Almeida,49,Fisica,Juiz de Fora,BA,7.95
20261110,Carlos Castro,38,Engenharia de Software,Lavras,GO,5.6
20261111,Thiago Cardoso Carvalho Ramos,36,Quimica,Coronel Fabriciano,MG,9.81
20261112,Olivia Almeida Souza,29,Direito,Coronel Fabriciano,SP,9.82
20261113,Lucas Santos Monteiro,43,Medicina,Uberlandia,GO,7.32
20261114,Flavia Nunes Rodrigues,51,Quimica,Brasilia de Minas,SP,8.41
20261115,Leticia Nunes,24,Sistemas de Informacao,Janauba,DF,8.88
20261116,Daniela Barbosa Freitas Costa,54,Sistemas de Informacao,Juiz de Fora,GO,7.36
20261117,Olivia Carvalho Martins Silva,41,Quimica,Curvelo,MG,8.32
20261118,Juliana Moreira Machado Costa,21,Engenharia Eletrica,Sao Francisco,RJ,5.88
20261119,Rodrigo Dias,55,Administracao,Almenara,GO,8.54
20261120,Helena Lopes Nunes,49,Engenharia de Software,Governador Valadares,BA,8.2
20261121,Fernanda Freitas Moreira,35,Fisica,Juiz de Fora,SP,5.06
20261122,Helena Ramos,50,Analise e Desenvolvimento de Sistemas,Montes Claros,ES,7.81
20261123,Tatiana Alves Pinto,29,Administracao,Vicosa,GO,8.44
20261124,Igor Alves Rocha,22,Quimica,Ouro Preto,BA,6.99
20261125,Flavia Monteiro Cavalcanti Moura,49,Engenharia Eletrica,Lavras,DF,7.87
20261126,Helena Carvalho Pereira Ribeiro,29,Ciencia da Computacao,Ouro Preto,RJ,8.92
20261127,Igor Medeiros,31,Fisica,Teofilo Otoni,MG,7.76
20261128,Carlos Ferreira Pereira Teixeira,37,Medicina,Ouro Preto,BA,7.07
20261129,Ana Lopes Barbosa Oliveira,51,Engenharia de Software,Ouro Preto,RJ,5.69
20261130,Alexandre Moura Nascimento,52,Agronomia,Belo Horizonte,GO,5.49
20261131,Rafaela Oliveira Martins Gomes,37,Analise e Desenvolvimento de Sistemas,Almenara,ES,7.71
20261132,Tatiana Lima Brito,45,Engenharia Eletrica,Ouro Preto,SP,6.28
20261133,Lucas Nunes Freitas,23,Engenharia de Software,Uberlandia,GO,5.7
20261134,Tatiana Martins Andrade,54,Fisica,Lavras,ES,5.8
20261135,Alexandre Machado Moreira Santos,33,Engenharia Eletrica,Porteirinha,MG,7.6
20261136,Guilherme Rodrigues Dias,23,Medicina,Janauba,DF,6.34
20261137,Pedro Fernandes Silva Alves,42,Analise e Desenvolvimento de Sistemas,Coronel Fabriciano,MG,8.84
20261138,Camila Barbosa,55,Direito,Pirapora,ES,6.71
20261139,Vinicius Monteiro Fernandes,24,Ciencia da Computacao,Teofilo Otoni,SP,9.64
20261140,Caio Cavalcanti Monteiro,43,Direito,Curvelo,BA,6.27
20261141,Juliana Lima Gomes,42,Matematica,Porteirinha,MG,9.5
20261142,Debora Lopes Castro,44,Quimica,Juiz de Fora,BA,7.15
20261143,Larissa Teixeira Vieira,35,Administracao,Lavras,GO,9.32
20261144,Yasmin Ferreira Barbosa Marques,38,Engenharia Eletrica,Salinas,MG,8.58
20261145,Lucas Medeiros Souza Ferreira,36,Agronomia,Vicosa,DF,9.28
20261146,Isabela Teixeira Lima Cardoso,49,Agronomia,Ouro Preto,GO,5.61
20261147,Nicolas Silva,45,Quimica,Ouro Preto,GO,6.69
20261148,Camila Castro Oliveira Castro,46,Sistemas de Informacao,Lavras,BA,5.86
20261149,Igor Teixeira Nascimento,21,Administracao,Vicosa,RJ,5.84
20261150,Beatriz Lopes Cavalcanti Pereira,36,Engenharia de Software,Vicosa,SP,6.3
20261151,Thiago Nunes,31,Engenharia de Software,Lavras,DF,9.38
20261152,Luana Ramos Souza Nascimento,18,Matematica,Juiz de Fora,SP,6.46
20261153,Caio Ribeiro,43,Medicina,Montes Claros,MG,7.11
20261154,Camila Teixeira,27,Administracao,Pirapora,RJ,5.03
20261155,Samuel Almeida Cardoso Nunes,41,Engenharia de Software,Sao Francisco,RJ,9.37
20261156,Tatiana Alves Mendes,46,Sistemas de Informacao,Almenara,SP,8.66
20261157,Nicolas Pereira,30,Engenharia de Software,Januaria,BA,6.93
20261158,Carlos Costa Martins Cardoso,35,Engenharia Eletrica,Uberlandia,RJ,7.7
20261159,Igor Rocha Nunes Teixeira,42,Sistemas de Informacao,Pirapora,MG,8.88
20261160,Caio Teixeira,18,Fisica,Diamantina,MG,8.32
20261161,Gustavo Silva Machado,48,Engenharia de Software,Brasilia de Minas,RJ,5.4
20261162,Luana Gomes Teixeira,29,Analise e Desenvolvimento de Sistemas,Porteirinha,DF,5.56
20261163,Rafaela Machado Martins,48,Quimica,Pirapora,GO,8.58
20261164,Nicolas Pinto Gomes,32,Engenharia Eletrica,Almenara,RJ,5.19
20261165,Juliana Machado Santos Brito,30,Engenharia Eletrica,Januaria,RJ,7.0
20261166,Pedro Almeida Dias,45,Direito,Januaria,ES,7.09
20261167,Helena Fernandes,41,Engenharia de Software,Sao Francisco,GO,7.05
20261168,Daniela Ribeiro Oliveira,18,Ciencia da Computacao,Janauba,BA,6.4
20261169,Gustavo Alves Machado,29,Engenharia de Software,Vicosa,SP,6.64
20261170,Ana Monteiro,26,Medicina,Sao Francisco,GO,8.97
20261171,Amanda Moura Castro Andrade,33,Fisica,Porteirinha,BA,7.86
20261172,Gabriel Lima,25,Ciencia da Computacao,Curvelo,GO,9.01
20261173,Joao Alves,22,Agronomia,Governador Valadares,SP,6.48
20261174,Nicolas Cavalcanti Gomes,20,Sistemas de Informacao,Belo Horizonte,RJ,7.7
20261175,Leticia Nascimento Andrade,46,Fisica,Pirapora,RJ,5.33
20261176,Rodrigo Santos Costa,35,Quimica,Almenara,SP,5.22
20261177,Nicolas Nunes Ramos,52,Agronomia,Salinas,BA,7.14
20261178,Leticia Moreira Nunes,35,Analise e Desenvolvimento de Sistemas,Teofilo Otoni,MG,5.78
20261179,Ana Teixeira Freitas,50,Quimica,Lavras,SP,6.49
20261180,Tatiana Monteiro Pereira,28,Analise e Desenvolvimento de Sistemas,Januaria,ES,6.17
20261181,Juliana Fernandes,26,Engenharia de Software,Januaria,GO,9.8
20261182,Olivia Cavalcanti Pereira Silva,40,Fisica,Governador Valadares,SP,6.59
20261183,Leticia Soares Lima Marques,36,Medicina,Januaria,GO,9.0
20261184,Pedro Fernandes Ribeiro Soares,19,Agronomia,Curvelo,MG,8.54
20261185,Samuel Castro Monteiro,31,Direito,Diamantina,SP,6.32
20261186,Flavia Gomes Mendes,32,Quimica,Uberlandia,SP,5.73
20261187,Natalia Ribeiro Freitas,29,Sistemas de Informacao,Belo Horizonte,ES,7.4
20261188,Vinicius Santos Barbosa Costa,29,Administracao,Governador Valadares,BA,5.34
20261189,Rafaela Freitas,43,Engenharia Eletrica,Lavras,BA,8.56
20261190,Gustavo Alves Moreira Moreira,19,Engenharia Eletrica,Montes Claros,DF,9.07
20261191,Igor Lopes Ferreira Fernandes,27,Fisica,Governador Valadares,MG,8.88
20261192,Gabriel Cavalcanti,39,Quimica,Salinas,BA,5.68
20261193,Joao Costa Barbosa Dias,48,Sistemas de Informacao,Diamantina,MG,7.66
20261194,Felipe Pereira Santos,20,Engenharia Eletrica,Ouro Preto,SP,5.5
20261195,Guilherme Gomes Silva Almeida,19,Analise e Desenvolvimento de Sistemas,Uberlandia,RJ,5.72
20261196,Pedro Moreira Pereira,49,Sistemas de Informacao,Pirapora,BA,5.5
20261197,Caio Rodrigues Brito Dias,25,Medicina,Salinas,MG,7.96
20261198,Camila Dias,29,Fisica,Uberlandia,BA,9.38
20261199,Luana Vieira Nascimento,24,Engenharia de Software,Vicosa,GO,6.81
20261200,Eduardo Silva Gomes,27,Medicina,Almenara,RJ,7.19
20261201,Matheus Rodrigues Pereira Medeiros,45,Quimica,Porteirinha,BA,5.44
20261202,Mariana Moreira Nascimento Rocha,49,Administracao,Vicosa,GO,9.77
20261203,Beatriz Lima Lopes,42,Administracao,Ouro Preto,RJ,7.64
20261204,Felipe Almeida Moreira,23,Matematica,Uberlandia,ES,7.83
20261205,Pedro Ferreira Lopes,41,Ciencia da Computacao,Belo Horizonte,DF,5.08
20261206,Igor Pereira Souza,40,Medicina,Almenara,SP,7.26
20261207,Leticia Marques Lopes Carvalho,32,Ciencia da Computacao,Almenara,MG,9.71
20261208,Enzo Santos Machado Andrade,21,Quimica,Pirapora,GO,7.85
20261209,Gustavo Costa Santos,27,Medicina,Almenara,MG,6.2
20261210,Guilherme Gomes,29,Direito,Almenara,GO,7.58
20261211,Matheus Marques Dias Mendes,18,Engenharia de Software,Pirapora,BA,5.29
20261212,Gustavo Ribeiro Teixeira,28,Ciencia da Computacao,Coronel Fabriciano,DF,7.08
20261213,Larissa Monteiro Soares Medeiros,50,Engenharia de Software,Diamantina,RJ,9.56
20261214,Fernanda Moura Moreira,26,Quimica,Belo Horizonte,RJ,8.03
20261215,Mariana Monteiro Castro,22,Quimica,Juiz de Fora,RJ,6.53
20261216,Enzo Costa Souza,41,Fisica,Uberlandia,BA,6.32
20261217,Debora Castro,39,Ciencia da Computacao,Diamantina,SP,5.8
20261218,Olivia Castro,18,Engenharia de Software,Belo Horizonte,ES,5.99
20261219,Rafaela Fernandes Ferreira Medeiros,54,Ciencia da Computacao,Curvelo,DF,7.37
20261220,Fernanda Barbosa,18,Medicina,Brasilia de Minas,RJ,7.45
20261221,Flavia Nascimento Lima,24,Medicina,Uberlandia,GO,7.47
20261222,Juliana Santos Pinto,42,Direito,Curvelo,DF,9.17
20261223,Juliana Freitas Ferreira,23,Quimica,Diamantina,BA,8.96
20261224,Lucas Teixeira Moura,51,Medicina,Juiz de Fora,DF,5.64
20261225,Luana Machado Oliveira,42,Analise e Desenvolvimento de Sistemas,Belo Horizonte,ES,7.97
20261226,Thiago Ramos Alves Silva,27,Engenharia de Software,Ouro Preto,DF,9.75
20261227,Fernanda Ramos Alves Freitas,38,Sistemas de Informacao,Brasilia de Minas,BA,5.33
20261228,Caio Ferreira Rodrigues,29,Quimica,Juiz de Fora,SP,9.83
20261229,Joao Lima Pereira Medeiros,49,Ciencia da Computacao,Sao Francisco,DF,6.4
20261230,Luana Lima Mendes,41,Agronomia,Governador Valadares,SP,6.83
20261231,Rodrigo Mendes Soares,20,Matematica,Januaria,GO,8.87
20261232,Leticia Silva Gomes,24,Engenharia de Software,Coronel Fabriciano,BA,7.79
20261233,Pedro Moreira Freitas Ferreira,40,Direito,Juiz de Fora,GO,7.62
20261234,Gabriel Ferreira Ribeiro Alves,43,Administracao,Belo Horizonte,RJ,6.61
20261235,Gustavo Ramos Carvalho,48,Engenharia Eletrica,Porteirinha,RJ,5.19
20261236,Matheus Gomes,31,Medicina,Curvelo,MG,9.84
20261237,Daniela Andrade Machado Cardoso,31,Ciencia da Computacao,Belo Horizonte,DF,5.11
20261238,Isabela Fernandes Soares Ribeiro,23,Sistemas de Informacao,Salinas,SP,6.98
20261239,Joao Marques Moura,31,Fisica,Porteirinha,BA,9.07
20261240,Isabela Dias,37,Sistemas de Informacao,Belo Horizonte,SP,9.62
20261241,Felipe Costa Machado,40,Quimica,Curvelo,RJ,9.03
20261242,Gustavo Martins Rodrigues,55,Matematica,Almenara,SP,8.25
20261243,Alexandre Silva Gomes Freitas,27,Direito,Janauba,MG,8.88
20261244,Samuel Moura Silva,46,Sistemas de Informacao,Juiz de Fora,GO,9.75
20261245,Olivia Martins,44,Quimica,Ouro Preto,DF,5.81
20261246,Caio Carvalho Martins,54,Ciencia da Computacao,Sao Francisco,DF,6.78
20261247,Yasmin Teixeira Pereira,49,Fisica,Juiz de Fora,RJ,7.01
20261248,Felipe Machado Moura,39,Engenharia Eletrica,Teofilo Otoni,RJ,7.1
20261249,Gustavo Costa,52,Administracao,Coronel Fabriciano,SP,9.14
20261250,Isabela Vieira Brito,24,Engenharia Eletrica,Pirapora,MG,8.18
20261251,Guilherme Alves Ramos,52,Engenharia Eletrica,Juiz de Fora,ES,7.85
20261252,Vinicius Marques,31,Analise e Desenvolvimento de Sistemas,Juiz de Fora,ES,6.87
20261253,Matheus Pereira,40,Direito,Uberlandia,DF,8.16
20261254,Flavia Silva Andrade Almeida,50,Engenharia de Software,Porteirinha,GO,6.3
20261255,Guilherme Lopes Silva Marques,20,Ciencia da Computacao,Montes Claros,BA,8.87
20261256,Camila Castro Rocha Dias,28,Matematica,Uberlandia,BA,7.72
20261257,Luana Nunes Souza,54,Administracao,Almenara,GO,6.91
20261258,Flavia Rocha Moura Costa,45,Analise e Desenvolvimento de Sistemas,Pirapora,GO,8.93
20261259,Thiago Nunes Soares,53,Sistemas de Informacao,Janauba,BA,5.46
20261260,Ana Pinto,27,Ciencia da Computacao,Governador Valadares,GO,7.66
20261261,Thiago Moreira Santos Lima,47,Fisica,Sao Francisco,BA,6.17
20261262,Yasmin Martins Cavalcanti Lopes,42,Engenharia de Software,Januaria,SP,5.41
20261263,Bruno Pinto,24,Engenharia Eletrica,Juiz de Fora,ES,5.6
20261264,Samuel Ribeiro,23,Engenharia Eletrica,Vicosa,DF,6.77
20261265,Flavia Alves Ramos Santos,44,Engenharia Eletrica,Vicosa,GO,5.37
20261266,Enzo Rocha Mendes,28,Sistemas de Informacao,Brasilia de Minas,MG,9.43
20261267,Gustavo Oliveira Pereira,39,Medicina,Vicosa,ES,7.94
20261268,Camila Soares,25,Analise e Desenvolvimento de Sistemas,Governador Valadares,MG,7.63
20261269,Juliana Carvalho Andrade,25,Analise e Desenvolvimento de Sistemas,Montes Claros,SP,5.68
20261270,Igor Fernandes,35,Direito,Belo Horizonte,MG,6.71
20261271,Vinicius Freitas Ramos,45,Agronomia,Coronel Fabriciano,BA,6.23
20261272,Tatiana Nunes,24,Matematica,Curvelo,SP,5.81
20261273,Natalia Machado Mendes,45,Matematica,Porteirinha,DF,6.56
20261274,Enzo Machado,30,Matematica,Sao Francisco,SP,9.4
20261275,Joao Costa Oliveira Teixeira,34,Matematica,Uberlandia,SP,7.96
20261276,Camila Nascimento Nunes Santos,25,Sistemas de Informacao,Janauba,RJ,8.88
20261277,Eduardo Carvalho Andrade,41,Sistemas de Informacao,Janauba,MG,5.05
20261278,Beatriz Carvalho Freitas,54,Medicina,Diamantina,ES,5.32
20261279,Olivia Moura Carvalho,24,Agronomia,Porteirinha,GO,7.98
20261280,Eduardo Medeiros Marques Machado,38,Medicina,Belo Horizonte,BA,5.24
20261281,Carlos Fernandes Marques,25,Engenharia Eletrica,Juiz de Fora,BA,7.95
20261282,Rafaela Medeiros Santos,36,Ciencia da Computacao,Curvelo,MG,9.47
20261283,Flavia Oliveira Cavalcanti,51,Ciencia da Computacao,Janauba,GO,5.08
20261284,Guilherme Barbosa Fernandes,38,Medicina,Coronel Fabriciano,MG,7.73
20261285,Luana Souza Nunes,37,Quimica,Juiz de Fora,RJ,9.16
20261286,Helena Andrade Brito Alves,19,Analise e Desenvolvimento de Sistemas,Januaria,DF,5.05
20261287,Alexandre Machado,32,Sistemas de Informacao,Salinas,BA,8.55
20261288,Felipe Silva Souza Soares,20,Engenharia Eletrica,Januaria,SP,5.37
20261289,Luana Moreira Fernandes,28,Sistemas de Informacao,Curvelo,RJ,5.59
20261290,Juliana Pinto Marques,46,Fisica,Pirapora,ES,7.59
20261291,Natalia Fernandes Rocha,48,Analise e Desenvolvimento de Sistemas,Salinas,SP,8.75
20261292,Caio Monteiro Lopes Carvalho,22,Engenharia Eletrica,Vicosa,MG,6.04
20261293,Larissa Moreira Martins,49,Engenharia Eletrica,Janauba,BA,8.99
20261294,Rodrigo Rocha Barbosa Freitas,27,Agronomia,Pirapora,BA,6.07
20261295,Joao Brito Teixeira,30,Administracao,Belo Horizonte,MG,6.36
20261296,Yasmin Medeiros,24,Sistemas de Informacao,Juiz de Fora,MG,8.65
20261297,Larissa Ribeiro Fernandes,19,Direito,Lavras,RJ,6.72
20261298,Leticia Ferreira,40,Administracao,Belo Horizonte,BA,6.94
20261299,Beatriz Souza Mendes,35,Medicina,Pirapora,MG,8.18
20261300,Isabela Martins Vieira Martins,43,Sistemas de Informacao,Governador Valadares,SP,7.59
20261301,Isabela Alves Souza,33,Engenharia Eletrica,Diamantina,MG,5.26
20261302,Tatiana Lopes,22,Agronomia,Pirapora,SP,6.11
20261303,Flavia Nunes Nunes,24,Analise e Desenvolvimento de Sistemas,Porteirinha,RJ,6.01
20261304,Caio Vieira Castro Vieira,18,Engenharia Eletrica,Teofilo Otoni,ES,9.45
20261305,Yasmin Lopes Costa,38,Fisica,Salinas,BA,5.92
20261306,Juliana Silva Cardoso Machado,39,Ciencia da Computacao,Teofilo Otoni,SP,9.32
20261307,Ana Castro,40,Direito,Curvelo,MG,7.39
20261308,Helena Oliveira Santos,54,Fisica,Brasilia de Minas,DF,6.12
20261309,Juliana Alves Alves,37,Quimica,Janauba,RJ,7.4
20261310,Felipe Soares Ramos,34,Medicina,Juiz de Fora,MG,9.06
20261311,Beatriz Moura Castro,48,Engenharia Eletrica,Porteirinha,GO,7.54
20261312,Juliana Marques Almeida,27,Medicina,Vicosa,MG,6.2
20261313,Isabela Andrade Carvalho Ferreira,30,Administracao,Pirapora,SP,9.3
20261314,Joao Moura Ribeiro,34,Fisica,Sao Francisco,SP,6.92
20261315,Tatiana Barbosa Martins,20,Matematica,Lavras,GO,6.68
20261316,Isabela Freitas Medeiros,40,Engenharia de Software,Pirapora,MG,7.44
20261317,Larissa Gomes Moura,36,Matematica,Ouro Preto,GO,5.8
20261318,Eduardo Vieira Silva,47,Ciencia da Computacao,Belo Horizonte,SP,9.04
20261319,Natalia Barbosa,18,Administracao,Sao Francisco,GO,9.09
20261320,Igor Nascimento,36,Agronomia,Ouro Preto,BA,9.67
20261321,Juliana Martins Machado Pinto,23,Engenharia de Software,Diamantina,MG,7.32
20261322,Enzo Machado Nunes,24,Engenharia de Software,Brasilia de Minas,ES,6.52
20261323,Alexandre Pinto Lima,30,Engenharia de Software,Almenara,RJ,7.72
20261324,Fernanda Barbosa Medeiros,47,Agronomia,Teofilo Otoni,RJ,8.83
20261325,Gabriel Lima Moura Mendes,38,Agronomia,Sao Francisco,RJ,6.74
20261326,Guilherme Freitas Santos,53,Ciencia da Computacao,Uberlandia,MG,8.7
20261327,Yasmin Lopes Pinto,50,Medicina,Almenara,ES,7.66
20261328,Vinicius Souza Nunes,26,Administracao,Montes Claros,RJ,8.96
20261329,Larissa Souza Ferreira Souza,35,Fisica,Pirapora,SP,7.91
20261330,Thiago Cardoso Dias Souza,25,Quimica,Curvelo,GO,7.5
20261331,Olivia Moura Gomes Monteiro,49,Sistemas de Informacao,Diamantina,GO,8.13
20261332,Yasmin Silva,49,Matematica,Belo Horizonte,MG,5.33
20261333,Helena Moura,24,Analise e Desenvolvimento de Sistemas,Belo Horizonte,MG,7.32
20261334,Joao Nunes Souza Pereira,37,Administracao,Vicosa,BA,9.02
20261335,Felipe Soares Brito Mendes,25,Administracao,Almenara,GO,5.11
20261336,Rafaela Costa,50,Quimica,Ouro Preto,BA,7.33
20261337,Gabriel Pinto Ramos,41,Fisica,Porteirinha,RJ,6.89
20261338,Larissa Marques Machado Gomes,19,Engenharia de Software,Juiz de Fora,MG,7.76
20261339,Yasmin Oliveira,46,Ciencia da Computacao,Sao Francisco,BA,7.29
20261340,Tatiana Silva Costa Nascimento,50,Agronomia,Belo Horizonte,SP,9.42
20261341,Rodrigo Rodrigues Ribeiro,27,Medicina,Curvelo,SP,7.25
20261342,Igor Fernandes Barbosa Nunes,22,Fisica,Vicosa,RJ,9.72
20261343,Mariana Medeiros Teixeira,51,Engenharia de Software,Almenara,GO,6.59
20261344,Caio Pinto Brito Nunes,22,Ciencia da Computacao,Montes Claros,DF,8.59
20261345,Gabriel Ramos Cardoso,38,Analise e Desenvolvimento de Sistemas,Diamantina,MG,9.41
20261346,Enzo Marques,22,Ciencia da Computacao,Governador Valadares,SP,5.56
20261347,Eduardo Mendes Andrade Castro,19,Sistemas de Informacao,Janauba,MG,8.42
20261348,Thiago Monteiro Martins,30,Engenharia de Software,Vicosa,RJ,8.33
20261349,Lucas Machado Moura,30,Engenharia Eletrica,Curvelo,MG,8.08
20261350,Olivia Oliveira Lima,18,Medicina,Uberlandia,ES,7.68
20261351,Mariana Moura,49,Analise e Desenvolvimento de Sistemas,Belo Horizonte,ES,9.06
20261352,Caio Brito Monteiro,26,Engenharia Eletrica,Juiz de Fora,RJ,8.06
20261353,Thiago Ferreira Lima Moura,37,Engenharia Eletrica,Pirapora,RJ,6.13
20261354,Beatriz Santos Almeida,36,Engenharia de Software,Coronel Fabriciano,GO,6.75
20261355,Lucas Vieira Rodrigues Cavalcanti,54,Analise e Desenvolvimento de Sistemas,Lavras,ES,7.45
20261356,Daniela Cavalcanti Pereira,55,Direito,Porteirinha,GO,5.15
20261357,Samuel Martins Dias,21,Sistemas de Informacao,Belo Horizonte,ES,9.0
20261358,Daniela Lopes Ramos,22,Matematica,Governador Valadares,GO,9.09
20261359,Caio Rodrigues Marques Castro,23,Agronomia,Vicosa,BA,6.33
20261360,Carlos Ramos,50,Analise e Desenvolvimento de Sistemas,Sao Francisco,RJ,7.34
20261361,Pedro Santos Souza Santos,30,Agronomia,Governador Valadares,DF,6.86
20261362,Bruno Monteiro Cardoso,21,Administracao,Coronel Fabriciano,GO,5.61
20261363,Leticia Lima Pereira Mendes,25,Matematica,Sao Francisco,SP,5.95
20261364,Daniela Lopes Almeida,23,Matematica,Montes Claros,BA,7.02
20261365,Felipe Medeiros Oliveira Silva,33,Ciencia da Computacao,Salinas,MG,5.62
20261366,Carlos Rocha,40,Matematica,Diamantina,SP,5.64
20261367,Helena Rodrigues Rodrigues,34,Agronomia,Belo Horizonte,RJ,8.46
20261368,Pedro Mendes Barbosa Andrade,53,Engenharia de Software,Diamantina,ES,9.38
20261369,Felipe Teixeira Alves,21,Medicina,Uberlandia,GO,9.66
20261370,Fernanda Carvalho Lima,51,Analise e Desenvolvimento de Sistemas,Brasilia de Minas,GO,7.71
20261371,Juliana Oliveira,33,Quimica,Juiz de Fora,GO,8.74
20261372,Bruno Ramos Oliveira Fernandes,35,Matematica,Coronel Fabriciano,SP,9.05
20261373,Tatiana Brito,42,Direito,Montes Claros,DF,6.87
20261374,Pedro Carvalho Moreira,29,Fisica,Uberlandia,ES,5.26
20261375,Felipe Nascimento Santos,39,Engenharia de Software,Curvelo,BA,8.71
20261376,Luana Machado Machado,21,Engenharia Eletrica,Ouro Preto,RJ,9.67
20261377,Vinicius Cavalcanti Freitas Machado,54,Quimica,Curvelo,DF,7.54
20261378,Enzo Freitas,33,Sistemas de Informacao,Montes Claros,SP,8.92
20261379,Fernanda Lopes Cavalcanti Vieira,39,Matematica,Coronel Fabriciano,MG,8.02
20261380,Samuel Castro Silva,25,Engenharia de Software,Curvelo,GO,6.57
20261381,Mariana Mendes Freitas,19,Direito,Montes Claros,RJ,5.18
20261382,Leticia Carvalho Marques,21,Matematica,Salinas,SP,9.4
20261383,Eduardo Mendes Ribeiro,34,Engenharia de Software,Porteirinha,DF,7.43
20261384,Mariana Gomes Brito,21,Analise e Desenvolvimento de Sistemas,Pirapora,GO,5.19
20261385,Joao Pinto Rocha,20,Agronomia,Diamantina,MG,9.66
20261386,Samuel Santos Nascimento Cavalcanti,20,Matematica,Diamantina,SP,5.53
20261387,Helena Teixeira Rodrigues,33,Analise e Desenvolvimento de Sistemas,Janauba,ES,6.82
20261388,Guilherme Rodrigues Machado Vieira,27,Ciencia da Computacao,Janauba,ES,8.86
20261389,Guilherme Andrade Cardoso,36,Matematica,Montes Claros,BA,6.8
20261390,Juliana Pinto Santos,24,Matematica,Belo Horizonte,DF,6.53
20261391,Rodrigo Pinto Nascimento Carvalho,42,Matematica,Januaria,GO,8.56
20261392,Fernanda Rodrigues Almeida,54,Agronomia,Curvelo,GO,7.69
20261393,Helena Moura Souza,48,Fisica,Lavras,ES,7.16
20261394,Thiago Vieira Lopes,39,Analise e Desenvolvimento de Sistemas,Sao Francisco,BA,7.23
20261395,Helena Lopes Mendes Marques,41,Engenharia Eletrica,Sao Francisco,ES,7.48
20261396,Matheus Castro Almeida Mendes,44,Analise e Desenvolvimento de Sistemas,Curvelo,DF,9.05
20261397,Felipe Lopes,44,Fisica,Curvelo,GO,5.68
20261398,Vinicius Dias Rocha,25,Engenharia Eletrica,Uberlandia,RJ,7.47
20261399,Natalia Martins,29,Direito,Montes Claros,BA,5.59
20261400,Leticia Cardoso Alves,26,Ciencia da Computacao,Uberlandia,MG,8.38
20261401,Igor Teixeira Moura Moreira,45,Medicina,Almenara,RJ,8.41
20261402,Vinicius Pereira Dias,39,Matematica,Governador Valadares,ES,5.53
20261403,Eduardo Nascimento Mendes Marques,46,Quimica,Uberlandia,SP,8.71
20261404,Mariana Pinto Teixeira Ferreira,27,Ciencia da Computacao,Curvelo,ES,6.81
20261405,Enzo Rocha Mendes,29,Agronomia,Curvelo,SP,9.63
20261406,Yasmin Ramos,39,Ciencia da Computacao,Curvelo,ES,9.4
20261407,Isabela Vieira Rocha,42,Medicina,Teofilo Otoni,BA,5.21
20261408,Olivia Machado Moura Fernandes,54,Matematica,Janauba,MG,6.7
20261409,Vinicius Fernandes,49,Direito,Diamantina,BA,6.41
20261410,Gustavo Alves Almeida Fernandes,27,Engenharia Eletrica,Belo Horizonte,ES,9.11
20261411,Bruno Castro Oliveira Cavalcanti,52,Analise e Desenvolvimento de Sistemas,Montes Claros,RJ,9.08
20261412,Olivia Vieira,54,Administracao,Juiz de Fora,ES,5.62
20261413,Helena Pereira Mendes,45,Direito,Porteirinha,MG,9.24
20261414,Helena Nascimento Ferreira Almeida,22,Medicina,Teofilo Otoni,ES,6.64
20261415,Rodrigo Rodrigues Rocha,20,Administracao,Pirapora,GO,8.89
20261416,Leticia Oliveira Silva,33,Sistemas de Informacao,Curvelo,RJ,9.27
20261417,Nicolas Soares Cardoso,27,Direito,Teofilo Otoni,GO,7.43
20261418,Fernanda Moura,31,Ciencia da Computacao,Uberlandia,MG,7.4
20261419,Mariana Oliveira Marques,34,Matematica,Coronel Fabriciano,GO,7.86
20261420,Matheus Moura Ribeiro,37,Analise e Desenvolvimento de Sistemas,Brasilia de Minas,GO,7.38
20261421,Flavia Castro Nascimento Cavalcanti,48,Engenharia de Software,Pirapora,BA,5.55
20261422,Vinicius Marques Mendes Rocha,33,Fisica,Uberlandia,MG,5.86
20261423,Helena Nascimento Nunes Lima,48,Direito,Governador Valadares,RJ,8.37
20261424,Tatiana Teixeira,31,Administracao,Januaria,ES,8.78
20261425,Alexandre Marques Nunes,46,Administracao,Coronel Fabriciano,SP,9.47
20261426,Pedro Dias Oliveira,37,Direito,Uberlandia,BA,7.81
20261427,Olivia Pereira,39,Sistemas de Informacao,Governador Valadares,ES,5.1
20261428,Enzo Ferreira Dias Nascimento,53,Engenharia Eletrica,Januaria,ES,6.03
20261429,Lucas Cavalcanti Nunes,32,Engenharia de Software,Teofilo Otoni,SP,6.62
20261430,Rafaela Silva Oliveira,19,Agronomia,Pirapora,ES,6.95
20261431,Lucas Vieira Barbosa,19,Analise e Desenvolvimento de Sistemas,Diamantina,MG,6.34
20261432,Enzo Nunes,26,Quimica,Porteirinha,DF,5.42
20261433,Guilherme Santos,18,Quimica,Ouro Preto,ES,9.5
20261434,Amanda Nunes,30,Matematica,Brasilia de Minas,DF,6.59
20261435,Bruno Barbosa Fernandes,47,Analise e Desenvolvimento de Sistemas,Pirapora,SP,9.75
20261436,Enzo Vieira Machado,23,Analise e Desenvolvimento de Sistemas,Uberlandia,ES,6.36
20261437,Felipe Teixeira Lopes,42,Ciencia da Computacao,Vicosa,GO,6.93
20261438,Felipe Alves Mendes,32,Matematica,Montes Claros,RJ,8.78
20261439,Matheus Medeiros Alves,37,Medicina,Almenara,DF,8.09
20261440,Leticia Costa,31,Direito,Curvelo,BA,5.41
20261441,Matheus Moura Medeiros,32,Ciencia da Computacao,Vicosa,SP,7.02
20261442,Juliana Oliveira Rocha Medeiros,44,Ciencia da Computacao,Porteirinha,GO,6.03
20261443,Natalia Cavalcanti Ramos,38,Fisica,Diamantina,SP,7.26
20261444,Leticia Ferreira Alves,45,Quimica,Salinas,RJ,5.62
20261445,Camila Pereira,28,Analise e Desenvolvimento de Sistemas,Juiz de Fora,DF,9.76
20261446,Isabela Ramos,28,Fisica,Lavras,RJ,5.69
20261447,Guilherme Nunes Silva Vieira,25,Administracao,Brasilia de Minas,GO,9.52
20261448,Camila Rocha Brito,41,Matematica,Teofilo Otoni,BA,6.42
20261449,Luana Andrade Moura,34,Direito,Juiz de Fora,BA,9.59
20261450,Igor Costa Moura Cardoso,18,Medicina,Uberlandia,BA,5.74
20261451,Ana Barbosa,30,Analise e Desenvolvimento de Sistemas,Pirapora,ES,7.25
20261452,Luana Freitas,28,Engenharia Eletrica,Sao Francisco,GO,7.74
20261453,Ana Martins Fernandes,36,Administracao,Curvelo,GO,6.5
20261454,Flavia Soares Monteiro,52,Fisica,Belo Horizonte,MG,7.9
20261455,Olivia Fernandes,29,Engenharia de Software,Curvelo,MG,5.62
20261456,Enzo Dias Medeiros,55,Matematica,Porteirinha,DF,8.61
20261457,Matheus Carvalho Costa,18,Analise e Desenvolvimento de Sistemas,Belo Horizonte,MG,9.55
20261458,Juliana Costa Cardoso,18,Medicina,Salinas,MG,5.67
20261459,Isabela Cardoso Rocha Barbosa,50,Engenharia Eletrica,Diamantina,ES,6.93
20261460,Matheus Nascimento Barbosa Moura,38,Agronomia,Salinas,ES,9.13
20261461,Tatiana Gomes Machado Monteiro,46,Direito,Porteirinha,GO,5.59
20261462,Caio Ribeiro Santos Andrade,47,Fisica,Sao Francisco,GO,7.08
20261463,Nicolas Moreira Andrade,29,Quimica,Montes Claros,BA,7.17
20261464,Ana Pinto Barbosa,39,Engenharia Eletrica,Sao Francisco,SP,7.46
20261465,Tatiana Oliveira,35,Fisica,Vicosa,RJ,5.22
20261466,Samuel Fernandes Souza,54,Ciencia da Computacao,Vicosa,ES,8.1
20261467,Matheus Cavalcanti Alves,20,Medicina,Montes Claros,ES,9.38
20261468,Mariana Lima,23,Administracao,Pirapora,MG,7.17
20261469,Alexandre Alves Cavalcanti Fernandes,30,Fisica,Governador Valadares,GO,5.08
20261470,Alexandre Costa Pinto Andrade,51,Ciencia da Computacao,Coronel Fabriciano,RJ,9.1
20261471,Eduardo Martins Teixeira,27,Quimica,Porteirinha,MG,5.85
20261472,Gustavo Martins,50,Administracao,Teofilo Otoni,GO,8.66
20261473,Ana Barbosa Fernandes Monteiro,40,Engenharia Eletrica,Janauba,RJ,7.78
20261474,Thiago Freitas Ferreira,25,Engenharia Eletrica,Teofilo Otoni,GO,5.42
20261475,Bruno Costa Silva,31,Fisica,Sao Francisco,RJ,5.4
20261476,Rafaela Barbosa Martins Lima,37,Ciencia da Computacao,Coronel Fabriciano,GO,6.41
20261477,Thiago Rocha Marques,32,Analise e Desenvolvimento de Sistemas,Porteirinha,BA,5.87
20261478,Joao Soares Ferreira,49,Medicina,Curvelo,SP,6.71
20261479,Joao Costa Oliveira,55,Administracao,Almenara,ES,7.79
20261480,Isabela Nascimento Vieira Carvalho,39,Quimica,Lavras,ES,9.07
20261481,Fernanda Teixeira Carvalho Soares,31,Direito,Porteirinha,MG,9.52
20261482,Mariana Cardoso Lima,47,Matematica,Janauba,SP,7.76
20261483,Carlos Rocha Alves,40,Ciencia da Computacao,Teofilo Otoni,RJ,7.33
20261484,Gabriel Ribeiro Nascimento,37,Sistemas de Informacao,Juiz de Fora,ES,5.91
20261485,Luana Freitas,55,Matematica,Uberlandia,GO,6.96
20261486,Samuel Andrade Castro Dias,48,Fisica,Coronel Fabriciano,SP,5.2
20261487,Pedro Teixeira Alves Marques,45,Engenharia de Software,Curvelo,RJ,7.91
20261488,Lucas Barbosa,51,Analise e Desenvolvimento de Sistemas,Curvelo,DF,5.68
20261489,Daniela Ferreira Barbosa,27,Medicina,Juiz de Fora,RJ,5.81
20261490,Juliana Martins,29,Engenharia de Software,Brasilia de Minas,MG,5.9
20261491,Isabela Ferreira Lopes Gomes,53,Medicina,Montes Claros,RJ,5.78
20261492,Leticia Nunes,31,Direito,Coronel Fabriciano,DF,7.27
20261493,Gabriel Moreira Lima,38,Sistemas de Informacao,Coronel Fabriciano,DF,6.6
20261494,Isabela Castro Nunes,52,Engenharia Eletrica,Sao Francisco,RJ,8.28
20261495,Bruno Almeida Castro Ribeiro,33,Medicina,Sao Francisco,SP,7.46
20261496,Gustavo Nunes,22,Fisica,Diamantina,BA,7.45
20261497,Yasmin Machado,23,Medicina,Coronel Fabriciano,GO,5.88
20261498,Yasmin Moreira,48,Ciencia da Computacao,Porteirinha,RJ,5.88
20261499,Camila Alves Freitas,23,Medicina,Pirapora,GO,9.23
20261500,Ana Costa Rocha Lima,54,Agronomia,Coronel Fabriciano,GO,7.23
20261501,Flavia Machado Souza,37,Administracao,Porteirinha,GO,8.11
20261502,Joao Teixeira Andrade,48,Quimica,Janauba,DF,7.62
20261503,Mariana Machado Cavalcanti,42,Fisica,Salinas,BA,5.03
20261504,Amanda Soares Martins Teixeira,47,Administracao,Januaria,RJ,6.38
20261505,Natalia Freitas,41,Ciencia da Computacao,Governador Valadares,GO,6.81
20261506,Vinicius Santos Cavalcanti,35,Sistemas de Informacao,Brasilia de Minas,SP,7.04
20261507,Yasmin Oliveira Castro,25,Medicina,Januaria,ES,8.62
20261508,Fernanda Cavalcanti Alves,26,Quimica,Almenara,GO,7.42
20261509,Caio Freitas Brito Lopes,51,Matematica,Juiz de Fora,MG,5.38
20261510,Juliana Castro Alves,42,Agronomia,Salinas,SP,9.54
20261511,Isabela Nunes Santos Ribeiro,34,Quimica,Salinas,DF,9.47
20261512,Nicolas Medeiros Soares Barbosa,50,Agronomia,Diamantina,GO,8.91
20261513,Matheus Carvalho Machado,35,Quimica,Teofilo Otoni,SP,7.46
20261514,Flavia Ribeiro,36,Engenharia de Software,Montes Claros,RJ,6.01
20261515,Igor Fernandes Fernandes Freitas,38,Engenharia Eletrica,Diamantina,BA,5.09
20261516,Eduardo Brito Vieira,47,Matematica,Uberlandia,GO,7.92
20261517,Matheus Monteiro Silva,39,Medicina,Janauba,SP,9.03
20261518,Natalia Carvalho,52,Quimica,Teofilo Otoni,GO,6.91
20261519,Thiago Ferreira Ramos,53,Medicina,Salinas,BA,8.67
20261520,Yasmin Vieira Rocha,46,Fisica,Juiz de Fora,MG,5.76
20261521,Luana Nascimento Medeiros,45,Administracao,Montes Claros,DF,9.77
20261522,Natalia Lopes Moreira,52,Sistemas de Informacao,Coronel Fabriciano,ES,9.65
20261523,Flavia Carvalho,31,Engenharia Eletrica,Curvelo,SP,5.88
20261524,Flavia Monteiro,44,Medicina,Belo Horizonte,RJ,9.41
20261525,Debora Alves Rocha,50,Agronomia,Ouro Preto,RJ,6.1
20261526,Larissa Vieira Mendes,28,Sistemas de Informacao,Coronel Fabriciano,SP,5.02
20261527,Larissa Ribeiro Alves Moreira,55,Fisica,Uberlandia,RJ,7.01
20261528,Luana Almeida Lima,50,Engenharia Eletrica,Governador Valadares,ES,8.59
20261529,Alexandre Brito Lopes Costa,54,Fisica,Vicosa,GO,5.45
20261530,Gustavo Moreira Monteiro,50,Analise e Desenvolvimento de Sistemas,Teofilo Otoni,RJ,6.81
20261531,Mariana Cardoso Martins Rocha,26,Engenharia de Software,Salinas,MG,6.01
20261532,Rafaela Castro Mendes,33,Sistemas de Informacao,Juiz de Fora,ES,8.14
20261533,Beatriz Costa Lopes Freitas,22,Ciencia da Computacao,Januaria,GO,8.32
20261534,Matheus Moreira Rodrigues Marques,34,Quimica,Ouro Preto,MG,8.51
20261535,Felipe Santos Mendes,48,Quimica,Januaria,SP,8.98
20261536,Carlos Andrade Nunes Teixeira,46,Administracao,Pirapora,MG,5.72
20261537,Amanda Pereira Costa,41,Administracao,Janauba,BA,9.47
20261538,Olivia Soares Alves Dias,22,Direito,Vicosa,DF,6.2
20261539,Vinicius Mendes Dias,46,Quimica,Porteirinha,ES,6.35
20261540,Igor Gomes,51,Engenharia de Software,Montes Claros,BA,9.31
20261541,Vinicius Barbosa Costa,54,Fisica,Brasilia de Minas,RJ,8.49
20261542,Juliana Lima Gomes,36,Administracao,Porteirinha,GO,6.12
20261543,Amanda Barbosa Gomes Pinto,18,Engenharia de Software,Sao Francisco,GO,7.49
20261544,Camila Nunes Cardoso Brito,28,Medicina,Almenara,ES,9.18
20261545,Debora Moreira Ramos,28,Agronomia,Vicosa,BA,7.37
20261546,Eduardo Dias Almeida,37,Analise e Desenvolvimento de Sistemas,Diamantina,BA,6.36
20261547,Helena Martins Nascimento Ramos,47,Matematica,Montes Claros,DF,8.66
20261548,Camila Almeida Martins Andrade,20,Administracao,Pirapora,SP,7.49
20261549,Felipe Cavalcanti Ferreira,21,Direito,Curvelo,ES,6.22
20261550,Mariana Lopes Almeida,47,Sistemas de Informacao,Januaria,ES,6.3
20261551,Nicolas Rodrigues Lima,51,Engenharia de Software,Januaria,BA,6.12
20261552,Amanda Cardoso Freitas,24,Agronomia,Januaria,SP,8.87
20261553,Matheus Pereira,46,Engenharia Eletrica,Vicosa,BA,5.49
20261554,Gustavo Ramos Barbosa,54,Ciencia da Computacao,Curvelo,RJ,9.22
20261555,Joao Martins,55,Fisica,Governador Valadares,DF,7.24
20261556,Guilherme Castro,35,Direito,Teofilo Otoni,SP,7.49
20261557,Yasmin Soares Cavalcanti,33,Medicina,Porteirinha,GO,7.75
20261558,Joao Pereira Ribeiro,49,Ciencia da Computacao,Janauba,ES,7.31
20261559,Eduardo Machado,37,Engenharia Eletrica,Juiz de Fora,SP,8.13
20261560,Mariana Martins Alves,32,Analise e Desenvolvimento de Sistemas,Brasilia de Minas,ES,6.5
20261561,Matheus Alves Barbosa Brito,31,Matematica,Almenara,SP,5.77
20261562,Lucas Costa Brito Costa,38,Agronomia,Vicosa,GO,7.92
20261563,Tatiana Almeida Soares,48,Engenharia de Software,Sao Francisco,BA,6.5
20261564,Alexandre Mendes Barbosa Machado,54,Administracao,Uberlandia,MG,8.73
20261565,Guilherme Nascimento Lima,47,Engenharia de Software,Montes Claros,DF,8.45
20261566,Samuel Vieira Andrade,19,Medicina,Uberlandia,DF,6.87
20261567,Nicolas Carvalho Brito,50,Direito,Porteirinha,MG,5.36
20261568,Matheus Pinto,48,Ciencia da Computacao,Coronel Fabriciano,GO,9.7
20261569,Rafaela Fernandes Castro Pinto,42,Ciencia da Computacao,Pirapora,MG,8.13
20261570,Debora Mendes Vieira,25,Direito,Almenara,GO,5.36
20261571,Guilherme Gomes Gomes Pinto,37,Matematica,Belo Horizonte,ES,5.43
20261572,Thiago Cavalcanti Soares,53,Agronomia,Brasilia de Minas,GO,5.11
20261573,Eduardo Rocha Andrade Mendes,31,Sistemas de Informacao,Janauba,RJ,6.12
20261574,Nicolas Soares Soares,19,Sistemas de Informacao,Pirapora,GO,7.01
20261575,Natalia Souza Moura,21,Agronomia,Sao Francisco,MG,7.77
20261576,Rodrigo Rocha Cavalcanti Ramos,36,Matematica,Janauba,GO,5.33
20261577,Fernanda Monteiro,25,Agronomia,Teofilo Otoni,DF,7.52
20261578,Thiago Freitas Brito Martins,22,Fisica,Uberlandia,DF,6.36
20261579,Juliana Dias Rodrigues,29,Fisica,Curvelo,SP,7.22
20261580,Isabela Santos Nunes Medeiros,36,Ciencia da Computacao,Governador Valadares,DF,6.91
20261581,Alexandre Machado,27,Engenharia de Software,Diamantina,ES,8.31
20261582,Larissa Martins Medeiros,40,Quimica,Curvelo,BA,5.93
20261583,Yasmin Ribeiro,24,Ciencia da Computacao,Ouro Preto,ES,9.63
20261584,Igor Cavalcanti,40,Engenharia Eletrica,Janauba,DF,6.55
20261585,Olivia Martins Barbosa,28,Administracao,Porteirinha,BA,9.59
20261586,Caio Santos Lima,46,Engenharia Eletrica,Coronel Fabriciano,MG,7.18
20261587,Olivia Moreira Souza Mendes,46,Administracao,Belo Horizonte,BA,8.78
20261588,Helena Ferreira Ribeiro,50,Matematica,Lavras,MG,5.8
20261589,Natalia Castro Nascimento,38,Administracao,Belo Horizonte,BA,9.83
20261590,Debora Cardoso Soares Teixeira,25,Direito,Montes Claros,MG,6.86
20261591,Gabriel Nascimento Andrade,37,Engenharia Eletrica,Uberlandia,DF,8.19
20261592,Fernanda Moreira Cardoso,19,Engenharia de Software,Janauba,MG,5.69
20261593,Thiago Silva Lima,51,Sistemas de Informacao,Almenara,GO,7.3
20261594,Gustavo Carvalho,36,Medicina,Governador Valadares,RJ,9.03
20261595,Mariana Moura Gomes,29,Medicina,Pirapora,DF,5.8
20261596,Yasmin Nunes Andrade,34,Matematica,Janauba,MG,8.84
20261597,Matheus Oliveira Gomes,44,Ciencia da Computacao,Ouro Preto,RJ,8.74
20261598,Lucas Costa Alves Silva,40,Analise e Desenvolvimento de Sistemas,Salinas,RJ,9.84
20261599,Matheus Freitas,44,Agronomia,Juiz de Fora,BA,9.2
20261600,Ana Barbosa Cardoso Cardoso,34,Sistemas de Informacao,Janauba,GO,7.65
20261601,Gabriel Cardoso Ramos Medeiros,30,Sistemas de Informacao,Diamantina,ES,5.64
20261602,Pedro Ferreira Alves Nunes,36,Matematica,Pirapora,BA,6.11
20261603,Yasmin Dias,47,Fisica,Curvelo,ES,7.53
20261604,Tatiana Lima Rocha Machado,41,Fisica,Almenara,ES,8.61
20261605,Enzo Souza Martins Ribeiro,18,Sistemas de Informacao,Januaria,DF,8.89
20261606,Alexandre Silva,54,Direito,Vicosa,DF,6.69
20261607,Thiago Nunes Mendes,31,Direito,Governador Valadares,SP,7.67
20261608,Tatiana Teixeira,39,Medicina,Teofilo Otoni,SP,6.67
20261609,Leticia Freitas Alves Dias,51,Engenharia de Software,Salinas,DF,6.79
20261610,Felipe Lima Alves,32,Direito,Pirapora,MG,7.7
20261611,Caio Barbosa Mendes,45,Agronomia,Salinas,DF,9.76
20261612,Rodrigo Martins,27,Fisica,Diamantina,DF,5.08
20261613,Caio Moura Castro Gomes,54,Agronomia,Lavras,MG,8.92
20261614,Pedro Moura Costa,41,Sistemas de Informacao,Pirapora,GO,5.81
20261615,Luana Almeida Gomes,52,Matematica,Uberlandia,DF,5.99
20261616,Flavia Vieira,42,Agronomia,Uberlandia,RJ,7.29
20261617,Yasmin Silva,22,Engenharia de Software,Ouro Preto,GO,6.53
20261618,Luana Castro Rodrigues Souza,44,Sistemas de Informacao,Almenara,RJ,9.03
20261619,Rafaela Nunes Costa Marques,43,Matematica,Belo Horizonte,BA,9.09
20261620,Tatiana Lima,43,Engenharia Eletrica,Curvelo,GO,5.74
20261621,Tatiana Rocha Silva,25,Agronomia,Brasilia de Minas,ES,5.5
20261622,Matheus Almeida Mendes,37,Engenharia Eletrica,Ouro Preto,GO,7.99
20261623,Beatriz Fernandes,20,Administracao,Porteirinha,MG,8.07
20261624,Lucas Ramos Vieira,32,Agronomia,Pirapora,MG,9.89
20261625,Gustavo Andrade Lopes,49,Quimica,Uberlandia,RJ,5.28
20261626,Tatiana Fernandes,34,Fisica,Lavras,SP,7.06
20261627,Caio Ferreira Silva Alves,49,Analise e Desenvolvimento de Sistemas,Curvelo,RJ,6.08
20261628,Tatiana Alves Ramos,53,Matematica,Curvelo,RJ,7.97
20261629,Enzo Oliveira Castro Alves,55,Fisica,Pirapora,ES,5.47
20261630,Rafaela Andrade Pinto Castro,44,Administracao,Januaria,SP,8.17
20261631,Larissa Medeiros Moura,20,Administracao,Uberlandia,GO,9.45
20261632,Mariana Santos Dias,24,Engenharia de Software,Uberlandia,DF,5.14
20261633,Samuel Nascimento Nascimento,40,Analise e Desenvolvimento de Sistemas,Porteirinha,RJ,8.84
20261634,Samuel Costa Carvalho,53,Agronomia,Janauba,GO,6.97
20261635,Mariana Ramos Ferreira,39,Medicina,Governador Valadares,ES,8.63
20261636,Pedro Rocha Barbosa Alves,23,Fisica,Coronel Fabriciano,SP,8.05
20261637,Enzo Martins Soares,49,Medicina,Janauba,DF,7.15
20261638,Lucas Costa Rocha,19,Engenharia Eletrica,Belo Horizonte,ES,6.52
20261639,Leticia Vieira Monteiro,52,Sistemas de Informacao,Coronel Fabriciano,ES,8.41
20261640,Fernanda Castro,43,Engenharia de Software,Almenara,GO,6.67
20261641,Igor Moreira Alves,36,Matematica,Curvelo,MG,6.59
20261642,Carlos Lopes Monteiro,27,Fisica,Porteirinha,MG,7.42
20261643,Pedro Lopes Almeida Mendes,31,Sistemas de Informacao,Montes Claros,SP,6.19
20261644,Luana Cardoso,46,Administracao,Ouro Preto,ES,9.89
20261645,Mariana Moura,55,Administracao,Curvelo,RJ,8.66
20261646,Debora Soares Machado Andrade,41,Analise e Desenvolvimento de Sistemas,Janauba,ES,6.75
20261647,Igor Rocha Lopes Cavalcanti,55,Sistemas de Informacao,Pirapora,DF,9.83
20261648,Felipe Rocha Alves Castro,32,Quimica,Sao Francisco,GO,8.44
20261649,Pedro Freitas Fernandes Medeiros,21,Direito,Governador Valadares,RJ,7.44
20261650,Lucas Santos Monteiro,46,Agronomia,Januaria,SP,7.34
20261651,Eduardo Nascimento Rodrigues Fernandes,54,Engenharia de Software,Montes Claros,GO,7.93
20261652,Igor Nunes Carvalho,46,Engenharia de Software,Ouro Preto,GO,8.31
20261653,Thiago Teixeira Marques,27,Agronomia,Curvelo,SP,9.23
20261654,Daniela Nascimento Pinto Pereira,22,Matematica,Salinas,ES,7.03
20261655,Nicolas Lopes,29,Sistemas de Informacao,Montes Claros,GO,9.55
20261656,Beatriz Ferreira Alves Nunes,54,Quimica,Coronel Fabriciano,DF,7.0
20261657,Igor Dias Ribeiro,24,Engenharia de Software,Sao Francisco,BA,8.47
20261658,Natalia Ferreira Ribeiro Soares,43,Analise e Desenvolvimento de Sistemas,Diamantina,SP,9.83
20261659,Beatriz Mendes Alves,51,Engenharia de Software,Montes Claros,ES,5.3
20261660,Debora Alves Costa,18,Agronomia,Montes Claros,MG,6.6
20261661,Thiago Medeiros Andrade,22,Sistemas de Informacao,Belo Horizonte,GO,8.04
20261662,Olivia Nascimento,24,Fisica,Almenara,ES,6.83
20261663,Joao Ribeiro,50,Sistemas de Informacao,Juiz de Fora,MG,8.05
20261664,Helena Barbosa Vieira Alves,40,Fisica,Teofilo Otoni,ES,7.54
20261665,Natalia Martins Castro Gomes,39,Direito,Ouro Preto,DF,6.91
20261666,Helena Monteiro Rodrigues,39,Analise e Desenvolvimento de Sistemas,Sao Francisco,BA,6.17
20261667,Nicolas Nunes Oliveira Nascimento,21,Direito,Curvelo,MG,9.15
20261668,Alexandre Moura,54,Matematica,Ouro Preto,ES,6.93
20261669,Nicolas Vieira Rocha,26,Direito,Belo Horizonte,SP,9.63
20261670,Isabela Moreira Ferreira,49,Ciencia da Computacao,Vicosa,MG,6.58
20261671,Enzo Barbosa Ramos,36,Fisica,Januaria,ES,9.07
20261672,Fernanda Barbosa,55,Quimica,Curvelo,ES,5.85
20261673,Daniela Cavalcanti Santos,21,Engenharia de Software,Coronel Fabriciano,BA,6.72
20261674,Isabela Teixeira Moura,29,Agronomia,Sao Francisco,GO,8.43
20261675,Gabriel Freitas Ribeiro Almeida,38,Engenharia Eletrica,Belo Horizonte,RJ,6.01
20261676,Ana Oliveira Moreira,31,Quimica,Pirapora,SP,5.02
20261677,Beatriz Ribeiro Moreira,32,Medicina,Coronel Fabriciano,MG,5.76
20261678,Luana Soares Machado,54,Quimica,Brasilia de Minas,BA,9.61
20261679,Tatiana Marques Silva,44,Administracao,Coronel Fabriciano,SP,9.13
20261680,Natalia Soares,18,Fisica,Coronel Fabriciano,MG,8.41
20261681,Pedro Rodrigues Pereira,25,Sistemas de Informacao,Vicosa,MG,5.9
20261682,Samuel Nunes Vieira,52,Engenharia de Software,Brasilia de Minas,DF,7.79
20261683,Helena Nunes,30,Engenharia Eletrica,Ouro Preto,DF,7.44
20261684,Carlos Cardoso,48,Engenharia Eletrica,Pirapora,BA,5.19
20261685,Fernanda Rodrigues Lopes,45,Matematica,Sao Francisco,RJ,8.62
20261686,Carlos Teixeira Martins,31,Quimica,Janauba,MG,7.79
20261687,Beatriz Soares Ribeiro Nascimento,47,Analise e Desenvolvimento de Sistemas,Januaria,RJ,6.86
20261688,Rodrigo Rodrigues Almeida Ribeiro,30,Medicina,Juiz de Fora,MG,9.27
20261689,Rafaela Castro,51,Engenharia de Software,Ouro Preto,BA,5.7
20261690,Daniela Pereira Rodrigues Marques,51,Agronomia,Montes Claros,ES,8.53
20261691,Alexandre Andrade Oliveira Gomes,24,Fisica,Diamantina,MG,6.87
20261692,Enzo Medeiros Pereira,32,Fisica,Januaria,ES,7.67
20261693,Matheus Medeiros,42,Engenharia de Software,Governador Valadares,RJ,7.2
20261694,Natalia Brito Soares Nascimento,47,Direito,Almenara,RJ,7.63
20261695,Juliana Vieira Ribeiro,42,Engenharia de Software,Teofilo Otoni,SP,8.63
20261696,Yasmin Gomes Oliveira,47,Administracao,Ouro Preto,DF,6.11
20261697,Caio Carvalho Nunes,44,Administracao,Juiz de Fora,GO,7.22
20261698,Larissa Andrade Dias Rocha,43,Sistemas de Informacao,Lavras,BA,6.21
20261699,Thiago Martins Brito Andrade,47,Agronomia,Uberlandia,SP,8.16
20261700,Juliana Cardoso Alves,52,Fisica,Juiz de Fora,SP,9.43
20261701,Luana Marques Souza Martins,31,Medicina,Ouro Preto,BA,8.23
20261702,Isabela Ribeiro Mendes Santos,31,Administracao,Curvelo,GO,5.84
20261703,Thiago Gomes Nunes Medeiros,30,Sistemas de Informacao,Uberlandia,SP,7.3
20261704,Igor Ramos Rocha Brito,51,Quimica,Januaria,GO,5.48
20261705,Bruno Silva,21,Medicina,Salinas,SP,9.56
20261706,Juliana Carvalho Barbosa,22,Medicina,Governador Valadares,SP,7.86
20261707,Matheus Dias Ribeiro Vieira,37,Engenharia Eletrica,Ouro Preto,BA,9.41
20261708,Guilherme Pereira,52,Matematica,Uberlandia,BA,7.75
20261709,Tatiana Lopes Pereira,27,Direito,Pirapora,DF,5.19
20261710,Matheus Moreira Cardoso Costa,19,Matematica,Sao Francisco,RJ,7.87
20261711,Bruno Ramos,54,Medicina,Janauba,MG,9.34
20261712,Igor Brito,37,Fisica,Coronel Fabriciano,BA,5.54
20261713,Nicolas Rocha Vieira Ferreira,40,Matematica,Vicosa,MG,8.05
20261714,Lucas Andrade Soares,30,Agronomia,Porteirinha,ES,9.43
20261715,Alexandre Costa,21,Fisica,Diamantina,GO,6.5
20261716,Isabela Dias Oliveira,35,Quimica,Juiz de Fora,GO,5.39
20261717,Igor Brito Silva,54,Ciencia da Computacao,Brasilia de Minas,RJ,5.98
20261718,Enzo Oliveira Fernandes,42,Medicina,Sao Francisco,DF,7.51
20261719,Isabela Marques Dias Lima,40,Quimica,Porteirinha,ES,5.95
20261720,Fernanda Mendes Ferreira,38,Agronomia,Pirapora,MG,8.97
20261721,Gabriel Lopes Rodrigues Ribeiro,41,Engenharia Eletrica,Almenara,ES,8.93
20261722,Eduardo Silva Silva Dias,22,Sistemas de Informacao,Curvelo,GO,9.73
20261723,Beatriz Alves Brito Pereira,21,Quimica,Almenara,BA,9.5
20261724,Mariana Ferreira Ferreira Silva,45,Fisica,Diamantina,BA,5.24
20261725,Alexandre Moura,30,Direito,Belo Horizonte,GO,9.84
20261726,Mariana Cardoso Vieira,55,Ciencia da Computacao,Juiz de Fora,BA,7.49
20261727,Nicolas Soares,27,Agronomia,Curvelo,BA,8.43
20261728,Eduardo Martins Ribeiro Rocha,32,Sistemas de Informacao,Coronel Fabriciano,GO,9.1
20261729,Guilherme Teixeira Vieira,31,Administracao,Porteirinha,DF,6.69
20261730,Ana Soares Vieira,28,Engenharia Eletrica,Januaria,MG,7.42
20261731,Daniela Brito Machado Ferreira,46,Ciencia da Computacao,Salinas,SP,7.88
20261732,Debora Castro Rodrigues Medeiros,34,Quimica,Janauba,RJ,6.75
20261733,Debora Ramos Barbosa Ramos,38,Agronomia,Belo Horizonte,BA,7.88
20261734,Caio Marques,47,Direito,Janauba,DF,9.15
20261735,Larissa Freitas Mendes Gomes,27,Quimica,Coronel Fabriciano,RJ,9.65
20261736,Alexandre Moreira Gomes Nunes,41,Ciencia da Computacao,Uberlandia,DF,9.01
20261737,Juliana Pinto Ribeiro Carvalho,24,Ciencia da Computacao,Coronel Fabriciano,RJ,5.73
20261738,Bruno Ramos Nunes,28,Engenharia de Software,Ouro Preto,SP,6.12
20261739,Natalia Machado Machado,28,Direito,Januaria,SP,9.71
20261740,Alexandre Cardoso,36,Sistemas de Informacao,Diamantina,ES,9.62
20261741,Guilherme Ramos Silva Barbosa,28,Medicina,Brasilia de Minas,GO,8.03
20261742,Gustavo Lima Moura,36,Medicina,Sao Francisco,DF,8.37
20261743,Thiago Cardoso,22,Ciencia da Computacao,Juiz de Fora,SP,7.04
20261744,Alexandre Almeida Rocha,48,Engenharia de Software,Ouro Preto,SP,7.83
20261745,Nicolas Lima Rocha,54,Analise e Desenvolvimento de Sistemas,Curvelo,ES,6.16
20261746,Natalia Medeiros Cardoso Santos,38,Agronomia,Pirapora,RJ,8.68
20261747,Fernanda Moura Ramos,47,Matematica,Porteirinha,MG,7.2
20261748,Tatiana Gomes Andrade Souza,48,Analise e Desenvolvimento de Sistemas,Diamantina,GO,5.01
20261749,Luana Cardoso Monteiro,27,Engenharia de Software,Janauba,RJ,9.83
20261750,Felipe Martins Martins,25,Engenharia de Software,Januaria,GO,9.34
20261751,Rodrigo Vieira Lopes,42,Administracao,Montes Claros,SP,6.28
20261752,Bruno Santos,44,Engenharia Eletrica,Sao Francisco,RJ,8.8
20261753,Joao Moreira Monteiro Costa,46,Medicina,Pirapora,SP,7.23
20261754,Gustavo Freitas,36,Sistemas de Informacao,Curvelo,BA,6.58
20261755,Daniela Rocha,53,Direito,Sao Francisco,BA,6.54
20261756,Leticia Santos Machado Rocha,43,Sistemas de Informacao,Janauba,ES,9.1
20261757,Vinicius Rocha,54,Matematica,Januaria,ES,5.27
20261758,Igor Ramos Rodrigues Rodrigues,26,Sistemas de Informacao,Pirapora,ES,5.8
20261759,Fernanda Andrade Nascimento Dias,23,Administracao,Janauba,DF,5.34
20261760,Daniela Moura Marques,43,Quimica,Almenara,ES,9.03
20261761,Joao Costa Pereira Soares,32,Analise e Desenvolvimento de Sistemas,Januaria,GO,8.35
20261762,Pedro Cardoso,20,Ciencia da Computacao,Diamantina,DF,6.14
20261763,Igor Teixeira,38,Medicina,Coronel Fabriciano,DF,8.11
20261764,Rodrigo Vieira Ramos,19,Fisica,Uberlandia,ES,5.33
20261765,Carlos Carvalho Almeida,55,Direito,Montes Claros,SP,8.44
20261766,Debora Teixeira Costa,43,Analise e Desenvolvimento de Sistemas,Almenara,ES,5.04
20261767,Luana Vieira Fernandes,53,Medicina,Lavras,RJ,5.78
20261768,Gustavo Soares Dias,30,Medicina,Porteirinha,RJ,5.58
20261769,Bruno Mendes Castro,50,Administracao,Belo Horizonte,BA,5.55
20261770,Gabriel Carvalho Martins,54,Quimica,Brasilia de Minas,DF,8.38
20261771,Amanda Barbosa Andrade,47,Ciencia da Computacao,Diamantina,ES,9.36
20261772,Olivia Teixeira Santos Barbosa,18,Analise e Desenvolvimento de Sistemas,Teofilo Otoni,DF,6.64
20261773,Enzo Rocha Freitas,43,Matematica,Teofilo Otoni,RJ,7.35
20261774,Rafaela Rodrigues Brito,24,Ciencia da Computacao,Montes Claros,ES,5.25
20261775,Tatiana Silva,37,Direito,Coronel Fabriciano,GO,7.78
20261776,Daniela Andrade,31,Fisica,Belo Horizonte,RJ,8.64
20261777,Tatiana Marques Santos,37,Ciencia da Computacao,Pirapora,SP,5.7
20261778,Olivia Pereira Santos,48,Sistemas de Informacao,Montes Claros,MG,5.42
20261779,Amanda Monteiro Fernandes,35,Ciencia da Computacao,Curvelo,RJ,5.31
20261780,Olivia Rodrigues Nunes,42,Ciencia da Computacao,Januaria,RJ,7.12
20261781,Mariana Silva Medeiros,20,Fisica,Salinas,DF,9.29
20261782,Matheus Martins Fernandes Santos,35,Analise e Desenvolvimento de Sistemas,Diamantina,GO,7.2
20261783,Carlos Medeiros,45,Agronomia,Vicosa,DF,6.13
20261784,Daniela Vieira Andrade Ferreira,41,Direito,Vicosa,ES,5.8
20261785,Debora Monteiro Cavalcanti,27,Medicina,Sao Francisco,RJ,5.85
20261786,Larissa Nascimento Vieira,27,Fisica,Vicosa,GO,7.66
20261787,Isabela Ferreira Castro,34,Sistemas de Informacao,Janauba,SP,8.16
20261788,Felipe Costa Oliveira,39,Agronomia,Almenara,ES,6.67
20261789,Lucas Medeiros Lima,31,Quimica,Coronel Fabriciano,MG,9.03
20261790,Rodrigo Cavalcanti Oliveira Moura,24,Matematica,Montes Claros,SP,9.58
20261791,Lucas Almeida Dias,49,Engenharia Eletrica,Janauba,GO,9.1
20261792,Flavia Moura Nunes,32,Matematica,Sao Francisco,GO,7.0
20261793,Gabriel Almeida Freitas Gomes,30,Quimica,Montes Claros,DF,9.75
20261794,Natalia Gomes Rodrigues Barbosa,33,Administracao,Brasilia de Minas,DF,6.03
20261795,Nicolas Santos Santos,19,Engenharia de Software,Pirapora,BA,5.91
20261796,Eduardo Rodrigues Soares Mendes,25,Administracao,Sao Francisco,GO,6.97
20261797,Yasmin Dias Moreira,41,Analise e Desenvolvimento de Sistemas,Brasilia de Minas,RJ,8.03
20261798,Luana Pinto Oliveira Ramos,20,Direito,Janauba,SP,5.15
20261799,Enzo Cavalcanti Alves Machado,55,Matematica,Sao Francisco,GO,7.4
20261800,Carlos Ramos,23,Direito,Porteirinha,ES,5.45
20261801,Gabriel Freitas Moreira,39,Analise e Desenvolvimento de Sistemas,Governador Valadares,RJ,5.17
20261802,Joao Carvalho Brito,44,Engenharia Eletrica,Montes Claros,GO,5.63
20261803,Bruno Teixeira Mendes Rodrigues,50,Sistemas de Informacao,Juiz de Fora,SP,8.42
20261804,Felipe Souza Soares,55,Engenharia Eletrica,Lavras,RJ,5.85
20261805,Lucas Oliveira Vieira,39,Administracao,Pirapora,GO,5.76
20261806,Nicolas Cardoso Ramos Lopes,18,Administracao,Teofilo Otoni,DF,6.85
20261807,Pedro Dias Pinto,49,Analise e Desenvolvimento de Sistemas,Juiz de Fora,DF,8.43
20261808,Gabriel Costa Lima Lima,54,Ciencia da Computacao,Juiz de Fora,RJ,6.8
20261809,Bruno Moura Andrade,52,Engenharia Eletrica,Uberlandia,RJ,5.16
20261810,Isabela Rodrigues Rodrigues,23,Engenharia de Software,Sao Francisco,RJ,6.97
20261811,Igor Pereira Santos Costa,23,Matematica,Teofilo Otoni,GO,5.96
20261812,Felipe Andrade Monteiro,34,Direito,Salinas,DF,8.22
20261813,Helena Monteiro Oliveira,32,Analise e Desenvolvimento de Sistemas,Almenara,SP,5.65
20261814,Ana Andrade Souza Teixeira,18,Engenharia Eletrica,Lavras,GO,6.3
20261815,Yasmin Lima Rocha,33,Direito,Belo Horizonte,BA,8.25
20261816,Olivia Alves Ribeiro,42,Agronomia,Ouro Preto,DF,8.94
20261817,Igor Teixeira,27,Engenharia Eletrica,Vicosa,ES,9.85
20261818,Lucas Lopes,44,Fisica,Sao Francisco,BA,9.06
20261819,Isabela Oliveira Rocha,43,Ciencia da Computacao,Belo Horizonte,GO,8.56
20261820,Joao Castro Almeida,26,Direito,Governador Valadares,DF,7.5
20261821,Lucas Lopes Castro,51,Engenharia de Software,Vicosa,DF,5.37
20261822,Guilherme Rodrigues Monteiro,23,Quimica,Almenara,DF,8.14
20261823,Flavia Fernandes Freitas,39,Engenharia de Software,Ouro Preto,ES,6.6
20261824,Matheus Teixeira Ramos,42,Quimica,Curvelo,GO,7.74
20261825,Gustavo Medeiros Lima,48,Medicina,Salinas,GO,7.4
20261826,Camila Brito Rodrigues,34,Fisica,Porteirinha,SP,9.29
20261827,Pedro Rocha Rocha,33,Matematica,Belo Horizonte,SP,9.76
20261828,Beatriz Moura,44,Engenharia de Software,Porteirinha,ES,7.08
20261829,Luana Lima Vieira,30,Fisica,Sao Francisco,GO,7.66
20261830,Larissa Pinto Moura,29,Engenharia Eletrica,Brasilia de Minas,GO,6.21
20261831,Beatriz Ribeiro Ramos,41,Analise e Desenvolvimento de Sistemas,Coronel Fabriciano,RJ,8.51
20261832,Larissa Cavalcanti Dias Gomes,34,Matematica,Salinas,SP,5.61
20261833,Leticia Nunes Silva,22,Analise e Desenvolvimento de Sistemas,Porteirinha,RJ,7.23
20261834,Amanda Fernandes Teixeira Medeiros,44,Analise e Desenvolvimento de Sistemas,Porteirinha,MG,9.81
20261835,Natalia Castro Alves,48,Administracao,Coronel Fabriciano,SP,5.59
20261836,Debora Souza,20,Engenharia Eletrica,Porteirinha,MG,7.69
20261837,Gabriel Machado Carvalho,20,Fisica,Curvelo,MG,5.05
20261838,Luana Fernandes Vieira,45,Analise e Desenvolvimento de Sistemas,Diamantina,BA,8.03
20261839,Tatiana Monteiro Nascimento,33,Sistemas de Informacao,Montes Claros,ES,7.86
20261840,Lucas Moreira Carvalho Cavalcanti,19,Sistemas de Informacao,Salinas,ES,8.63
20261841,Tatiana Ramos Pereira Alves,33,Administracao,Diamantina,BA,7.25
20261842,Mariana Almeida,35,Engenharia Eletrica,Montes Claros,BA,8.29
20261843,Gustavo Moreira Mendes,31,Analise e Desenvolvimento de Sistemas,Pirapora,DF,5.4
20261844,Joao Gomes Moreira Brito,42,Ciencia da Computacao,Ouro Preto,DF,6.33
20261845,Natalia Machado Moura Dias,38,Ciencia da Computacao,Vicosa,ES,8.02
20261846,Gustavo Carvalho Andrade Gomes,22,Matematica,Coronel Fabriciano,BA,8.86
20261847,Alexandre Nascimento Nunes,35,Analise e Desenvolvimento de Sistemas,Brasilia de Minas,BA,6.86
20261848,Bruno Medeiros Lopes Rodrigues,46,Quimica,Montes Claros,RJ,7.8
20261849,Bruno Ramos Machado,46,Administracao,Salinas,RJ,6.25
20261850,Debora Soares Cardoso,28,Sistemas de Informacao,Diamantina,DF,7.87
20261851,Camila Martins Oliveira,42,Medicina,Januaria,DF,6.12
20261852,Lucas Ferreira Brito Monteiro,21,Engenharia de Software,Salinas,ES,9.57
20261853,Vinicius Gomes Machado,35,Sistemas de Informacao,Diamantina,RJ,6.53
20261854,Pedro Ferreira Brito,21,Matematica,Teofilo Otoni,SP,7.68
20261855,Lucas Lopes Santos Martins,22,Engenharia Eletrica,Pirapora,SP,9.0
20261856,Helena Freitas,53,Medicina,Teofilo Otoni,BA,7.61
20261857,Ana Rocha,28,Engenharia de Software,Lavras,DF,5.1
20261858,Daniela Nunes Lima,28,Ciencia da Computacao,Vicosa,BA,9.15
20261859,Gustavo Andrade Medeiros,35,Direito,Diamantina,RJ,5.86
20261860,Rafaela Costa,20,Engenharia Eletrica,Coronel Fabriciano,BA,5.0
20261861,Natalia Nunes Monteiro,52,Quimica,Coronel Fabriciano,ES,7.29
20261862,Camila Nascimento Castro,54,Quimica,Coronel Fabriciano,DF,6.23
20261863,Lucas Teixeira Ramos Lima,20,Analise e Desenvolvimento de Sistemas,Salinas,ES,9.87
20261864,Helena Castro Marques Moreira,42,Engenharia de Software,Sao Francisco,MG,6.54
20261865,Bruno Carvalho,45,Fisica,Almenara,RJ,9.24
20261866,Igor Barbosa Nunes Lopes,27,Ciencia da Computacao,Diamantina,RJ,6.24
20261867,Larissa Andrade Carvalho,47,Sistemas de Informacao,Uberlandia,MG,6.2
20261868,Gabriel Vieira,41,Ciencia da Computacao,Sao Francisco,RJ,9.46
20261869,Isabela Rodrigues Castro Vieira,40,Agronomia,Ouro Preto,RJ,5.2
20261870,Matheus Rodrigues Nascimento Dias,30,Engenharia de Software,Lavras,BA,5.05
20261871,Leticia Fernandes,21,Ciencia da Computacao,Lavras,BA,8.09
20261872,Joao Nunes Dias,47,Medicina,Governador Valadares,SP,6.4
20261873,Camila Pinto,25,Direito,Vicosa,RJ,8.74
20261874,Leticia Medeiros,50,Engenharia Eletrica,Almenara,DF,6.85
20261875,Joao Fernandes Gomes,27,Analise e Desenvolvimento de Sistemas,Salinas,ES,6.88
20261876,Carlos Oliveira Barbosa,18,Sistemas de Informacao,Belo Horizonte,RJ,7.79
20261877,Juliana Machado Monteiro,54,Engenharia de Software,Belo Horizonte,MG,9.86
20261878,Carlos Soares,48,Engenharia Eletrica,Diamantina,RJ,9.48
20261879,Natalia Pereira,23,Fisica,Juiz de Fora,DF,9.41
20261880,Debora Cardoso Soares,54,Agronomia,Ouro Preto,DF,8.64
20261881,Alexandre Moura Gomes,55,Agronomia,Porteirinha,DF,7.91
20261882,Pedro Santos Machado Cardoso,35,Medicina,Lavras,SP,7.44
20261883,Flavia Souza Pinto Barbosa,34,Engenharia Eletrica,Almenara,ES,6.1
20261884,Rafaela Freitas Gomes Alves,52,Agronomia,Sao Francisco,RJ,8.64
20261885,Beatriz Barbosa Ferreira,33,Sistemas de Informacao,Governador Valadares,RJ,9.65
20261886,Alexandre Souza Machado,43,Administracao,Almenara,RJ,7.32
20261887,Debora Pereira,37,Analise e Desenvolvimento de Sistemas,Vicosa,RJ,9.55
20261888,Olivia Nunes Machado,33,Engenharia de Software,Diamantina,ES,8.94
20261889,Gustavo Rocha Pinto,42,Engenharia Eletrica,Pirapora,MG,5.4
20261890,Juliana Cavalcanti Machado Ramos,23,Quimica,Almenara,MG,5.01
20261891,Igor Vieira,41,Fisica,Sao Francisco,GO,7.8
20261892,Yasmin Dias,24,Ciencia da Computacao,Curvelo,MG,9.84
20261893,Nicolas Costa Nunes,49,Engenharia Eletrica,Porteirinha,ES,6.43
20261894,Eduardo Brito Vieira Lima,22,Direito,Governador Valadares,DF,6.27
20261895,Rodrigo Alves Ramos,32,Quimica,Brasilia de Minas,MG,6.93
20261896,Lucas Cardoso Mendes,40,Agronomia,Brasilia de Minas,SP,8.2
20261897,Guilherme Lopes Barbosa Rocha,31,Analise e Desenvolvimento de Sistemas,Juiz de Fora,BA,8.45
20261898,Daniela Pinto,25,Sistemas de Informacao,Pirapora,RJ,5.62
20261899,Vinicius Dias Rocha Pinto,33,Quimica,Vicosa,RJ,7.01
20261900,Leticia Pinto Barbosa Carvalho,48,Fisica,Januaria,SP,5.77
20261901,Eduardo Souza,20,Engenharia de Software,Coronel Fabriciano,BA,8.98
20261902,Flavia Rocha Mendes,26,Medicina,Uberlandia,GO,6.54
20261903,Thiago Ribeiro Silva Costa,34,Administracao,Salinas,RJ,9.29
20261904,Carlos Lima Lopes,50,Matematica,Vicosa,SP,9.45
20261905,Guilherme Oliveira Silva Andrade,39,Matematica,Sao Francisco,SP,5.01
20261906,Rodrigo Martins Carvalho,27,Medicina,Lavras,SP,7.6
20261907,Amanda Brito Brito Martins,45,Quimica,Januaria,RJ,9.72
20261908,Vinicius Cavalcanti Freitas,20,Engenharia de Software,Janauba,MG,7.0
20261909,Eduardo Cardoso Marques,47,Matematica,Curvelo,BA,9.52
20261910,Pedro Mendes Soares Barbosa,20,Analise e Desenvolvimento de Sistemas,Curvelo,SP,6.93
20261911,Pedro Oliveira,32,Direito,Diamantina,RJ,5.01
20261912,Eduardo Fernandes,52,Agronomia,Uberlandia,MG,7.46
20261913,Yasmin Castro Souza Ramos,55,Analise e Desenvolvimento de Sistemas,Ouro Preto,GO,7.71
20261914,Rafaela Moreira Monteiro Dias,29,Agronomia,Belo Horizonte,MG,8.36
20261915,Rafaela Cardoso,19,Engenharia Eletrica,Almenara,GO,8.58
20261916,Vinicius Soares,44,Sistemas de Informacao,Uberlandia,BA,8.57
20261917,Vinicius Barbosa Cavalcanti,53,Fisica,Salinas,MG,9.82
20261918,Ana Lopes Rodrigues Fernandes,29,Engenharia Eletrica,Juiz de Fora,SP,5.6
20261919,Felipe Freitas Teixeira Pereira,48,Fisica,Governador Valadares,SP,8.85
20261920,Fernanda Nascimento Ribeiro,42,Analise e Desenvolvimento de Sistemas,Ouro Preto,SP,8.55
20261921,Luana Ferreira Rodrigues Costa,27,Medicina,Teofilo Otoni,ES,8.99
20261922,Matheus Nascimento Santos,39,Administracao,Uberlandia,MG,8.96
20261923,Flavia Carvalho Costa Martins,48,Matematica,Salinas,GO,6.11
20261924,Natalia Monteiro Freitas,42,Medicina,Sao Francisco,BA,9.41
20261925,Nicolas Silva,54,Medicina,Montes Claros,GO,9.58
20261926,Guilherme Silva Rocha,47,Engenharia Eletrica,Almenara,DF,5.47
20261927,Helena Pinto Lima,48,Direito,Ouro Preto,ES,8.56
20261928,Luana Oliveira Rocha,33,Engenharia de Software,Ouro Preto,DF,7.09
20261929,Gabriel Souza,37,Fisica,Almenara,GO,6.27
20261930,Juliana Fernandes Dias,44,Engenharia Eletrica,Lavras,SP,5.37
20261931,Yasmin Marques Santos,19,Engenharia de Software,Janauba,BA,8.49
20261932,Camila Castro Castro Alves,41,Engenharia Eletrica,Pirapora,SP,8.76
20261933,Helena Ribeiro Medeiros,31,Matematica,Salinas,BA,5.24
20261934,Leticia Cavalcanti Ferreira,53,Matematica,Ouro Preto,SP,9.44
20261935,Gabriel Nunes Oliveira,37,Administracao,Salinas,GO,6.63
20261936,Igor Rodrigues Alves Pinto,18,Engenharia Eletrica,Vicosa,MG,7.3
20261937,Felipe Alves Soares,28,Matematica,Ouro Preto,DF,6.21
20261938,Mariana Medeiros Alves,19,Direito,Belo Horizonte,GO,8.47
20261939,Rodrigo Lopes,44,Ciencia da Computacao,Lavras,SP,7.83
20261940,Nicolas Ramos Monteiro Lopes,21,Administracao,Belo Horizonte,ES,8.27
20261941,Camila Vieira,40,Sistemas de Informacao,Coronel Fabriciano,ES,7.02
20261942,Tatiana Lopes Brito,25,Quimica,Uberlandia,SP,8.18
20261943,Helena Nunes Pinto,30,Quimica,Porteirinha,GO,5.63
20261944,Amanda Pereira,33,Sistemas de Informacao,Januaria,BA,9.89
20261945,Eduardo Nunes Lima Carvalho,35,Engenharia Eletrica,Curvelo,MG,8.19
20261946,Ana Marques Alves Dias,31,Direito,Almenara,BA,8.55
20261947,Debora Rocha Marques Moreira,51,Fisica,Porteirinha,RJ,8.25
20261948,Juliana Carvalho Moreira Nascimento,30,Fisica,Diamantina,RJ,7.4
20261949,Daniela Soares Silva,45,Direito,Teofilo Otoni,MG,8.83
20261950,Larissa Moura Vieira Carvalho,44,Engenharia Eletrica,Brasilia de Minas,BA,6.39
20261951,Ana Cardoso,51,Engenharia Eletrica,Curvelo,RJ,6.7
20261952,Joao Martins Fernandes,48,Administracao,Porteirinha,BA,7.35
20261953,Igor Santos Lopes,49,Administracao,Diamantina,ES,7.5
20261954,Helena Fernandes Andrade Moura,34,Quimica,Pirapora,SP,9.22
20261955,Yasmin Nunes Santos,22,Matematica,Pirapora,BA,9.4
20261956,Rafaela Monteiro Brito,54,Agronomia,Teofilo Otoni,GO,7.44
20261957,Juliana Santos Rocha,53,Administracao,Curvelo,SP,5.01
20261958,Gabriel Barbosa,45,Engenharia de Software,Porteirinha,ES,5.98
20261959,Gustavo Medeiros Medeiros,40,Engenharia Eletrica,Coronel Fabriciano,RJ,8.06
20261960,Alexandre Oliveira Dias Nascimento,48,Analise e Desenvolvimento de Sistemas,Ouro Preto,SP,7.42
20261961,Leticia Santos Rodrigues,24,Matematica,Almenara,BA,7.01
20261962,Larissa Marques,52,Quimica,Salinas,MG,8.34
20261963,Joao Lima Almeida Carvalho,31,Medicina,Pirapora,MG,6.26
20261964,Guilherme Pereira Fernandes Pinto,46,Analise e Desenvolvimento de Sistemas,Salinas,SP,9.53
20261965,Fernanda Soares Castro,52,Quimica,Diamantina,MG,7.33
20261966,Lucas Silva Ramos,31,Administracao,Janauba,MG,5.43
20261967,Thiago Fernandes Silva,45,Quimica,Sao Francisco,SP,8.69
20261968,Lucas Santos Alves,54,Ciencia da Computacao,Porteirinha,BA,5.84
20261969,Carlos Ribeiro,30,Analise e Desenvolvimento de Sistemas,Belo Horizonte,BA,6.45
20261970,Joao Almeida,26,Ciencia da Computacao,Pirapora,GO,9.47
20261971,Yasmin Machado Gomes,22,Sistemas de Informacao,Vicosa,RJ,5.04
20261972,Felipe Ribeiro Marques,24,Engenharia Eletrica,Teofilo Otoni,BA,5.36
20261973,Isabela Almeida Costa,35,Quimica,Lavras,GO,7.72
20261974,Amanda Pinto Dias,46,Sistemas de Informacao,Governador Valadares,ES,8.24
20261975,Joao Machado Ribeiro,46,Engenharia de Software,Janauba,SP,7.97
20261976,Bruno Martins Nunes Vieira,42,Agronomia,Juiz de Fora,MG,9.29
20261977,Igor Souza,32,Quimica,Ouro Preto,DF,5.55
20261978,Amanda Lima Souza,51,Sistemas de Informacao,Ouro Preto,BA,8.91
20261979,Daniela Teixeira Castro,52,Engenharia Eletrica,Diamantina,ES,7.71
20261980,Felipe Ferreira Soares,34,Medicina,Ouro Preto,BA,9.06
20261981,Natalia Carvalho,26,Analise e Desenvolvimento de Sistemas,Salinas,ES,5.72
20261982,Isabela Cavalcanti Ferreira,38,Direito,Teofilo Otoni,GO,6.35
20261983,Bruno Oliveira Silva Santos,19,Quimica,Montes Claros,MG,6.58
20261984,Amanda Ferreira Ferreira Martins,48,Engenharia Eletrica,Juiz de Fora,DF,9.38
20261985,Daniela Castro Santos,27,Medicina,Janauba,RJ,8.29
20261986,Rodrigo Vieira Vieira Soares,28,Engenharia Eletrica,Ouro Preto,DF,5.72
20261987,Felipe Cardoso Vieira,49,Agronomia,Salinas,BA,5.86
20261988,Rodrigo Brito Oliveira Rocha,42,Direito,Januaria,ES,7.13
20261989,Gustavo Souza,18,Fisica,Porteirinha,BA,6.85
20261990,Fernanda Andrade Moura,35,Agronomia,Almenara,RJ,6.85
20261991,Guilherme Gomes,35,Agronomia,Diamantina,SP,6.81
20261992,Yasmin Costa,54,Administracao,Januaria,ES,8.5
20261993,Daniela Marques Carvalho,33,Administracao,Governador Valadares,DF,8.01
20261994,Caio Santos Brito,51,Sistemas de Informacao,Almenara,MG,5.3
20261995,Helena Nunes Soares Moura,25,Agronomia,Lavras,GO,5.02
20261996,Samuel Ribeiro Monteiro,48,Direito,Diamantina,ES,5.95
20261997,Nicolas Moura Rodrigues Nunes,35,Analise e Desenvolvimento de Sistemas,Almenara,GO,5.32
20261998,Luana Vieira Costa,51,Matematica,Brasilia de Minas,RJ,6.46
20261999,Guilherme Lima,41,Quimica,Lavras,RJ,6.05
20262000,Samuel Ferreira Freitas,20,Administracao,Brasilia de Minas,GO,6.91
20262001,Debora Vieira Oliveira,29,Administracao,Diamantina,GO,8.31
20262002,Mariana Vieira Martins,19,Fisica,Salinas,RJ,6.85
20262003,Tatiana Vieira Teixeira,54,Agronomia,Lavras,MG,8.78
20262004,Debora Lopes Monteiro Teixeira,51,Sistemas de Informacao,Porteirinha,SP,8.55
20262005,Luana Souza,39,Ciencia da Computacao,Brasilia de Minas,GO,8.13
20262006,Vinicius Lopes Carvalho Carvalho,31,Medicina,Belo Horizonte,DF,7.58
20262007,Helena Nunes Almeida,27,Engenharia Eletrica,Salinas,MG,8.49
20262008,Larissa Pereira Cavalcanti,21,Matematica,Belo Horizonte,BA,7.91
20262009,Nicolas Ramos Carvalho,26,Administracao,Janauba,BA,5.19
20262010,Carlos Rodrigues Ferreira,50,Direito,Janauba,RJ,5.47
20262011,Guilherme Monteiro Moura Silva,18,Sistemas de Informacao,Belo Horizonte,DF,5.13
20262012,Amanda Alves Dias Marques,25,Agronomia,Almenara,DF,7.93
20262013,Rafaela Moreira Dias Cardoso,49,Engenharia de Software,Brasilia de Minas,DF,9.8
20262014,Guilherme Silva,31,Administracao,Sao Francisco,ES,8.88
20262015,Daniela Rodrigues,37,Matematica,Salinas,DF,5.6
20262016,Thiago Vieira Alves,52,Engenharia de Software,Diamantina,BA,6.95
20262017,Bruno Pinto Lima,44,Analise e Desenvolvimento de Sistemas,Teofilo Otoni,DF,8.54
20262018,Gustavo Castro Teixeira Gomes,22,Analise e Desenvolvimento de Sistemas,Juiz de Fora,SP,6.64
20262019,Fernanda Soares Oliveira,36,Sistemas de Informacao,Lavras,ES,7.0
20262020,Debora Santos Dias Lopes,49,Administracao,Uberlandia,RJ,9.73
20262021,Camila Alves Pereira Lima,45,Ciencia da Computacao,Januaria,BA,9.29
20262022,Olivia Andrade,42,Administracao,Governador Valadares,MG,9.01
20262023,Enzo Gomes Freitas Rodrigues,38,Quimica,Belo Horizonte,MG,9.67
20262024,Samuel Dias Nascimento Souza,45,Agronomia,Ouro Preto,BA,7.14
20262025,Natalia Machado,53,Fisica,Almenara,ES,6.03
20262026,Samuel Vieira Oliveira,25,Analise e Desenvolvimento de Sistemas,Brasilia de Minas,ES,5.02
20262027,Joao Martins Dias,37,Analise e Desenvolvimento de Sistemas,Vicosa,DF,8.27
20262028,Camila Lima Marques,20,Analise e Desenvolvimento de Sistemas,Diamantina,GO,6.83
20262029,Daniela Alves Andrade Mendes,19,Matematica,Januaria,ES,6.8
20262030,Eduardo Vieira Vieira,54,Sistemas de Informacao,Montes Claros,GO,9.88
20262031,Amanda Costa Nunes Castro,54,Matematica,Uberlandia,DF,8.06
20262032,Vinicius Monteiro Castro Castro,47,Engenharia Eletrica,Lavras,SP,5.71
20262033,Amanda Moreira Medeiros Lopes,27,Medicina,Curvelo,MG,6.44
20262034,Yasmin Medeiros Brito Martins,29,Analise e Desenvolvimento de Sistemas,Pirapora,BA,9.11
20262035,Pedro Vieira Gomes Machado,43,Matematica,Ouro Preto,MG,7.0
20262036,Leticia Cardoso Gomes,43,Fisica,Pirapora,RJ,8.74
20262037,Bruno Mendes Ribeiro Carvalho,37,Agronomia,Diamantina,ES,7.97
20262038,Gustavo Andrade Lopes,51,Sistemas de Informacao,Ouro Preto,DF,5.09
20262039,Vinicius Silva Nascimento Marques,25,Sistemas de Informacao,Curvelo,ES,7.13
20262040,Juliana Nunes,55,Medicina,Ouro Preto,GO,5.72
20262041,Fernanda Monteiro Moreira,54,Administracao,Sao Francisco,RJ,8.09
20262042,Olivia Silva Monteiro Cardoso,45,Engenharia Eletrica,Almenara,DF,5.93
20262043,Thiago Dias Pereira,34,Analise e Desenvolvimento de Sistemas,Porteirinha,RJ,7.65
20262044,Yasmin Teixeira Fernandes,20,Ciencia da Computacao,Teofilo Otoni,RJ,8.69
20262045,Rodrigo Machado,43,Administracao,Salinas,MG,5.57
20262046,Enzo Teixeira Martins Rodrigues,23,Fisica,Belo Horizonte,DF,8.0
20262047,Bruno Souza Rodrigues Moreira,51,Ciencia da Computacao,Governador Valadares,GO,6.37
20262048,Gustavo Rodrigues Rocha,21,Direito,Uberlandia,DF,5.87
20262049,Nicolas Pinto Mendes,44,Fisica,Almenara,MG,8.58
20262050,Tatiana Fernandes Santos,49,Direito,Juiz de Fora,ES,6.38
20262051,Joao Lima,43,Administracao,Almenara,ES,5.67
20262052,Fernanda Ramos,48,Administracao,Januaria,BA,7.77
20262053,Eduardo Soares Santos Nunes,51,Fisica,Ouro Preto,SP,5.33
20262054,Nicolas Freitas,32,Engenharia Eletrica,Almenara,SP,6.75
20262055,Nicolas Nascimento Nunes Alves,47,Agronomia,Salinas,RJ,5.05
20262056,Lucas Alves Ferreira Castro,28,Ciencia da Computacao,Coronel Fabriciano,MG,6.07
20262057,Rodrigo Rocha Lima,47,Direito,Ouro Preto,ES,9.78
20262058,Nicolas Carvalho Mendes,22,Fisica,Ouro Preto,SP,6.5
20262059,Lucas Pinto Rocha,21,Sistemas de Informacao,Coronel Fabriciano,SP,7.5
20262060,Gabriel Machado Fernandes Vieira,21,Analise e Desenvolvimento de Sistemas,Juiz de Fora,BA,8.34
20262061,Flavia Cardoso Cavalcanti Alves,27,Direito,Vicosa,GO,7.52
20262062,Eduardo Silva Costa Ferreira,49,Matematica,Ouro Preto,DF,5.89
20262063,Samuel Moura Marques,28,Matematica,Ouro Preto,SP,8.6
20262064,Gustavo Mendes Almeida,45,Analise e Desenvolvimento de Sistemas,Ouro Preto,BA,9.3
20262065,Mariana Cavalcanti Rocha Marques,19,Medicina,Diamantina,ES,8.68
20262066,Bruno Ramos Pinto Cavalcanti,45,Administracao,Pirapora,RJ,7.34
20262067,Natalia Lopes,43,Agronomia,Almenara,DF,8.88
20262068,Ana Moreira Cavalcanti,27,Engenharia Eletrica,Teofilo Otoni,BA,6.1
20262069,Lucas Ferreira Nunes,41,Ciencia da Computacao,Janauba,ES,9.85
20262070,Samuel Nunes Medeiros Gomes,22,Agronomia,Teofilo Otoni,MG,9.81
20262071,Thiago Nunes,47,Matematica,Januaria,ES,7.89
20262072,Tatiana Lopes Machado Brito,52,Engenharia de Software,Ouro Preto,DF,5.08
20262073,Carlos Dias,20,Matematica,Diamantina,GO,9.12
20262074,Gustavo Soares Teixeira,36,Fisica,Almenara,SP,9.32
20262075,Luana Teixeira Monteiro,22,Fisica,Salinas,SP,6.7
20262076,Rodrigo Freitas Oliveira,46,Engenharia Eletrica,Sao Francisco,BA,6.15
20262077,Joao Moreira Cardoso,30,Agronomia,Teofilo Otoni,MG,9.58
20262078,Enzo Rodrigues Brito,22,Quimica,Juiz de Fora,RJ,7.99
20262079,Felipe Gomes Brito,54,Administracao,Lavras,RJ,8.52
20262080,Igor Rocha,51,Matematica,Belo Horizonte,RJ,9.87
20262081,Felipe Rocha,51,Ciencia da Computacao,Coronel Fabriciano,GO,5.91
20262082,Rafaela Andrade Souza,35,Ciencia da Computacao,Sao Francisco,DF,9.87
20262083,Luana Dias Freitas,54,Ciencia da Computacao,Montes Claros,GO,5.61
20262084,Felipe Ribeiro Dias,41,Engenharia de Software,Porteirinha,BA,9.58
20262085,Amanda Nunes Martins,26,Medicina,Governador Valadares,SP,5.91
20262086,Igor Cavalcanti Medeiros,35,Administracao,Diamantina,DF,9.61
20262087,Thiago Alves Dias,43,Sistemas de Informacao,Porteirinha,MG,8.35
20262088,Mariana Cavalcanti Dias Cardoso,29,Medicina,Coronel Fabriciano,BA,9.75
20262089,Amanda Almeida,32,Medicina,Lavras,ES,8.83
20262090,Pedro Teixeira Alves,53,Quimica,Coronel Fabriciano,SP,6.79
20262091,Natalia Moura Soares Moreira,53,Medicina,Montes Claros,ES,6.57
20262092,Vinicius Soares Almeida,18,Analise e Desenvolvimento de Sistemas,Brasilia de Minas,GO,8.05
20262093,Rodrigo Medeiros Rodrigues Pereira,48,Matematica,Vicosa,BA,5.23
20262094,Beatriz Pinto Lopes,35,Ciencia da Computacao,Salinas,DF,6.78
20262095,Fernanda Rocha Vieira,47,Engenharia Eletrica,Janauba,DF,6.61
20262096,Mariana Andrade,31,Administracao,Vicosa,GO,9.14
20262097,Rafaela Machado Mendes,38,Ciencia da Computacao,Montes Claros,ES,6.3
20262098,Gabriel Vieira Ferreira Oliveira,40,Sistemas de Informacao,Juiz de Fora,RJ,8.02
20262099,Helena Pinto Moura Cardoso,53,Ciencia da Computacao,Governador Valadares,GO,9.09
20262100,Ana Fernandes Andrade Lima,33,Agronomia,Lavras,ES,9.2
20262101,Lucas Lima Dias,53,Administracao,Uberlandia,MG,9.68
20262102,Amanda Teixeira Marques Mendes,52,Direito,Porteirinha,SP,9.23
20262103,Beatriz Teixeira,39,Quimica,Porteirinha,ES,8.1
20262104,Isabela Andrade Rocha Brito,36,Sistemas de Informacao,Lavras,BA,6.49
20262105,Helena Ferreira Machado,39,Ciencia da Computacao,Almenara,DF,5.03
20262106,Juliana Barbosa,41,Fisica,Diamantina,ES,8.17
20262107,Rafaela Lima Pereira,38,Medicina,Salinas,BA,5.03
20262108,Carlos Moura Carvalho,45,Agronomia,Teofilo Otoni,GO,5.49
20262109,Camila Moura Brito,42,Administracao,Curvelo,ES,9.88
20262110,Natalia Almeida Machado,46,Fisica,Juiz de Fora,GO,9.65
20262111,Juliana Silva Lima,41,Agronomia,Teofilo Otoni,SP,6.41
20262112,Eduardo Moura Carvalho Ribeiro,52,Engenharia Eletrica,Almenara,BA,9.1
20262113,Gustavo Gomes,18,Fisica,Brasilia de Minas,ES,5.45
20262114,Ana Ferreira Moura,33,Administracao,Porteirinha,RJ,5.78
20262115,Larissa Nascimento Santos Cavalcanti,28,Direito,Coronel Fabriciano,ES,8.46
20262116,Mariana Ribeiro Nascimento,48,Direito,Janauba,SP,8.66
20262117,Tatiana Cardoso Lima,42,Sistemas de Informacao,Curvelo,MG,6.59
20262118,Rodrigo Freitas Moreira,53,Analise e Desenvolvimento de Sistemas,Pirapora,RJ,5.26
20262119,Joao Pereira Cardoso Ribeiro,22,Direito,Belo Horizonte,BA,7.17
20262120,Olivia Medeiros Pinto Ribeiro,19,Medicina,Teofilo Otoni,BA,5.76
20262121,Luana Carvalho Marques Costa,24,Quimica,Uberlandia,DF,6.6
20262122,Eduardo Barbosa Lopes Monteiro,53,Sistemas de Informacao,Diamantina,BA,6.59
20262123,Rafaela Medeiros Cavalcanti,31,Medicina,Ouro Preto,SP,6.31
20262124,Larissa Ramos,32,Sistemas de Informacao,Coronel Fabriciano,SP,6.21
20262125,Beatriz Soares,34,Matematica,Vicosa,ES,8.51
20262126,Joao Castro,55,Direito,Montes Claros,BA,7.8
20262127,Lucas Souza Dias,33,Fisica,Governador Valadares,RJ,8.72
20262128,Helena Carvalho Ramos Rocha,26,Matematica,Ouro Preto,ES,6.19
20262129,Gabriel Lima,41,Administracao,Januaria,ES,5.92
20262130,Carlos Soares,53,Direito,Governador Valadares,DF,9.6
20262131,Camila Teixeira Teixeira Medeiros,46,Medicina,Belo Horizonte,GO,8.63
20262132,Debora Teixeira Nascimento Ribeiro,33,Fisica,Ouro Preto,RJ,9.53
20262133,Carlos Martins Santos Fernandes,37,Analise e Desenvolvimento de Sistemas,Coronel Fabriciano,GO,5.4
20262134,Thiago Rocha Pereira,47,Engenharia Eletrica,Sao Francisco,DF,9.27
20262135,Thiago Ferreira Santos Gomes,54,Sistemas de Informacao,Curvelo,GO,6.71
20262136,Yasmin Martins,48,Engenharia de Software,Lavras,BA,5.28
20262137,Ana Medeiros Marques Cardoso,23,Analise e Desenvolvimento de Sistemas,Curvelo,RJ,5.46
20262138,Juliana Nunes Souza Gomes,27,Engenharia Eletrica,Belo Horizonte,BA,5.58
20262139,Larissa Marques Freitas,26,Ciencia da Computacao,Pirapora,ES,8.78
20262140,Helena Pereira Moreira,43,Engenharia Eletrica,Almenara,BA,5.21
20262141,Carlos Mendes Lima,39,Fisica,Lavras,DF,7.14
20262142,Luana Carvalho Oliveira,36,Matematica,Belo Horizonte,RJ,6.86
20262143,Ana Ribeiro Freitas,37,Agronomia,Pirapora,BA,8.75
20262144,Gabriel Ferreira Vieira,19,Agronomia,Coronel Fabriciano,GO,7.57
20262145,Ana Medeiros Rocha Lima,27,Matematica,Brasilia de Minas,RJ,5.63
20262146,Amanda Martins Andrade Nascimento,42,Engenharia Eletrica,Montes Claros,DF,9.56
20262147,Thiago Castro Nascimento Lima,55,Direito,Montes Claros,DF,5.48
20262148,Helena Gomes Fernandes Martins,45,Medicina,Ouro Preto,SP,7.64
20262149,Igor Carvalho Santos,34,Engenharia Eletrica,Almenara,MG,5.69
20262150,Daniela Machado Pereira,41,Matematica,Teofilo Otoni,RJ,6.13
20262151,Daniela Costa Castro,21,Direito,Salinas,RJ,7.09
20262152,Guilherme Almeida Lima,26,Engenharia de Software,Lavras,GO,9.63
20262153,Alexandre Soares,28,Fisica,Montes Claros,BA,8.44
20262154,Carlos Lopes Souza Pereira,19,Matematica,Sao Francisco,RJ,9.69
20262155,Joao Andrade Machado,37,Matematica,Salinas,SP,7.17
20262156,Caio Andrade Vieira,45,Sistemas de Informacao,Diamantina,SP,7.35
20262157,Samuel Freitas,45,Ciencia da Computacao,Pirapora,MG,7.72
20262158,Rodrigo Pereira Oliveira Carvalho,19,Quimica,Uberlandia,ES,6.13
20262159,Tatiana Ferreira Ramos,28,Administracao,Lavras,MG,7.67
20262160,Debora Mendes Alves,27,Matematica,Montes Claros,DF,8.53
20262161,Daniela Freitas Ferreira Martins,50,Ciencia da Computacao,Uberlandia,RJ,5.5
20262162,Pedro Dias,23,Ciencia da Computacao,Brasilia de Minas,SP,9.75
20262163,Natalia Barbosa Martins Nunes,29,Engenharia Eletrica,Belo Horizonte,MG,5.09
20262164,Caio Cavalcanti Moura,40,Direito,Uberlandia,GO,7.1
20262165,Bruno Carvalho Pereira,53,Ciencia da Computacao,Janauba,BA,9.9
20262166,Nicolas Castro Nunes Costa,46,Engenharia de Software,Uberlandia,RJ,7.14
20262167,Caio Pinto,22,Agronomia,Diamantina,DF,5.68
20262168,Bruno Oliveira Souza Fernandes,43,Administracao,Uberlandia,MG,6.52
20262169,Amanda Santos Rodrigues,25,Ciencia da Computacao,Juiz de Fora,ES,7.38
20262170,Samuel Oliveira Santos,34,Matematica,Diamantina,ES,8.76
20262171,Thiago Fernandes Medeiros,18,Medicina,Diamantina,GO,9.89
20262172,Mariana Oliveira,34,Matematica,Governador Valadares,ES,5.19
20262173,Gustavo Ramos Nunes,51,Direito,Diamantina,GO,5.32
20262174,Joao Pereira Marques,42,Matematica,Ouro Preto,GO,6.43
20262175,Enzo Alves Gomes,31,Direito,Brasilia de Minas,MG,7.38
20262176,Rafaela Almeida Ribeiro,38,Administracao,Teofilo Otoni,BA,8.61
20262177,Amanda Castro Vieira Pinto,54,Engenharia Eletrica,Governador Valadares,RJ,8.95
20262178,Samuel Costa,45,Fisica,Almenara,MG,6.05
20262179,Larissa Cavalcanti,28,Engenharia Eletrica,Salinas,RJ,5.27
20262180,Bruno Soares,24,Agronomia,Salinas,BA,6.81
20262181,Luana Medeiros Teixeira Castro,50,Matematica,Juiz de Fora,BA,9.4
20262182,Joao Santos,52,Agronomia,Curvelo,SP,9.55
20262183,Eduardo Cavalcanti Nunes,34,Engenharia de Software,Ouro Preto,BA,5.79
20262184,Caio Moura,50,Quimica,Diamantina,ES,9.82
20262185,Debora Mendes Silva Cavalcanti,29,Ciencia da Computacao,Montes Claros,SP,7.65
20262186,Alexandre Cardoso Ferreira,29,Analise e Desenvolvimento de Sistemas,Coronel Fabriciano,ES,5.42
20262187,Fernanda Ferreira Costa,50,Direito,Curvelo,SP,8.88
20262188,Isabela Monteiro Teixeira,27,Direito,Coronel Fabriciano,ES,9.62
20262189,Matheus Souza Fernandes,20,Matematica,Sao Francisco,BA,8.5
20262190,Fernanda Pinto Machado,25,Medicina,Uberlandia,MG,7.42
20262191,Rafaela Ribeiro Ramos,36,Fisica,Ouro Preto,ES,6.1
20262192,Caio Alves Freitas Pinto,43,Sistemas de Informacao,Brasilia de Minas,GO,5.22
20262193,Guilherme Vieira Brito,42,Administracao,Ouro Preto,BA,8.53
20262194,Isabela Santos Fernandes Mendes,50,Engenharia de Software,Almenara,MG,7.18
20262195,Beatriz Alves,42,Sistemas de Informacao,Teofilo Otoni,SP,7.84
20262196,Guilherme Fernandes Cavalcanti,52,Sistemas de Informacao,Montes Claros,ES,9.74
20262197,Pedro Fernandes Cavalcanti Nunes,52,Quimica,Lavras,BA,8.01
20262198,Igor Soares Nunes Cardoso,27,Agronomia,Juiz de Fora,ES,7.82
20262199,Luana Rodrigues Ferreira,37,Engenharia Eletrica,Belo Horizonte,DF,5.55
20262200,Rafaela Nascimento Castro Costa,31,Quimica,Uberlandia,MG,6.14
20262201,Guilherme Silva Dias,29,Analise e Desenvolvimento de Sistemas,Januaria,SP,6.57
20262202,Flavia Dias Santos,28,Medicina,Porteirinha,DF,6.48
20262203,Helena Brito,24,Administracao,Janauba,GO,5.15
20262204,Vinicius Fernandes,19,Matematica,Uberlandia,RJ,9.14
20262205,Matheus Rodrigues Moura,26,Quimica,Porteirinha,ES,7.64
20262206,Carlos Cavalcanti Cavalcanti Silva,43,Direito,Ouro Preto,BA,5.47
20262207,Tatiana Marques,51,Engenharia Eletrica,Diamantina,DF,6.6
20262208,Flavia Moreira,34,Agronomia,Uberlandia,ES,8.25
20262209,Rafaela Pinto Nunes,53,Direito,Brasilia de Minas,ES,6.87
20262210,Fernanda Rocha Dias,55,Engenharia de Software,Janauba,DF,8.23
20262211,Luana Lima,29,Ciencia da Computacao,Vicosa,SP,6.21
20262212,Carlos Nascimento Pereira Rodrigues,48,Engenharia Eletrica,Uberlandia,GO,8.57
20262213,Gustavo Cavalcanti Monteiro,43,Analise e Desenvolvimento de Sistemas,Uberlandia,SP,6.22
20262214,Igor Alves Teixeira Pinto,34,Medicina,Sao Francisco,ES,5.27
20262215,Daniela Santos Castro,54,Engenharia de Software,Almenara,SP,7.6
20262216,Mariana Souza Vieira,42,Administracao,Porteirinha,DF,9.42
20262217,Luana Machado Machado Ramos,44,Ciencia da Computacao,Janauba,DF,7.14
20262218,Yasmin Rocha,45,Medicina,Vicosa,DF,7.17
20262219,Bruno Medeiros Mendes,37,Medicina,Diamantina,BA,8.83
20262220,Bruno Machado Lima Lopes,41,Engenharia de Software,Coronel Fabriciano,RJ,8.84
20262221,Mariana Marques Dias Vieira,21,Engenharia Eletrica,Coronel Fabriciano,GO,6.64
20262222,Pedro Souza Silva,45,Sistemas de Informacao,Teofilo Otoni,MG,5.86
20262223,Joao Machado Cardoso,48,Engenharia de Software,Coronel Fabriciano,BA,8.74
20262224,Enzo Santos Alves,23,Sistemas de Informacao,Porteirinha,GO,9.82
20262225,Rodrigo Soares,52,Agronomia,Coronel Fabriciano,MG,5.03
20262226,Felipe Silva Alves Cardoso,55,Agronomia,Coronel Fabriciano,RJ,8.48
20262227,Igor Martins Ferreira Ribeiro,54,Matematica,Sao Francisco,RJ,9.56
20262228,Tatiana Mendes Lima Marques,34,Sistemas de Informacao,Uberlandia,MG,5.72
20262229,Lucas Souza,31,Agronomia,Porteirinha,BA,8.6
20262230,Beatriz Almeida Machado Nascimento,55,Quimica,Coronel Fabriciano,DF,8.69
20262231,Leticia Nascimento,28,Medicina,Porteirinha,ES,5.86
20262232,Leticia Almeida,50,Medicina,Porteirinha,SP,8.9
20262233,Tatiana Souza Oliveira Machado,34,Engenharia de Software,Sao Francisco,SP,8.2
20262234,Juliana Martins Rodrigues,25,Sistemas de Informacao,Belo Horizonte,BA,9.58
20262235,Vinicius Cavalcanti Brito Ramos,23,Direito,Juiz de Fora,DF,6.95
20262236,Vinicius Costa Ramos,28,Ciencia da Computacao,Belo Horizonte,DF,9.08
20262237,Lucas Rodrigues Cardoso,40,Quimica,Montes Claros,GO,7.66
20262238,Eduardo Castro Moreira Lopes,20,Engenharia de Software,Janauba,GO,8.11
20262239,Gustavo Almeida,38,Quimica,Ouro Preto,ES,9.07
20262240,Pedro Dias Almeida,37,Ciencia da Computacao,Januaria,DF,9.51
20262241,Gabriel Teixeira Rodrigues Nunes,46,Direito,Lavras,SP,7.52
20262242,Isabela Nascimento,29,Engenharia de Software,Porteirinha,SP,9.49
20262243,Samuel Soares Machado Souza,52,Analise e Desenvolvimento de Sistemas,Ouro Preto,SP,8.37
20262244,Luana Carvalho Mendes,53,Engenharia Eletrica,Montes Claros,GO,8.36
20262245,Alexandre Lopes Castro Pereira,27,Agronomia,Juiz de Fora,ES,7.51
20262246,Felipe Moreira Brito,54,Matematica,Uberlandia,ES,7.59
20262247,Gustavo Souza Barbosa Rocha,48,Matematica,Almenara,DF,7.35
20262248,Joao Lima Soares,42,Analise e Desenvolvimento de Sistemas,Januaria,DF,5.44
20262249,Gustavo Cavalcanti Moreira Soares,29,Engenharia de Software,Almenara,BA,9.08
20262250,Amanda Mendes Costa,51,Analise e Desenvolvimento de Sistemas,Diamantina,ES,8.88
20262251,Helena Monteiro,49,Ciencia da Computacao,Coronel Fabriciano,DF,5.77
20262252,Olivia Ribeiro Moura Teixeira,21,Quimica,Curvelo,ES,9.53
20262253,Helena Oliveira,25,Ciencia da Computacao,Teofilo Otoni,BA,5.86
20262254,Eduardo Moura,42,Direito,Uberlandia,RJ,5.56
20262255,Rodrigo Castro Monteiro Cardoso,42,Engenharia Eletrica,Montes Claros,ES,5.41
20262256,Debora Moreira Ferreira,36,Ciencia da Computacao,Diamantina,ES,6.42
20262257,Rafaela Ferreira Pinto,50,Ciencia da Computacao,Vicosa,SP,7.06
20262258,Leticia Lima Martins Rocha,37,Administracao,Curvelo,SP,9.08
20262259,Carlos Silva Martins Santos,47,Administracao,Teofilo Otoni,MG,6.81
20262260,Beatriz Pinto Moreira Mendes,22,Medicina,Montes Claros,GO,5.23
20262261,Enzo Machado Fernandes,23,Engenharia Eletrica,Montes Claros,GO,6.93
20262262,Fernanda Ferreira Almeida,36,Ciencia da Computacao,Juiz de Fora,ES,6.59
20262263,Amanda Fernandes Brito,48,Ciencia da Computacao,Lavras,ES,5.07
20262264,Nicolas Machado Marques Monteiro,30,Engenharia de Software,Ouro Preto,BA,6.85
20262265,Thiago Brito Nunes Costa,42,Matematica,Juiz de Fora,DF,5.08
20262266,Isabela Monteiro Monteiro,51,Fisica,Curvelo,MG,7.32
20262267,Natalia Brito Rodrigues Andrade,19,Medicina,Curvelo,RJ,5.88
20262268,Eduardo Medeiros Freitas,42,Ciencia da Computacao,Governador Valadares,BA,5.62
20262269,Igor Machado Nascimento Freitas,51,Matematica,Ouro Preto,DF,9.28
20262270,Yasmin Ferreira Monteiro,18,Matematica,Sao Francisco,BA,9.61
20262271,Debora Dias Teixeira Rocha,25,Direito,Vicosa,RJ,6.42
20262272,Igor Ramos,36,Administracao,Governador Valadares,BA,8.84
20262273,Leticia Gomes,35,Engenharia Eletrica,Governador Valadares,GO,7.9
20262274,Isabela Fernandes Ribeiro Costa,27,Matematica,Vicosa,SP,7.51
20262275,Daniela Soares,41,Engenharia de Software,Almenara,MG,9.03
20262276,Vinicius Andrade Ramos,20,Medicina,Uberlandia,DF,7.48
20262277,Thiago Gomes,26,Medicina,Vicosa,DF,5.0
20262278,Daniela Rodrigues Nunes,32,Quimica,Janauba,RJ,6.35
20262279,Lucas Carvalho,26,Engenharia de Software,Vicosa,BA,7.47
20262280,Luana Rocha Fernandes Silva,21,Engenharia Eletrica,Vicosa,ES,8.19
20262281,Camila Ribeiro Costa Soares,46,Analise e Desenvolvimento de Sistemas,Salinas,BA,9.87
20262282,Felipe Andrade,18,Direito,Salinas,MG,8.85
20262283,Daniela Ferreira Pereira Medeiros,41,Ciencia da Computacao,Governador Valadares,BA,9.13
20262284,Gabriel Ferreira Rocha Ribeiro,45,Engenharia Eletrica,Januaria,GO,6.78
20262285,Joao Souza Medeiros Lima,30,Ciencia da Computacao,Januaria,RJ,5.35
20262286,Alexandre Silva Silva,48,Engenharia de Software,Salinas,ES,7.81
20262287,Alexandre Vieira Almeida,27,Matematica,Lavras,RJ,7.02
20262288,Olivia Marques Nascimento,26,Matematica,Porteirinha,SP,9.69
20262289,Guilherme Ferreira Brito Teixeira,27,Direito,Belo Horizonte,DF,6.52
20262290,Olivia Rodrigues Oliveira,34,Medicina,Januaria,BA,6.72
20262291,Luana Nunes Almeida,29,Engenharia Eletrica,Juiz de Fora,SP,6.05
20262292,Debora Mendes Soares Moura,33,Medicina,Almenara,RJ,7.6
20262293,Tatiana Cavalcanti Machado,20,Quimica,Uberlandia,RJ,5.95
20262294,Samuel Barbosa Cavalcanti,50,Analise e Desenvolvimento de Sistemas,Ouro Preto,SP,9.74
20262295,Pedro Moreira Barbosa,43,Sistemas de Informacao,Ouro Preto,MG,6.62
20262296,Joao Fernandes,21,Administracao,Sao Francisco,RJ,8.04
20262297,Debora Nunes Costa,31,Matematica,Teofilo Otoni,GO,9.04
20262298,Felipe Dias Rocha,24,Ciencia da Computacao,Vicosa,GO,8.43
20262299,Gustavo Alves Almeida Alves,23,Engenharia Eletrica,Juiz de Fora,DF,7.49
20262300,Gustavo Santos Gomes,39,Engenharia de Software,Juiz de Fora,GO,6.91
20262301,Mariana Costa Santos,43,Quimica,Governador Valadares,SP,9.5
20262302,Tatiana Ferreira Ribeiro,18,Engenharia Eletrica,Almenara,BA,7.14
20262303,Thiago Nascimento Souza,18,Sistemas de Informacao,Uberlandia,DF,8.98
20262304,Fernanda Rocha Pereira Dias,31,Quimica,Teofilo Otoni,SP,9.74
20262305,Amanda Soares Mendes,39,Ciencia da Computacao,Juiz de Fora,SP,5.21
20262306,Gabriel Mendes Martins Lima,47,Matematica,Ouro Preto,MG,9.56
20262307,Amanda Andrade Santos Almeida,22,Ciencia da Computacao,Montes Claros,RJ,6.41
20262308,Olivia Barbosa Silva,31,Quimica,Curvelo,MG,5.01
20262309,Carlos Carvalho Machado,20,Agronomia,Governador Valadares,GO,9.76
20262310,Eduardo Cavalcanti Barbosa,24,Analise e Desenvolvimento de Sistemas,Janauba,ES,8.02
20262311,Felipe Nascimento,40,Analise e Desenvolvimento de Sistemas,Sao Francisco,GO,7.78
20262312,Debora Moreira,22,Ciencia da Computacao,Januaria,RJ,9.72
20262313,Thiago Silva Santos,43,Matematica,Uberlandia,DF,7.68
20262314,Enzo Mendes,48,Engenharia de Software,Januaria,DF,8.41
20262315,Matheus Teixeira Fernandes,26,Quimica,Belo Horizonte,GO,5.95
20262316,Yasmin Pinto Andrade Almeida,19,Ciencia da Computacao,Coronel Fabriciano,RJ,7.25
20262317,Lucas Dias Rocha Silva,31,Sistemas de Informacao,Sao Francisco,DF,5.05
20262318,Enzo Rocha Soares,26,Administracao,Teofilo Otoni,SP,5.52
20262319,Mariana Pinto Souza,29,Fisica,Curvelo,GO,8.82
20262320,Pedro Barbosa Dias,24,Engenharia Eletrica,Montes Claros,GO,8.86
20262321,Guilherme Oliveira Nascimento,33,Ciencia da Computacao,Ouro Preto,ES,9.48
20262322,Rafaela Silva Gomes,25,Engenharia Eletrica,Coronel Fabriciano,RJ,7.18
20262323,Luana Silva Vieira Dias,47,Medicina,Curvelo,ES,8.87
20262324,Alexandre Medeiros Ribeiro,23,Sistemas de Informacao,Curvelo,GO,7.91
20262325,Lucas Nunes Oliveira,32,Analise e Desenvolvimento de Sistemas,Uberlandia,GO,8.94
20262326,Ana Gomes,47,Medicina,Sao Francisco,ES,5.91
20262327,Larissa Santos Castro,26,Ciencia da Computacao,Juiz de Fora,MG,5.45
20262328,Lucas Almeida Monteiro,18,Sistemas de Informacao,Belo Horizonte,RJ,8.43
20262329,Gustavo Costa,22,Medicina,Lavras,DF,5.61
20262330,Natalia Silva Andrade,54,Engenharia Eletrica,Uberlandia,MG,8.79
20262331,Olivia Cavalcanti Andrade,39,Agronomia,Ouro Preto,MG,8.58
20262332,Thiago Freitas Cardoso Costa,24,Administracao,Ouro Preto,ES,5.22
20262333,Beatriz Lopes,48,Agronomia,Governador Valadares,DF,6.06
20262334,Enzo Castro Gomes,50,Matematica,Vicosa,BA,8.94
20262335,Yasmin Souza Alves,50,Sistemas de Informacao,Teofilo Otoni,GO,8.69
20262336,Daniela Ribeiro,53,Analise e Desenvolvimento de Sistemas,Governador Valadares,SP,7.63
20262337,Pedro Lima Gomes,21,Engenharia de Software,Salinas,SP,6.37
20262338,Olivia Lima Moura Pereira,22,Administracao,Sao Francisco,ES,7.95
20262339,Ana Lima,18,Sistemas de Informacao,Januaria,GO,6.02
20262340,Juliana Almeida,26,Sistemas de Informacao,Juiz de Fora,RJ,6.76
20262341,Gabriel Lopes Andrade Martins,20,Sistemas de Informacao,Lavras,MG,7.05
20262342,Guilherme Soares Nunes Martins,18,Fisica,Januaria,SP,8.5
20262343,Joao Freitas Freitas,40,Administracao,Curvelo,MG,7.99
20262344,Eduardo Santos Costa,23,Administracao,Salinas,RJ,6.46
20262345,Carlos Costa Pinto Moura,31,Engenharia Eletrica,Montes Claros,SP,6.21
20262346,Felipe Fernandes Rodrigues Brito,42,Administracao,Teofilo Otoni,BA,7.78
20262347,Nicolas Pereira Marques Ramos,18,Agronomia,Januaria,SP,6.99
20262348,Guilherme Nunes Freitas Oliveira,42,Analise e Desenvolvimento de Sistemas,Coronel Fabriciano,BA,5.41
20262349,Flavia Andrade Andrade,21,Engenharia de Software,Curvelo,SP,8.82
20262350,Yasmin Oliveira Mendes Machado,43,Analise e Desenvolvimento de Sistemas,Brasilia de Minas,ES,8.77
20262351,Thiago Marques Nascimento Silva,37,Fisica,Governador Valadares,RJ,5.82
20262352,Lucas Moreira,26,Administracao,Pirapora,MG,6.45
20262353,Olivia Marques,26,Quimica,Janauba,GO,7.72
20262354,Juliana Alves Teixeira,50,Fisica,Januaria,ES,8.6
20262355,Gustavo Brito Alves Brito,44,Sistemas de Informacao,Diamantina,GO,6.52
20262356,Fernanda Castro Medeiros Moreira,34,Analise e Desenvolvimento de Sistemas,Belo Horizonte,ES,6.66
20262357,Igor Vieira Freitas,29,Medicina,Januaria,SP,7.6
20262358,Samuel Martins Oliveira,33,Engenharia Eletrica,Salinas,GO,9.09
20262359,Camila Ramos Nunes Santos,41,Quimica,Porteirinha,SP,9.23
20262360,Enzo Medeiros Fernandes Ramos,39,Direito,Coronel Fabriciano,ES,8.49
20262361,Tatiana Dias Martins Andrade,33,Administracao,Sao Francisco,ES,7.31
20262362,Flavia Moreira Castro Teixeira,42,Engenharia Eletrica,Uberlandia,BA,9.44
20262363,Mariana Dias,36,Medicina,Montes Claros,ES,8.42
20262364,Beatriz Brito,37,Agronomia,Salinas,DF,6.67
20262365,Gustavo Gomes Rocha Andrade,54,Administracao,Coronel Fabriciano,SP,9.14
20262366,Rafaela Silva,47,Engenharia de Software,Almenara,BA,6.8
20262367,Helena Fernandes Ribeiro Moreira,25,Engenharia de Software,Januaria,GO,9.67
20262368,Amanda Martins Lopes,28,Administracao,Pirapora,SP,8.81
20262369,Olivia Souza Mendes Medeiros,44,Analise e Desenvolvimento de Sistemas,Juiz de Fora,BA,5.51
20262370,Bruno Santos Cavalcanti Pereira,49,Agronomia,Sao Francisco,BA,5.7
20262371,Debora Monteiro,46,Engenharia Eletrica,Ouro Preto,SP,6.56
20262372,Tatiana Ribeiro Machado,50,Direito,Porteirinha,SP,9.14
20262373,Natalia Souza Pereira,49,Analise e Desenvolvimento de Sistemas,Teofilo Otoni,DF,8.18
20262374,Bruno Moura Marques Dias,27,Analise e Desenvolvimento de Sistemas,Juiz de Fora,RJ,7.22
20262375,Flavia Rocha Marques,30,Analise e Desenvolvimento de Sistemas,Juiz de Fora,MG,5.55
20262376,Carlos Nascimento Gomes Mendes,52,Engenharia Eletrica,Montes Claros,SP,6.59
20262377,Carlos Oliveira Santos,27,Direito,Teofilo Otoni,GO,5.63
20262378,Alexandre Freitas Martins,25,Administracao,Montes Claros,ES,6.48
20262379,Helena Carvalho Nunes Moura,23,Direito,Teofilo Otoni,MG,5.97
20262380,Luana Nascimento,40,Quimica,Almenara,ES,8.8
20262381,Bruno Castro,29,Matematica,Vicosa,DF,6.21
20262382,Debora Brito,40,Fisica,Belo Horizonte,BA,5.73
20262383,Joao Almeida,30,Agronomia,Governador Valadares,ES,5.85
20262384,Matheus Almeida Nascimento,32,Sistemas de Informacao,Diamantina,RJ,7.09
20262385,Carlos Cardoso Nunes,23,Ciencia da Computacao,Ouro Preto,RJ,5.22
20262386,Gustavo Ramos,25,Agronomia,Teofilo Otoni,DF,9.18
20262387,Gabriel Silva Ramos,25,Sistemas de Informacao,Coronel Fabriciano,MG,6.74
20262388,Leticia Almeida Monteiro Monteiro,29,Quimica,Salinas,DF,7.42
20262389,Isabela Soares Cavalcanti Soares,43,Direito,Belo Horizonte,SP,7.17
20262390,Juliana Carvalho Carvalho,27,Sistemas de Informacao,Teofilo Otoni,GO,7.49
20262391,Gustavo Vieira Soares,27,Medicina,Ouro Preto,GO,9.2
20262392,Mariana Ribeiro Nascimento,43,Ciencia da Computacao,Coronel Fabriciano,BA,9.02
20262393,Beatriz Carvalho Andrade,21,Administracao,Diamantina,DF,9.4
20262394,Matheus Lopes Rodrigues Pereira,52,Ciencia da Computacao,Porteirinha,RJ,8.35
20262395,Gabriel Lopes Silva,49,Fisica,Janauba,BA,9.2
20262396,Helena Monteiro Rocha Gomes,18,Fisica,Salinas,BA,8.8
20262397,Daniela Teixeira,36,Fisica,Coronel Fabriciano,BA,7.8
20262398,Debora Moreira Rodrigues Rocha,35,Direito,Januaria,SP,6.56
20262399,Mariana Rodrigues Andrade,23,Administracao,Porteirinha,MG,5.38
20262400,Beatriz Dias Machado Fernandes,19,Matematica,Salinas,ES,8.53
20262401,Olivia Pinto Rocha,46,Agronomia,Vicosa,SP,8.94
20262402,Ana Lima,19,Engenharia de Software,Teofilo Otoni,RJ,9.78
20262403,Eduardo Brito Ramos,24,Sistemas de Informacao,Salinas,BA,6.51
20262404,Thiago Lopes Machado Brito,43,Direito,Ouro Preto,ES,8.17
20262405,Thiago Moura Cardoso,31,Engenharia Eletrica,Teofilo Otoni,RJ,7.4
20262406,Fernanda Castro Ribeiro,26,Direito,Coronel Fabriciano,GO,8.75
20262407,Beatriz Medeiros Moura,52,Matematica,Vicosa,GO,7.67
20262408,Olivia Medeiros Barbosa,30,Engenharia Eletrica,Governador Valadares,MG,8.09
20262409,Yasmin Martins Santos,50,Fisica,Curvelo,GO,6.64
20262410,Juliana Oliveira Costa,25,Matematica,Salinas,SP,9.13
20262411,Natalia Moreira Fernandes Vieira,54,Fisica,Juiz de Fora,DF,9.52
20262412,Daniela Silva Lima,44,Agronomia,Juiz de Fora,RJ,6.5
20262413,Isabela Ramos Nunes,37,Matematica,Juiz de Fora,ES,7.21
20262414,Fernanda Marques Martins,42,Medicina,Uberlandia,GO,9.85
20262415,Beatriz Oliveira Santos,44,Analise e Desenvolvimento de Sistemas,Sao Francisco,SP,8.43
20262416,Carlos Pinto Moreira,35,Matematica,Uberlandia,ES,5.91
20262417,Fernanda Pereira Medeiros,40,Sistemas de Informacao,Curvelo,GO,6.86
20262418,Daniela Andrade Pinto,47,Quimica,Montes Claros,BA,6.8
20262419,Camila Costa,47,Administracao,Belo Horizonte,RJ,6.47
20262420,Alexandre Brito Vieira Moura,53,Matematica,Janauba,ES,6.93
20262421,Guilherme Machado Lopes Barbosa,39,Engenharia de Software,Brasilia de Minas,GO,6.08
20262422,Eduardo Barbosa Brito Pereira,43,Matematica,Governador Valadares,ES,6.2
20262423,Samuel Fernandes Pinto,46,Engenharia de Software,Diamantina,ES,9.32
20262424,Samuel Santos Moura Monteiro,28,Sistemas de Informacao,Diamantina,MG,7.91
20262425,Igor Castro Cardoso,31,Matematica,Ouro Preto,GO,8.78
20262426,Tatiana Alves Lopes,28,Engenharia Eletrica,Montes Claros,DF,7.8
20262427,Mariana Pereira,48,Ciencia da Computacao,Vicosa,SP,6.48
20262428,Caio Martins Vieira Marques,41,Medicina,Vicosa,DF,7.87
20262429,Igor Oliveira Lopes Silva,20,Engenharia de Software,Porteirinha,ES,7.12
20262430,Eduardo Gomes Brito,32,Matematica,Januaria,DF,5.13
20262431,Caio Alves Lima Pereira,31,Quimica,Juiz de Fora,SP,9.21
20262432,Camila Castro Nunes Martins,39,Matematica,Janauba,GO,8.32
20262433,Ana Monteiro Machado,23,Matematica,Governador Valadares,BA,9.63
20262434,Debora Monteiro Barbosa,30,Engenharia de Software,Janauba,RJ,6.9
20262435,Pedro Cavalcanti,53,Medicina,Januaria,BA,6.45
20262436,Guilherme Costa,26,Ciencia da Computacao,Diamantina,BA,6.52
20262437,Samuel Marques Carvalho,24,Ciencia da Computacao,Brasilia de Minas,BA,8.25
20262438,Guilherme Teixeira Nunes Cavalcanti,19,Ciencia da Computacao,Ouro Preto,DF,9.42
20262439,Alexandre Gomes Medeiros Fernandes,42,Matematica,Januaria,BA,9.34
20262440,Natalia Mendes Vieira,22,Direito,Porteirinha,BA,9.87
20262441,Alexandre Souza Gomes,32,Agronomia,Sao Francisco,MG,5.8
20262442,Luana Fernandes Machado Nunes,39,Sistemas de Informacao,Juiz de Fora,DF,6.65
20262443,Lucas Martins Martins Lima,51,Sistemas de Informacao,Governador Valadares,DF,6.15
20262444,Igor Dias,43,Matematica,Pirapora,BA,6.0
20262445,Bruno Almeida,30,Engenharia de Software,Uberlandia,RJ,7.16
20262446,Helena Machado Freitas Andrade,18,Direito,Uberlandia,BA,8.8
20262447,Caio Rocha Lopes,21,Sistemas de Informacao,Porteirinha,GO,6.81
20262448,Mariana Almeida,55,Agronomia,Porteirinha,DF,7.39
20262449,Olivia Fernandes Lima,20,Sistemas de Informacao,Ouro Preto,SP,7.25
20262450,Amanda Santos Ferreira Freitas,28,Sistemas de Informacao,Almenara,SP,5.26
20262451,Joao Marques Soares,52,Direito,Pirapora,DF,9.49
20262452,Natalia Rocha Soares,44,Engenharia Eletrica,Governador Valadares,DF,9.08
20262453,Mariana Soares Souza Moreira,41,Fisica,Ouro Preto,BA,7.63
20262454,Juliana Cardoso Gomes Dias,50,Engenharia Eletrica,Teofilo Otoni,BA,6.55
20262455,Amanda Dias,42,Administracao,Ouro Preto,SP,8.49
20262456,Juliana Lopes Ramos Lopes,30,Direito,Curvelo,DF,9.61
20262457,Gabriel Lima Ferreira Ferreira,21,Engenharia Eletrica,Lavras,RJ,9.73
20262458,Caio Monteiro,44,Quimica,Governador Valadares,MG,8.28
20262459,Eduardo Freitas Souza Ramos,36,Quimica,Januaria,DF,8.08
20262460,Juliana Nascimento Alves,55,Matematica,Governador Valadares,SP,8.4
20262461,Alexandre Pereira,49,Engenharia Eletrica,Teofilo Otoni,BA,5.7
20262462,Enzo Soares Lopes,32,Agronomia,Juiz de Fora,BA,5.8
20262463,Vinicius Gomes Gomes,25,Administracao,Teofilo Otoni,RJ,8.33
20262464,Samuel Pinto Moreira,30,Analise e Desenvolvimento de Sistemas,Montes Claros,GO,7.64
20262465,Vinicius Vieira,37,Direito,Montes Claros,SP,7.46
20262466,Rodrigo Castro Pinto,39,Ciencia da Computacao,Porteirinha,RJ,5.1
20262467,Debora Brito,42,Agronomia,Sao Francisco,MG,8.0
20262468,Nicolas Mendes Ramos Soares,29,Administracao,Uberlandia,GO,8.22
20262469,Gustavo Rocha,44,Analise e Desenvolvimento de Sistemas,Porteirinha,BA,7.22
20262470,Alexandre Costa Costa,40,Matematica,Almenara,MG,7.05
20262471,Caio Cavalcanti Ferreira Gomes,26,Ciencia da Computacao,Sao Francisco,ES,8.55
20262472,Amanda Vieira,25,Engenharia Eletrica,Janauba,DF,9.68
20262473,Olivia Oliveira Gomes Pinto,38,Medicina,Curvelo,RJ,6.14
20262474,Juliana Marques Ribeiro,36,Fisica,Teofilo Otoni,MG,7.11
20262475,Samuel Brito,50,Ciencia da Computacao,Ouro Preto,SP,5.48
20262476,Gabriel Almeida Cavalcanti,20,Ciencia da Computacao,Porteirinha,ES,7.62
20262477,Lucas Rodrigues Ferreira Ribeiro,27,Engenharia Eletrica,Teofilo Otoni,DF,5.37
20262478,Rodrigo Pereira Andrade Cavalcanti,27,Administracao,Ouro Preto,RJ,7.63
20262479,Yasmin Silva Alves Pinto,25,Agronomia,Janauba,SP,7.73
20262480,Yasmin Barbosa,26,Fisica,Montes Claros,MG,8.89
20262481,Rodrigo Ramos,46,Fisica,Lavras,RJ,6.2
20262482,Alexandre Moreira Nunes,36,Administracao,Brasilia de Minas,DF,8.65
20262483,Igor Carvalho Vieira,29,Engenharia Eletrica,Governador Valadares,BA,8.5
20262484,Juliana Ribeiro Rodrigues,30,Sistemas de Informacao,Montes Claros,SP,8.38
20262485,Lucas Brito,34,Agronomia,Belo Horizonte,DF,9.77
20262486,Natalia Teixeira Medeiros,25,Engenharia Eletrica,Vicosa,DF,8.01
20262487,Guilherme Pinto,35,Matematica,Lavras,MG,8.19
20262488,Nicolas Pereira Monteiro,19,Ciencia da Computacao,Diamantina,RJ,7.07
20262489,Lucas Silva,21,Ciencia da Computacao,Sao Francisco,BA,8.67
20262490,Nicolas Cavalcanti Nunes,30,Engenharia Eletrica,Montes Claros,SP,8.1
20262491,Mariana Fernandes Lopes,51,Analise e Desenvolvimento de Sistemas,Ouro Preto,GO,5.01
20262492,Lucas Marques Brito,28,Fisica,Curvelo,DF,8.0
20262493,Flavia Cavalcanti,45,Sistemas de Informacao,Juiz de Fora,DF,7.14
20262494,Pedro Ribeiro Monteiro,31,Agronomia,Governador Valadares,RJ,8.3
20262495,Olivia Carvalho Cardoso Marques,23,Agronomia,Janauba,GO,5.56
20262496,Felipe Nunes Ribeiro,43,Direito,Pirapora,BA,7.13
20262497,Gabriel Silva Rodrigues,30,Sistemas de Informacao,Lavras,DF,5.77
20262498,Gustavo Gomes Alves Cavalcanti,50,Quimica,Diamantina,SP,9.4
20262499,Gustavo Rodrigues Moura,48,Medicina,Montes Claros,RJ,9.67
20262500,Enzo Alves Oliveira,45,Fisica,Sao Francisco,DF,7.85
20262501,Felipe Moura,24,Fisica,Porteirinha,BA,8.77
20262502,Larissa Castro Mendes,44,Engenharia Eletrica,Juiz de Fora,ES,8.4
20262503,Amanda Marques Pinto,52,Fisica,Diamantina,ES,8.39
20262504,Natalia Ribeiro Santos,27,Quimica,Coronel Fabriciano,RJ,6.81
20262505,Flavia Cavalcanti Moreira Costa,40,Matematica,Pirapora,BA,6.59
20262506,Luana Teixeira Pinto,54,Sistemas de Informacao,Janauba,SP,6.1
20262507,Isabela Silva Mendes,37,Sistemas de Informacao,Curvelo,DF,7.98
20262508,Matheus Gomes Brito,44,Administracao,Curvelo,SP,5.31
20262509,Luana Nunes Ramos,19,Agronomia,Montes Claros,ES,8.83
20262510,Natalia Soares Monteiro,40,Fisica,Governador Valadares,DF,7.8
20262511,Eduardo Teixeira Martins,50,Engenharia de Software,Pirapora,RJ,7.26
20262512,Larissa Moura Dias,31,Administracao,Curvelo,ES,8.96
20262513,Enzo Vieira,55,Agronomia,Montes Claros,SP,6.42
20262514,Gustavo Costa,50,Administracao,Montes Claros,SP,9.73
20262515,Carlos Costa,43,Sistemas de Informacao,Juiz de Fora,MG,6.94
20262516,Gustavo Souza Santos,52,Sistemas de Informacao,Porteirinha,ES,9.08
20262517,Gabriel Almeida Silva,53,Agronomia,Curvelo,ES,5.93
20262518,Carlos Dias Cardoso,37,Fisica,Ouro Preto,ES,6.16
20262519,Matheus Soares Alves,53,Medicina,Uberlandia,DF,6.16
20262520,Joao Andrade,18,Ciencia da Computacao,Montes Claros,BA,5.23
20262521,Enzo Nunes Alves,55,Matematica,Sao Francisco,GO,6.0
20262522,Caio Moreira Vieira Alves,53,Engenharia de Software,Curvelo,BA,9.04
20262523,Vinicius Machado Mendes Medeiros,21,Agronomia,Vicosa,GO,9.47
20262524,Camila Cardoso Costa,44,Fisica,Januaria,MG,5.55
20262525,Isabela Andrade Pereira Souza,32,Engenharia de Software,Brasilia de Minas,SP,9.65
20262526,Gustavo Castro Oliveira,43,Direito,Porteirinha,GO,6.68
20262527,Flavia Andrade Costa,37,Ciencia da Computacao,Coronel Fabriciano,BA,8.86
20262528,Alexandre Nascimento,45,Direito,Almenara,SP,9.57
20262529,Mariana Ribeiro Pereira Castro,18,Medicina,Diamantina,BA,9.57
20262530,Vinicius Mendes Santos,34,Direito,Brasilia de Minas,RJ,9.41
20262531,Vinicius Rocha Andrade,32,Matematica,Uberlandia,SP,5.84
20262532,Pedro Cavalcanti Almeida Rocha,18,Direito,Salinas,BA,6.41
20262533,Olivia Alves Costa Castro,21,Ciencia da Computacao,Diamantina,RJ,5.63
20262534,Fernanda Rodrigues,48,Analise e Desenvolvimento de Sistemas,Almenara,GO,9.75
20262535,Isabela Fernandes Cavalcanti,52,Quimica,Diamantina,ES,6.7
20262536,Alexandre Monteiro Rocha,28,Sistemas de Informacao,Curvelo,GO,6.5
20262537,Caio Lima Rocha,24,Administracao,Pirapora,ES,6.61
20262538,Fernanda Mendes Rodrigues,21,Medicina,Januaria,ES,9.17
20262539,Yasmin Castro,23,Engenharia de Software,Juiz de Fora,RJ,6.51
20262540,Debora Carvalho Nascimento,27,Engenharia de Software,Juiz de Fora,DF,7.59
20262541,Vinicius Pereira Freitas Pereira,40,Matematica,Brasilia de Minas,GO,8.95
20262542,Nicolas Soares Vieira,31,Ciencia da Computacao,Janauba,BA,7.39
20262543,Pedro Martins Pereira,51,Analise e Desenvolvimento de Sistemas,Uberlandia,MG,9.28
20262544,Nicolas Lopes,51,Matematica,Teofilo Otoni,RJ,9.59
20262545,Rodrigo Cavalcanti Ribeiro,53,Engenharia Eletrica,Sao Francisco,DF,5.85
20262546,Nicolas Silva Vieira,53,Administracao,Teofilo Otoni,SP,8.35
20262547,Helena Mendes Barbosa,44,Medicina,Belo Horizonte,SP,8.57
20262548,Rodrigo Souza Alves,50,Matematica,Pirapora,SP,7.08
20262549,Vinicius Fernandes Moreira,49,Engenharia Eletrica,Vicosa,RJ,8.64
20262550,Amanda Nunes Pinto Rodrigues,37,Analise e Desenvolvimento de Sistemas,Belo Horizonte,DF,6.94
20262551,Thiago Soares Moreira,45,Engenharia de Software,Janauba,MG,7.99
20262552,Bruno Oliveira Pereira,21,Agronomia,Governador Valadares,ES,6.67
20262553,Bruno Cavalcanti Almeida,39,Sistemas de Informacao,Pirapora,GO,5.42
20262554,Camila Vieira Vieira,28,Fisica,Brasilia de Minas,RJ,6.36
20262555,Camila Barbosa Brito Brito,47,Matematica,Sao Francisco,RJ,5.84
20262556,Debora Ramos Dias Medeiros,40,Agronomia,Almenara,ES,8.64
20262557,Daniela Ribeiro Gomes Rodrigues,46,Quimica,Curvelo,RJ,8.58
20262558,Eduardo Lima Barbosa,51,Agronomia,Belo Horizonte,GO,7.98
20262559,Fernanda Freitas Silva Dias,55,Agronomia,Brasilia de Minas,SP,9.53
20262560,Tatiana Carvalho Machado Ramos,28,Agronomia,Coronel Fabriciano,ES,5.51
20262561,Olivia Santos,31,Agronomia,Lavras,SP,8.68
20262562,Helena Ferreira Medeiros Lopes,49,Agronomia,Salinas,SP,9.63
20262563,Ana Santos Brito,54,Fisica,Teofilo Otoni,DF,5.52
20262564,Daniela Andrade Rocha,27,Agronomia,Uberlandia,RJ,7.87
20262565,Debora Ferreira Rocha,50,Agronomia,Montes Claros,DF,8.54
20262566,Ana Rocha Martins Lima,43,Ciencia da Computacao,Pirapora,MG,7.82
20262567,Fernanda Silva Lopes Cavalcanti,26,Matematica,Vicosa,SP,5.66
20262568,Caio Pereira Lopes Machado,20,Matematica,Januaria,GO,7.6
20262569,Gabriel Teixeira Pereira Oliveira,36,Medicina,Januaria,BA,6.47
20262570,Olivia Nunes Rodrigues Dias,51,Direito,Belo Horizonte,RJ,8.71
20262571,Joao Ferreira,31,Quimica,Sao Francisco,ES,8.53
20262572,Rafaela Carvalho Nascimento,33,Matematica,Januaria,GO,5.03
20262573,Alexandre Machado Ferreira,41,Fisica,Brasilia de Minas,RJ,8.26
20262574,Beatriz Moreira,42,Analise e Desenvolvimento de Sistemas,Curvelo,RJ,7.78
20262575,Helena Alves Moreira,36,Analise e Desenvolvimento de Sistemas,Coronel Fabriciano,GO,8.01
20262576,Rodrigo Lopes Cardoso,49,Sistemas de Informacao,Juiz de Fora,MG,9.19
20262577,Guilherme Moreira Marques,18,Medicina,Diamantina,SP,5.87
20262578,Samuel Soares,22,Quimica,Uberlandia,MG,5.17
20262579,Larissa Rocha,31,Medicina,Ouro Preto,DF,9.01
20262580,Guilherme Soares Oliveira Andrade,25,Ciencia da Computacao,Belo Horizonte,GO,7.75
20262581,Natalia Carvalho,18,Engenharia de Software,Almenara,RJ,7.06
20262582,Rodrigo Alves Soares,34,Fisica,Porteirinha,RJ,5.57
20262583,Pedro Pinto Rocha Carvalho,19,Matematica,Uberlandia,ES,8.91
20262584,Flavia Soares Castro,18,Matematica,Teofilo Otoni,BA,7.48
20262585,Tatiana Brito Teixeira Freitas,35,Medicina,Sao Francisco,MG,9.19
20262586,Beatriz Cavalcanti Freitas,26,Direito,Pirapora,RJ,6.3
20262587,Isabela Monteiro,53,Engenharia Eletrica,Pirapora,DF,6.88
20262588,Tatiana Oliveira Martins Barbosa,31,Matematica,Lavras,DF,7.56
20262589,Natalia Carvalho,53,Direito,Juiz de Fora,GO,8.66
20262590,Pedro Almeida Carvalho Nunes,36,Direito,Juiz de Fora,MG,9.06
20262591,Ana Castro,18,Matematica,Pirapora,SP,5.95
20262592,Guilherme Santos Ribeiro Cavalcanti,26,Administracao,Almenara,SP,6.3
20262593,Carlos Soares,22,Fisica,Teofilo Otoni,DF,9.26
20262594,Luana Oliveira Nascimento Mendes,47,Sistemas de Informacao,Montes Claros,SP,8.71
20262595,Daniela Ramos,55,Quimica,Porteirinha,MG,7.77
20262596,Debora Lopes,53,Fisica,Salinas,MG,8.04
20262597,Yasmin Alves Gomes Gomes,35,Agronomia,Juiz de Fora,MG,7.88
20262598,Matheus Gomes Moreira Soares,54,Administracao,Belo Horizonte,BA,5.87
20262599,Natalia Barbosa,27,Sistemas de Informacao,Brasilia de Minas,MG,6.3
20262600,Olivia Ribeiro Marques Alves,24,Agronomia,Governador Valadares,MG,5.17
20262601,Camila Machado Alves,42,Analise e Desenvolvimento de Sistemas,Januaria,RJ,5.06
20262602,Joao Costa Souza,27,Ciencia da Computacao,Januaria,ES,6.64
20262603,Flavia Marques Lima Rodrigues,54,Medicina,Belo Horizonte,RJ,9.7
20262604,Ana Dias Freitas,48,Matematica,Janauba,MG,5.29
20262605,Igor Dias Medeiros,18,Ciencia da Computacao,Juiz de Fora,BA,8.02
20262606,Carlos Mendes,28,Sistemas de Informacao,Salinas,MG,6.0
20262607,Thiago Oliveira Teixeira Cardoso,22,Fisica,Coronel Fabriciano,RJ,5.7
20262608,Samuel Rocha,35,Quimica,Uberlandia,DF,5.55
20262609,Thiago Costa Monteiro,22,Direito,Montes Claros,RJ,6.26
20262610,Daniela Gomes Almeida,37,Engenharia de Software,Almenara,BA,6.77
20262611,Flavia Silva,27,Medicina,Teofilo Otoni,BA,9.47
20262612,Fernanda Gomes Santos,55,Engenharia de Software,Brasilia de Minas,GO,9.03
20262613,Matheus Ribeiro Moreira Brito,19,Analise e Desenvolvimento de Sistemas,Teofilo Otoni,RJ,8.14
20262614,Gabriel Almeida Lima,48,Administracao,Salinas,GO,7.28
20262615,Leticia Santos Lima Fernandes,40,Quimica,Sao Francisco,ES,7.65
20262616,Carlos Lima,24,Engenharia Eletrica,Curvelo,GO,5.54
20262617,Felipe Pinto Ferreira Costa,45,Agronomia,Coronel Fabriciano,DF,8.45
20262618,Felipe Marques Soares Cardoso,53,Administracao,Lavras,GO,7.06
20262619,Enzo Souza Silva,50,Agronomia,Porteirinha,SP,7.24
20262620,Pedro Mendes,53,Engenharia Eletrica,Curvelo,MG,7.8
20262621,Luana Medeiros Lima,23,Administracao,Brasilia de Minas,MG,5.25
20262622,Camila Martins Nunes,26,Analise e Desenvolvimento de Sistemas,Janauba,BA,6.37
20262623,Isabela Fernandes Mendes,20,Agronomia,Teofilo Otoni,MG,6.1
20262624,Guilherme Rocha Fernandes Machado,29,Sistemas de Informacao,Montes Claros,BA,5.32
20262625,Natalia Gomes,18,Medicina,Janauba,MG,9.31
20262626,Ana Souza Santos Santos,53,Agronomia,Coronel Fabriciano,BA,8.89
20262627,Flavia Freitas Lopes Pinto,25,Matematica,Montes Claros,MG,7.53
20262628,Thiago Ferreira Pereira,34,Engenharia Eletrica,Coronel Fabriciano,DF,5.01
20262629,Fernanda Moreira Medeiros,27,Analise e Desenvolvimento de Sistemas,Almenara,GO,7.42
20262630,Amanda Cavalcanti Medeiros Freitas,20,Administracao,Montes Claros,ES,8.9
20262631,Felipe Ferreira Monteiro,45,Direito,Porteirinha,RJ,6.2
20262632,Gustavo Pinto,50,Engenharia de Software,Diamantina,BA,7.13
20262633,Rafaela Mendes Ferreira Alves,51,Engenharia Eletrica,Janauba,MG,8.24
20262634,Debora Soares Dias,50,Sistemas de Informacao,Curvelo,DF,6.51
20262635,Nicolas Soares Silva Rodrigues,41,Analise e Desenvolvimento de Sistemas,Janauba,DF,6.17
20262636,Bruno Mendes Rocha,42,Matematica,Governador Valadares,ES,6.23
20262637,Tatiana Nunes Machado,46,Sistemas de Informacao,Januaria,MG,5.29
20262638,Bruno Lima,52,Engenharia Eletrica,Lavras,BA,9.51
20262639,Rodrigo Mendes Castro,36,Ciencia da Computacao,Almenara,RJ,5.69
20262640,Rodrigo Rodrigues Ramos,34,Quimica,Janauba,BA,7.29
20262641,Caio Martins Marques Barbosa,28,Analise e Desenvolvimento de Sistemas,Sao Francisco,RJ,5.09
20262642,Lucas Brito Alves,53,Sistemas de Informacao,Ouro Preto,GO,6.63
20262643,Guilherme Rodrigues Ribeiro,38,Medicina,Curvelo,MG,6.41
20262644,Flavia Pereira Oliveira Souza,47,Matematica,Teofilo Otoni,BA,5.27
20262645,Bruno Souza Ferreira,26,Agronomia,Diamantina,ES,5.7
20262646,Fernanda Ribeiro,30,Sistemas de Informacao,Curvelo,GO,9.85
20262647,Eduardo Nascimento Ferreira,26,Ciencia da Computacao,Porteirinha,ES,8.51
20262648,Isabela Machado,38,Analise e Desenvolvimento de Sistemas,Porteirinha,SP,6.87
20262649,Yasmin Ribeiro,27,Direito,Uberlandia,BA,9.18
20262650,Bruno Alves Brito,23,Medicina,Diamantina,MG,6.79
20262651,Olivia Barbosa Ramos Gomes,34,Analise e Desenvolvimento de Sistemas,Sao Francisco,ES,9.71
20262652,Guilherme Cavalcanti,28,Sistemas de Informacao,Janauba,DF,5.5
20262653,Larissa Ribeiro Nunes,46,Ciencia da Computacao,Lavras,RJ,9.15
20262654,Enzo Nascimento Nunes Gomes,26,Engenharia de Software,Salinas,ES,9.31
20262655,Guilherme Cavalcanti Mendes Teixeira,35,Matematica,Brasilia de Minas,RJ,7.29
20262656,Lucas Pinto,21,Fisica,Belo Horizonte,SP,5.07
20262657,Gabriel Teixeira Barbosa,50,Matematica,Vicosa,SP,9.77
20262658,Alexandre Fernandes,31,Engenharia de Software,Januaria,SP,8.56
20262659,Enzo Monteiro Gomes Pereira,27,Engenharia Eletrica,Janauba,DF,8.12
20262660,Gustavo Nascimento Costa Nascimento,34,Matematica,Teofilo Otoni,MG,9.75
20262661,Tatiana Vieira Ferreira,25,Engenharia Eletrica,Governador Valadares,RJ,8.79
20262662,Fernanda Moura Gomes,47,Analise e Desenvolvimento de Sistemas,Montes Claros,DF,8.28
20262663,Pedro Dias Pinto,36,Agronomia,Lavras,DF,5.88
20262664,Camila Fernandes,55,Administracao,Ouro Preto,MG,9.87
20262665,Bruno Nascimento Alves,24,Ciencia da Computacao,Teofilo Otoni,MG,5.79
20262666,Yasmin Martins Fernandes Ferreira,29,Analise e Desenvolvimento de Sistemas,Montes Claros,MG,8.47
20262667,Luana Moura,45,Ciencia da Computacao,Diamantina,RJ,5.7
20262668,Rodrigo Moreira Souza Souza,30,Sistemas de Informacao,Januaria,GO,5.99
20262669,Leticia Pinto Brito,21,Engenharia Eletrica,Salinas,DF,6.35
20262670,Olivia Barbosa Cardoso Pereira,33,Engenharia Eletrica,Vicosa,GO,5.48
20262671,Leticia Marques Oliveira Alves,42,Sistemas de Informacao,Sao Francisco,GO,8.5
20262672,Daniela Teixeira Soares Alves,55,Fisica,Brasilia de Minas,DF,9.79
20262673,Camila Dias Andrade,18,Fisica,Pirapora,MG,6.01
20262674,Pedro Dias Moura,28,Quimica,Pirapora,MG,7.32
20262675,Camila Mendes,51,Quimica,Montes Claros,RJ,5.67
20262676,Daniela Almeida Freitas,25,Administracao,Pirapora,RJ,5.13
20262677,Helena Brito Cardoso,27,Sistemas de Informacao,Belo Horizonte,GO,7.92
20262678,Enzo Soares Cardoso Ramos,25,Agronomia,Belo Horizonte,RJ,6.66
20262679,Joao Marques Monteiro,24,Ciencia da Computacao,Teofilo Otoni,DF,6.41
20262680,Leticia Andrade,40,Direito,Lavras,MG,5.07
20262681,Vinicius Martins Lima,31,Administracao,Teofilo Otoni,BA,9.75
20262682,Amanda Oliveira,42,Matematica,Coronel Fabriciano,ES,6.73
20262683,Flavia Cardoso Santos,42,Direito,Sao Francisco,MG,7.14
20262684,Rafaela Medeiros Andrade,27,Engenharia Eletrica,Janauba,MG,8.61
20262685,Yasmin Gomes Moreira Rodrigues,18,Direito,Montes Claros,BA,5.97
20262686,Camila Soares,28,Engenharia de Software,Belo Horizonte,GO,8.67
20262687,Felipe Almeida,54,Sistemas de Informacao,Brasilia de Minas,ES,9.19
20262688,Pedro Santos Silva,37,Engenharia Eletrica,Uberlandia,ES,8.97
20262689,Ana Rocha,32,Ciencia da Computacao,Almenara,MG,6.8
20262690,Matheus Andrade,53,Administracao,Brasilia de Minas,RJ,8.49
20262691,Luana Dias Almeida,37,Agronomia,Salinas,MG,5.02
20262692,Helena Fernandes,49,Administracao,Porteirinha,DF,9.87
20262693,Amanda Machado Pereira,38,Direito,Diamantina,ES,6.65
20262694,Helena Lima Cavalcanti Rodrigues,46,Direito,Janauba,DF,5.48
20262695,Debora Medeiros Ramos,50,Engenharia Eletrica,Janauba,SP,6.27
20262696,Carlos Castro Freitas,28,Analise e Desenvolvimento de Sistemas,Coronel Fabriciano,MG,5.75
20262697,Isabela Andrade Fernandes Machado,47,Direito,Almenara,MG,6.75
20262698,Bruno Freitas Carvalho,21,Agronomia,Juiz de Fora,MG,6.77
20262699,Matheus Cavalcanti Almeida Cardoso,21,Analise e Desenvolvimento de Sistemas,Pirapora,RJ,6.56
20262700,Camila Santos Ribeiro Mendes,36,Engenharia Eletrica,Brasilia de Minas,ES,9.15
20262701,Mariana Moreira Souza Costa,54,Sistemas de Informacao,Janauba,SP,8.78
20262702,Camila Nunes Gomes,46,Sistemas de Informacao,Ouro Preto,ES,9.09
20262703,Joao Marques Machado Soares,26,Ciencia da Computacao,Juiz de Fora,GO,9.37
20262704,Juliana Cardoso Rodrigues,31,Medicina,Belo Horizonte,GO,7.69
20262705,Matheus Marques Lima Nascimento,26,Analise e Desenvolvimento de Sistemas,Lavras,RJ,8.54
20262706,Gustavo Souza Marques Santos,34,Agronomia,Lavras,RJ,7.9
20262707,Daniela Dias Andrade,33,Engenharia de Software,Montes Claros,SP,8.86
20262708,Gustavo Gomes Cardoso,30,Matematica,Uberlandia,GO,5.41
20262709,Gustavo Mendes Machado Soares,18,Medicina,Belo Horizonte,GO,8.22
20262710,Joao Souza Cardoso,50,Matematica,Juiz de Fora,RJ,8.48
20262711,Lucas Machado Rodrigues,55,Quimica,Montes Claros,BA,9.07
20262712,Juliana Ribeiro Cardoso,31,Administracao,Almenara,RJ,8.57
20262713,Mariana Ribeiro,27,Direito,Pirapora,MG,8.73
20262714,Debora Ramos Machado Castro,25,Direito,Pirapora,RJ,5.81
20262715,Lucas Brito Cavalcanti Andrade,25,Engenharia de Software,Porteirinha,DF,7.71
20262716,Pedro Oliveira Andrade,29,Engenharia Eletrica,Uberlandia,ES,5.04
20262717,Mariana Ribeiro Santos,29,Quimica,Uberlandia,ES,8.89
20262718,Tatiana Ribeiro,43,Engenharia de Software,Vicosa,DF,5.38
20262719,Bruno Rodrigues Mendes,47,Ciencia da Computacao,Belo Horizonte,DF,9.89
20262720,Nicolas Mendes Oliveira,39,Fisica,Montes Claros,MG,6.43
20262721,Mariana Marques,47,Sistemas de Informacao,Porteirinha,SP,6.85
20262722,Helena Mendes Costa,54,Engenharia de Software,Juiz de Fora,RJ,9.8
20262723,Ana Cavalcanti Almeida Medeiros,20,Quimica,Coronel Fabriciano,DF,9.56
20262724,Lucas Nascimento Brito,53,Medicina,Pirapora,GO,7.96
20262725,Pedro Lima Freitas Costa,49,Sistemas de Informacao,Ouro Preto,DF,5.43
20262726,Helena Moreira Almeida Nascimento,21,Engenharia de Software,Curvelo,DF,7.1
20262727,Isabela Marques,46,Administracao,Janauba,DF,5.84
20262728,Leticia Barbosa Nascimento Carvalho,55,Direito,Porteirinha,ES,8.67
20262729,Bruno Mendes Silva,50,Agronomia,Uberlandia,SP,9.0
20262730,Natalia Andrade Marques,19,Sistemas de Informacao,Januaria,ES,5.05
20262731,Gabriel Medeiros Costa Castro,20,Sistemas de Informacao,Teofilo Otoni,DF,5.38
20262732,Yasmin Lopes Brito,20,Engenharia de Software,Porteirinha,ES,7.8
20262733,Pedro Ribeiro,28,Medicina,Belo Horizonte,BA,6.01
20262734,Lucas Lopes,40,Engenharia Eletrica,Januaria,BA,8.97
20262735,Beatriz Nascimento Souza Pereira,32,Medicina,Brasilia de Minas,SP,8.9
20262736,Carlos Almeida Nunes,55,Agronomia,Ouro Preto,DF,7.75
20262737,Olivia Brito Martins,33,Analise e Desenvolvimento de Sistemas,Teofilo Otoni,SP,9.16
20262738,Lucas Pinto Machado,26,Ciencia da Computacao,Ouro Preto,MG,6.7
20262739,Felipe Almeida Pereira Lima,35,Engenharia de Software,Salinas,BA,9.31
20262740,Beatriz Castro,43,Medicina,Governador Valadares,ES,8.01
20262741,Helena Gomes Lopes Ramos,43,Analise e Desenvolvimento de Sistemas,Salinas,RJ,7.25
20262742,Tatiana Costa Rodrigues,18,Administracao,Teofilo Otoni,ES,8.8
20262743,Fernanda Medeiros Carvalho,46,Medicina,Governador Valadares,DF,5.48
20262744,Flavia Mendes,22,Quimica,Diamantina,MG,7.36
20262745,Flavia Lima Machado,35,Direito,Janauba,BA,8.27
20262746,Flavia Soares Moreira,24,Sistemas de Informacao,Montes Claros,ES,7.09
20262747,Pedro Santos Silva,54,Matematica,Teofilo Otoni,GO,8.63
20262748,Tatiana Rocha Lima,35,Ciencia da Computacao,Belo Horizonte,BA,8.46
20262749,Pedro Dias,40,Ciencia da Computacao,Janauba,MG,6.33
20262750,Igor Alves Pinto Alves,37,Analise e Desenvolvimento de Sistemas,Januaria,ES,9.17
20262751,Amanda Freitas Lima,34,Direito,Governador Valadares,BA,6.83
20262752,Igor Gomes Ferreira Teixeira,52,Analise e Desenvolvimento de Sistemas,Porteirinha,GO,8.91
20262753,Felipe Pereira Pinto,29,Quimica,Montes Claros,SP,8.78
20262754,Carlos Machado Ramos,42,Matematica,Belo Horizonte,BA,9.32
20262755,Amanda Pinto Monteiro Machado,40,Engenharia Eletrica,Sao Francisco,DF,8.03
20262756,Beatriz Freitas,52,Fisica,Brasilia de Minas,RJ,6.35
20262757,Beatriz Teixeira Nascimento Moura,51,Analise e Desenvolvimento de Sistemas,Ouro Preto,BA,9.77
20262758,Isabela Cardoso Lima,43,Sistemas de Informacao,Montes Claros,GO,7.49
20262759,Igor Pinto Costa,41,Engenharia de Software,Belo Horizonte,DF,8.82
20262760,Debora Ferreira Pinto Nunes,28,Agronomia,Teofilo Otoni,BA,5.9
20262761,Gabriel Cavalcanti Ribeiro,40,Quimica,Coronel Fabriciano,BA,8.71
20262762,Joao Ribeiro Monteiro Marques,30,Matematica,Porteirinha,BA,8.17
20262763,Lucas Costa,33,Engenharia de Software,Salinas,SP,7.79
20262764,Ana Silva,44,Administracao,Teofilo Otoni,DF,8.4
20262765,Guilherme Nunes,18,Engenharia de Software,Janauba,DF,9.11
20262766,Debora Machado Martins Ribeiro,22,Direito,Brasilia de Minas,GO,5.19
20262767,Luana Rodrigues Souza Ferreira,54,Analise e Desenvolvimento de Sistemas,Diamantina,SP,8.74
20262768,Mariana Lima Costa,37,Direito,Salinas,MG,9.65
20262769,Ana Oliveira Marques,19,Agronomia,Almenara,RJ,7.38
20262770,Flavia Fernandes,43,Engenharia Eletrica,Uberlandia,DF,9.12
20262771,Isabela Lima Nunes,36,Analise e Desenvolvimento de Sistemas,Lavras,GO,9.6
20262772,Thiago Rocha,32,Direito,Teofilo Otoni,BA,6.33
20262773,Isabela Gomes,32,Fisica,Pirapora,BA,9.82
20262774,Guilherme Pereira Silva Brito,34,Engenharia de Software,Salinas,RJ,6.47
20262775,Gabriel Moreira Nascimento Fernandes,36,Engenharia Eletrica,Belo Horizonte,RJ,5.88
20262776,Enzo Moura Andrade,48,Administracao,Januaria,RJ,9.21
20262777,Samuel Castro Vieira,29,Matematica,Januaria,DF,6.36
20262778,Eduardo Cardoso Rocha,39,Engenharia Eletrica,Lavras,ES,7.16
20262779,Natalia Brito Brito Medeiros,30,Sistemas de Informacao,Brasilia de Minas,GO,5.9
20262780,Vinicius Monteiro Almeida Mendes,37,Engenharia de Software,Porteirinha,MG,8.77
20262781,Tatiana Nascimento,45,Medicina,Belo Horizonte,ES,9.04
20262782,Joao Medeiros Silva,28,Medicina,Brasilia de Minas,DF,7.63
20262783,Enzo Lima Marques Monteiro,54,Ciencia da Computacao,Porteirinha,GO,7.29
20262784,Isabela Fernandes,22,Fisica,Montes Claros,MG,7.92
20262785,Beatriz Rocha Cardoso,35,Sistemas de Informacao,Salinas,RJ,8.56
20262786,Amanda Castro Santos,20,Matematica,Diamantina,RJ,7.61
20262787,Isabela Souza Barbosa,49,Fisica,Uberlandia,GO,5.46
20262788,Rodrigo Moura Soares,35,Analise e Desenvolvimento de Sistemas,Juiz de Fora,MG,6.94
20262789,Felipe Mendes Nascimento,44,Engenharia de Software,Uberlandia,DF,7.29
20262790,Enzo Almeida Nunes,53,Engenharia Eletrica,Sao Francisco,GO,6.45
20262791,Camila Andrade Moura,54,Ciencia da Computacao,Januaria,BA,7.22
20262792,Lucas Medeiros Pereira Silva,51,Engenharia de Software,Janauba,MG,8.42
20262793,Leticia Moreira Santos,36,Analise e Desenvolvimento de Sistemas,Sao Francisco,RJ,8.69
20262794,Beatriz Oliveira Almeida,33,Direito,Porteirinha,RJ,7.9
20262795,Bruno Nunes Cardoso,46,Fisica,Belo Horizonte,MG,9.01
20262796,Helena Monteiro Lima,29,Quimica,Teofilo Otoni,RJ,7.01
20262797,Thiago Fernandes Ferreira Brito,19,Agronomia,Juiz de Fora,ES,8.17
20262798,Olivia Teixeira Dias,20,Administracao,Vicosa,DF,6.01
20262799,Yasmin Costa Teixeira,50,Direito,Coronel Fabriciano,MG,8.64
20262800,Alexandre Santos Barbosa,54,Sistemas de Informacao,Almenara,DF,5.58
20262801,Samuel Monteiro Machado,22,Agronomia,Coronel Fabriciano,GO,8.54
20262802,Flavia Carvalho,29,Ciencia da Computacao,Salinas,RJ,8.74
20262803,Ana Cardoso Martins,55,Matematica,Teofilo Otoni,DF,9.1
20262804,Fernanda Medeiros Cavalcanti Costa,49,Engenharia Eletrica,Ouro Preto,BA,7.05
20262805,Olivia Almeida Freitas,23,Direito,Montes Claros,ES,7.07
20262806,Luana Soares Costa Nunes,55,Engenharia de Software,Teofilo Otoni,MG,6.01
20262807,Felipe Lopes Ferreira,33,Medicina,Brasilia de Minas,GO,9.85
20262808,Bruno Pereira Vieira,40,Matematica,Governador Valadares,RJ,7.2
20262809,Gustavo Ribeiro Rodrigues Brito,39,Agronomia,Juiz de Fora,BA,5.01
20262810,Gustavo Moura Costa,35,Analise e Desenvolvimento de Sistemas,Ouro Preto,ES,8.64
20262811,Rafaela Souza Gomes,22,Direito,Ouro Preto,MG,7.03
20262812,Ana Moreira Moreira,35,Fisica,Diamantina,GO,5.56
20262813,Camila Pinto Souza Alves,42,Fisica,Porteirinha,DF,7.85
20262814,Juliana Teixeira Ferreira Dias,18,Analise e Desenvolvimento de Sistemas,Juiz de Fora,DF,5.23
20262815,Gustavo Gomes Marques,37,Ciencia da Computacao,Juiz de Fora,MG,6.0
20262816,Felipe Oliveira Moura,22,Direito,Teofilo Otoni,RJ,5.74
20262817,Guilherme Monteiro,29,Fisica,Brasilia de Minas,DF,6.47
20262818,Bruno Santos Freitas,27,Agronomia,Lavras,GO,7.84
20262819,Thiago Ribeiro Freitas,35,Engenharia Eletrica,Salinas,RJ,7.65
20262820,Amanda Pereira Castro,42,Engenharia Eletrica,Teofilo Otoni,DF,7.31
20262821,Ana Monteiro Oliveira,51,Sistemas de Informacao,Montes Claros,BA,8.06
20262822,Mariana Marques Martins,34,Engenharia de Software,Porteirinha,BA,6.6
20262823,Mariana Soares Dias,51,Fisica,Vicosa,MG,5.4
20262824,Vinicius Gomes,37,Sistemas de Informacao,Sao Francisco,BA,7.0
20262825,Fernanda Gomes,32,Direito,Sao Francisco,BA,5.04
20262826,Tatiana Medeiros Mendes,43,Quimica,Januaria,BA,7.99
20262827,Joao Silva Lima,36,Analise e Desenvolvimento de Sistemas,Coronel Fabriciano,SP,5.65
20262828,Yasmin Oliveira Nascimento Nascimento,32,Quimica,Uberlandia,SP,7.46
20262829,Felipe Mendes,41,Engenharia de Software,Montes Claros,BA,9.28
20262830,Tatiana Teixeira Cavalcanti Gomes,25,Medicina,Curvelo,RJ,9.89
20262831,Debora Fernandes Nunes,44,Sistemas de Informacao,Belo Horizonte,BA,6.13
20262832,Flavia Freitas,51,Administracao,Brasilia de Minas,ES,5.36
20262833,Yasmin Medeiros Ramos,29,Sistemas de Informacao,Januaria,SP,5.91
20262834,Mariana Costa Marques,54,Matematica,Almenara,MG,6.88
20262835,Larissa Medeiros Pinto,44,Sistemas de Informacao,Belo Horizonte,SP,6.85
20262836,Gustavo Gomes Pinto Castro,53,Analise e Desenvolvimento de Sistemas,Belo Horizonte,SP,8.68
20262837,Flavia Monteiro Teixeira Freitas,49,Direito,Governador Valadares,BA,6.82
20262838,Ana Barbosa Pereira Lopes,34,Agronomia,Teofilo Otoni,MG,7.56
20262839,Samuel Castro Lopes Alves,38,Analise e Desenvolvimento de Sistemas,Governador Valadares,ES,8.66
20262840,Gustavo Ferreira Gomes Lima,43,Ciencia da Computacao,Montes Claros,MG,9.39
20262841,Daniela Freitas Nunes,27,Matematica,Salinas,DF,6.49
20262842,Pedro Oliveira Vieira,54,Engenharia Eletrica,Belo Horizonte,SP,5.58
20262843,Thiago Ramos Rocha,27,Fisica,Ouro Preto,RJ,5.65
20262844,Felipe Machado Rocha,42,Engenharia de Software,Teofilo Otoni,GO,8.85
20262845,Igor Vieira Silva Dias,27,Ciencia da Computacao,Lavras,BA,6.14
20262846,Bruno Medeiros Ramos Machado,45,Matematica,Pirapora,ES,9.62
20262847,Luana Nunes Lima,54,Agronomia,Januaria,GO,9.84
20262848,Felipe Lima Silva,23,Direito,Sao Francisco,BA,8.08
20262849,Luana Marques,44,Engenharia Eletrica,Lavras,RJ,7.8
20262850,Juliana Vieira Silva Barbosa,33,Engenharia de Software,Vicosa,SP,5.59
20262851,Pedro Rodrigues,30,Direito,Governador Valadares,SP,9.17
20262852,Daniela Ramos,49,Direito,Belo Horizonte,GO,5.83
20262853,Caio Souza Almeida,44,Engenharia Eletrica,Curvelo,DF,8.25
20262854,Juliana Dias Brito Pinto,22,Matematica,Belo Horizonte,ES,7.37
20262855,Carlos Martins Barbosa,29,Engenharia de Software,Brasilia de Minas,SP,9.15
20262856,Gustavo Silva Fernandes,49,Administracao,Montes Claros,RJ,8.67
20262857,Igor Almeida Rocha,22,Ciencia da Computacao,Vicosa,RJ,6.57
20262858,Gustavo Rodrigues Cardoso Oliveira,53,Medicina,Salinas,RJ,8.41
20262859,Lucas Cavalcanti Pinto Nascimento,23,Engenharia de Software,Sao Francisco,RJ,5.94
20262860,Gustavo Rodrigues Monteiro,40,Agronomia,Montes Claros,SP,6.7
20262861,Gabriel Rocha Mendes Soares,35,Quimica,Governador Valadares,RJ,8.28
20262862,Helena Nunes Souza,49,Direito,Montes Claros,MG,6.4
20262863,Ana Barbosa Rocha,37,Engenharia Eletrica,Ouro Preto,SP,9.83
20262864,Rafaela Castro Cavalcanti Gomes,29,Engenharia Eletrica,Ouro Preto,MG,8.34
20262865,Flavia Costa Oliveira,33,Agronomia,Sao Francisco,DF,7.67
20262866,Tatiana Santos Mendes,52,Agronomia,Montes Claros,BA,6.92
20262867,Beatriz Ferreira,42,Engenharia de Software,Uberlandia,GO,7.94
20262868,Rafaela Dias Marques Lima,30,Ciencia da Computacao,Belo Horizonte,ES,9.83
20262869,Bruno Teixeira Teixeira,21,Administracao,Vicosa,MG,7.48
20262870,Leticia Cardoso Oliveira Castro,28,Ciencia da Computacao,Pirapora,ES,8.43
20262871,Vinicius Almeida,23,Engenharia Eletrica,Belo Horizonte,GO,9.2
20262872,Enzo Moreira,24,Engenharia Eletrica,Janauba,ES,6.35
20262873,Daniela Dias Costa,43,Analise e Desenvolvimento de Sistemas,Teofilo Otoni,GO,5.58
20262874,Flavia Oliveira Vieira,47,Fisica,Teofilo Otoni,BA,5.09
20262875,Matheus Silva Cardoso,48,Engenharia de Software,Sao Francisco,GO,6.36
20262876,Daniela Cavalcanti Lima,30,Engenharia Eletrica,Juiz de Fora,DF,5.31
20262877,Eduardo Brito Medeiros,39,Quimica,Diamantina,ES,6.33
20262878,Natalia Moreira Marques Lima,44,Sistemas de Informacao,Diamantina,SP,8.45
20262879,Ana Andrade Almeida,18,Sistemas de Informacao,Coronel Fabriciano,MG,8.63
20262880,Igor Andrade Ramos,53,Direito,Montes Claros,BA,9.44
20262881,Daniela Dias Souza,43,Analise e Desenvolvimento de Sistemas,Januaria,RJ,6.94
20262882,Ana Andrade Oliveira,26,Quimica,Lavras,GO,5.43
20262883,Tatiana Silva Brito,52,Matematica,Pirapora,MG,9.21
20262884,Amanda Pereira Costa,21,Quimica,Diamantina,GO,5.14
20262885,Bruno Castro Soares,39,Sistemas de Informacao,Belo Horizonte,DF,9.62
20262886,Thiago Freitas Castro Andrade,32,Engenharia Eletrica,Curvelo,GO,9.04
20262887,Carlos Souza Brito Cavalcanti,45,Ciencia da Computacao,Almenara,DF,9.74
20262888,Natalia Vieira Rocha,34,Engenharia de Software,Curvelo,BA,5.21
20262889,Leticia Castro Vieira,36,Medicina,Diamantina,ES,5.44
20262890,Leticia Pereira Monteiro,42,Medicina,Sao Francisco,ES,6.04
20262891,Vinicius Dias Nunes Nunes,28,Sistemas de Informacao,Governador Valadares,DF,8.36
20262892,Natalia Brito,49,Ciencia da Computacao,Janauba,GO,7.0
20262893,Guilherme Alves,44,Sistemas de Informacao,Brasilia de Minas,ES,7.07
20262894,Vinicius Mendes Gomes,44,Administracao,Montes Claros,BA,5.96
20262895,Eduardo Andrade Teixeira Andrade,19,Engenharia Eletrica,Sao Francisco,BA,8.34
20262896,Pedro Ferreira,45,Direito,Pirapora,SP,7.07
20262897,Joao Medeiros Souza,41,Sistemas de Informacao,Teofilo Otoni,SP,6.48
20262898,Amanda Rocha Barbosa,46,Matematica,Porteirinha,MG,8.48
20262899,Debora Carvalho Alves Rocha,47,Matematica,Januaria,SP,8.54
20262900,Fernanda Moura,54,Agronomia,Coronel Fabriciano,RJ,9.73
20262901,Flavia Pinto Carvalho Machado,39,Administracao,Pirapora,ES,6.15
20262902,Gustavo Ramos Soares Monteiro,47,Administracao,Ouro Preto,MG,6.83
20262903,Mariana Lopes Cardoso,48,Quimica,Salinas,ES,6.3
20262904,Gabriel Medeiros Ribeiro Costa,19,Matematica,Sao Francisco,RJ,7.4
20262905,Juliana Castro Cardoso,31,Fisica,Almenara,BA,7.77
20262906,Vinicius Soares Oliveira Ribeiro,53,Sistemas de Informacao,Janauba,BA,8.74
20262907,Larissa Moreira Brito Pinto,29,Engenharia de Software,Teofilo Otoni,RJ,7.32
20262908,Lucas Almeida Cavalcanti,39,Fisica,Almenara,MG,5.67
20262909,Bruno Medeiros Alves,34,Quimica,Montes Claros,MG,7.07
20262910,Mariana Moura,35,Engenharia de Software,Almenara,BA,9.71
20262911,Eduardo Castro Pinto,51,Sistemas de Informacao,Governador Valadares,MG,8.92
20262912,Alexandre Ferreira Dias,35,Quimica,Janauba,BA,9.39
20262913,Joao Rocha,45,Matematica,Governador Valadares,ES,5.34
20262914,Pedro Pereira Santos,18,Quimica,Coronel Fabriciano,DF,6.39
20262915,Juliana Ribeiro Machado,27,Sistemas de Informacao,Vicosa,RJ,7.29
20262916,Eduardo Marques Teixeira,20,Administracao,Coronel Fabriciano,SP,8.58
20262917,Joao Silva,31,Agronomia,Sao Francisco,MG,6.17
20262918,Beatriz Brito Rocha Costa,50,Engenharia de Software,Almenara,GO,6.41
20262919,Carlos Cardoso Barbosa Souza,26,Direito,Porteirinha,MG,8.31
20262920,Matheus Andrade Teixeira Costa,45,Direito,Uberlandia,BA,6.82
20262921,Isabela Costa Silva Oliveira,33,Quimica,Coronel Fabriciano,BA,8.94
20262922,Caio Nunes Soares,44,Quimica,Salinas,SP,7.81
20262923,Gustavo Ramos Pinto,31,Engenharia Eletrica,Lavras,BA,9.81
20262924,Thiago Ramos Medeiros,52,Quimica,Porteirinha,DF,9.89
20262925,Samuel Castro Teixeira Machado,20,Matematica,Governador Valadares,SP,8.99
20262926,Vinicius Castro,31,Sistemas de Informacao,Uberlandia,DF,9.27
20262927,Igor Lima Almeida,55,Engenharia de Software,Coronel Fabriciano,MG,5.64
20262928,Leticia Pinto,52,Fisica,Salinas,GO,9.25
20262929,Luana Vieira,53,Medicina,Diamantina,SP,5.08
20262930,Mariana Mendes Machado,28,Sistemas de Informacao,Belo Horizonte,DF,7.9
20262931,Yasmin Ramos Barbosa,29,Fisica,Teofilo Otoni,SP,6.95
20262932,Rodrigo Ramos Rodrigues,50,Agronomia,Lavras,BA,9.45
20262933,Joao Moura,52,Fisica,Vicosa,MG,6.62
20262934,Vinicius Rodrigues Moreira,51,Ciencia da Computacao,Coronel Fabriciano,GO,5.38
20262935,Samuel Medeiros Andrade Nunes,37,Direito,Curvelo,ES,7.63
20262936,Tatiana Nunes Santos Rocha,50,Administracao,Juiz de Fora,ES,6.32
20262937,Enzo Martins Cavalcanti Lopes,18,Matematica,Juiz de Fora,BA,5.99
20262938,Daniela Cavalcanti Souza Medeiros,27,Administracao,Salinas,RJ,6.96
20262939,Guilherme Rocha,40,Medicina,Juiz de Fora,GO,7.48
20262940,Beatriz Ramos Moura Nunes,38,Medicina,Sao Francisco,RJ,6.73
20262941,Mariana Soares Cardoso Machado,35,Ciencia da Computacao,Montes Claros,MG,6.89
20262942,Camila Marques Moura,26,Engenharia de Software,Januaria,SP,5.35
20262943,Samuel Rocha Alves,27,Sistemas de Informacao,Porteirinha,DF,6.48
20262944,Rodrigo Pinto,48,Engenharia de Software,Montes Claros,BA,8.93
20262945,Nicolas Moura Marques Cavalcanti,45,Ciencia da Computacao,Lavras,DF,6.14
20262946,Matheus Oliveira Rodrigues,46,Ciencia da Computacao,Diamantina,RJ,5.95
20262947,Yasmin Fernandes Gomes Carvalho,50,Fisica,Uberlandia,MG,5.85
20262948,Beatriz Souza Cavalcanti Brito,52,Analise e Desenvolvimento de Sistemas,Montes Claros,ES,8.81
20262949,Eduardo Carvalho Fernandes,55,Ciencia da Computacao,Curvelo,DF,7.12
20262950,Gustavo Cardoso,49,Matematica,Vicosa,BA,9.12
20262951,Juliana Monteiro Fernandes,25,Analise e Desenvolvimento de Sistemas,Sao Francisco,RJ,7.99
20262952,Yasmin Rocha Oliveira,47,Analise e Desenvolvimento de Sistemas,Sao Francisco,DF,8.77
20262953,Natalia Barbosa Teixeira Silva,54,Medicina,Vicosa,GO,8.13
20262954,Samuel Santos Dias,55,Fisica,Ouro Preto,MG,5.69
20262955,Ana Costa Brito Soares,35,Sistemas de Informacao,Januaria,DF,6.14
20262956,Camila Castro,26,Medicina,Lavras,SP,7.99
20262957,Larissa Martins Barbosa Gomes,20,Analise e Desenvolvimento de Sistemas,Pirapora,ES,8.65
20262958,Matheus Vieira Cavalcanti,45,Direito,Sao Francisco,ES,6.79
20262959,Yasmin Rodrigues Teixeira Machado,35,Fisica,Lavras,GO,5.78
20262960,Camila Lima,38,Fisica,Lavras,DF,6.94
20262961,Tatiana Alves Medeiros,44,Sistemas de Informacao,Diamantina,GO,8.76
20262962,Isabela Santos,41,Quimica,Ouro Preto,RJ,8.51
20262963,Lucas Freitas Marques Cardoso,36,Agronomia,Belo Horizonte,MG,9.16
20262964,Ana Moreira Nunes,29,Matematica,Belo Horizonte,GO,9.74
20262965,Fernanda Andrade Ferreira Moura,23,Direito,Ouro Preto,ES,5.73
20262966,Enzo Andrade Dias Medeiros,37,Administracao,Governador Valadares,ES,7.91
20262967,Guilherme Gomes,33,Sistemas de Informacao,Juiz de Fora,GO,5.71
20262968,Helena Mendes Brito,50,Matematica,Montes Claros,BA,9.33
20262969,Thiago Souza Oliveira,45,Medicina,Porteirinha,DF,8.92
20262970,Joao Souza Monteiro,35,Direito,Juiz de Fora,ES,6.58
20262971,Joao Marques Ramos,38,Medicina,Belo Horizonte,ES,7.57
20262972,Felipe Cavalcanti Brito Oliveira,46,Quimica,Belo Horizonte,RJ,7.52
20262973,Eduardo Rocha Ramos,21,Agronomia,Curvelo,SP,6.81
20262974,Enzo Costa Nunes Monteiro,31,Agronomia,Porteirinha,ES,7.51
20262975,Camila Santos Gomes,19,Fisica,Vicosa,RJ,5.39
20262976,Flavia Alves Ribeiro,25,Fisica,Governador Valadares,MG,8.1
20262977,Fernanda Monteiro Cavalcanti,24,Sistemas de Informacao,Curvelo,GO,8.87
20262978,Enzo Alves Teixeira,26,Ciencia da Computacao,Vicosa,MG,9.49
20262979,Gustavo Oliveira Pereira,21,Direito,Curvelo,BA,6.08
20262980,Amanda Monteiro Gomes Moreira,53,Matematica,Diamantina,BA,6.35
20262981,Isabela Barbosa Castro Freitas,20,Analise e Desenvolvimento de Sistemas,Janauba,MG,7.06
20262982,Rodrigo Brito Marques,51,Quimica,Diamantina,BA,6.66
20262983,Ana Ramos Mendes,33,Quimica,Pirapora,DF,5.84
20262984,Olivia Alves Rocha Dias,39,Fisica,Januaria,GO,9.14
20262985,Carlos Nascimento Lima,23,Agronomia,Vicosa,ES,7.96
20262986,Pedro Moura Fernandes Fernandes,34,Ciencia da Computacao,Brasilia de Minas,SP,9.81
20262987,Gabriel Rodrigues Barbosa,22,Engenharia de Software,Vicosa,MG,8.19
20262988,Juliana Almeida Rocha Souza,30,Administracao,Ouro Preto,RJ,5.56
20262989,Flavia Cavalcanti Castro,22,Quimica,Januaria,ES,8.13
20262990,Joao Brito Mendes Cavalcanti,21,Sistemas de Informacao,Diamantina,GO,9.77
20262991,Tatiana Nascimento Machado Teixeira,36,Engenharia de Software,Uberlandia,RJ,7.82
20262992,Pedro Machado Machado,37,Ciencia da Computacao,Salinas,RJ,6.07
20262993,Alexandre Cardoso,31,Direito,Lavras,GO,6.02
20262994,Amanda Ramos,41,Direito,Teofilo Otoni,ES,9.46
20262995,Joao Almeida Alves,50,Administracao,Ouro Preto,DF,8.64
20262996,Igor Medeiros Ferreira Dias,53,Medicina,Brasilia de Minas,GO,5.8
20262997,Pedro Ribeiro Barbosa Ferreira,42,Quimica,Sao Francisco,MG,7.69
20262998,Samuel Cavalcanti Lopes,55,Administracao,Coronel Fabriciano,MG,9.64
20262999,Yasmin Vieira Moreira Cardoso,34,Administracao,Teofilo Otoni,GO,5.6
20263000,Thiago Nascimento Cavalcanti Vieira,23,Fisica,Vicosa,SP,8.63
20263001,Luana Pereira Machado Rodrigues,46,Ciencia da Computacao,Janauba,MG,9.65
20263002,Eduardo Teixeira Alves Nunes,54,Agronomia,Salinas,GO,9.09
20263003,Gabriel Almeida Barbosa,35,Fisica,Vicosa,RJ,8.43
20263004,Amanda Soares,53,Analise e Desenvolvimento de Sistemas,Vicosa,DF,7.2
20263005,Igor Pinto,26,Agronomia,Coronel Fabriciano,SP,8.26
20263006,Nicolas Santos Gomes Machado,40,Quimica,Montes Claros,ES,8.56
20263007,Mariana Pereira Monteiro,30,Administracao,Coronel Fabriciano,RJ,7.25
20263008,Enzo Marques Marques,45,Engenharia Eletrica,Montes Claros,BA,9.89
20263009,Rafaela Fernandes Ribeiro Oliveira,26,Sistemas de Informacao,Almenara,GO,8.42
20263010,Luana Pinto Cavalcanti,20,Engenharia Eletrica,Belo Horizonte,GO,7.14
20263011,Pedro Marques Ramos,40,Matematica,Montes Claros,MG,7.32
20263012,Eduardo Rocha Gomes,37,Engenharia de Software,Coronel Fabriciano,MG,6.34
20263013,Lucas Carvalho,33,Medicina,Salinas,RJ,6.49
20263014,Debora Machado Barbosa,26,Administracao,Januaria,MG,7.69
20263015,Igor Moreira Carvalho,22,Matematica,Curvelo,DF,8.68
20263016,Enzo Brito Dias Nascimento,55,Sistemas de Informacao,Teofilo Otoni,RJ,8.36
20263017,Samuel Ferreira Barbosa,20,Ciencia da Computacao,Belo Horizonte,DF,9.75
20263018,Leticia Rocha Silva Ribeiro,39,Medicina,Salinas,GO,8.54
20263019,Tatiana Vieira Soares,53,Administracao,Vicosa,BA,5.88
20263020,Pedro Medeiros Silva Barbosa,48,Analise e Desenvolvimento de Sistemas,Diamantina,MG,6.24
20263021,Enzo Ferreira Andrade,48,Engenharia de Software,Curvelo,DF,5.97
20263022,Helena Soares Pinto,47,Agronomia,Lavras,RJ,7.89
20263023,Eduardo Lima Silva,36,Ciencia da Computacao,Curvelo,SP,6.4
20263024,Isabela Machado Alves,50,Analise e Desenvolvimento de Sistemas,Januaria,GO,7.59
20263025,Daniela Souza Alves,52,Direito,Diamantina,MG,6.53
20263026,Alexandre Ferreira Rodrigues,34,Analise e Desenvolvimento de Sistemas,Uberlandia,RJ,7.62
20263027,Gabriel Silva,49,Agronomia,Salinas,ES,7.23
20263028,Flavia Moura,38,Administracao,Brasilia de Minas,BA,6.62
20263029,Daniela Marques Monteiro,18,Sistemas de Informacao,Uberlandia,DF,7.83
20263030,Eduardo Andrade,34,Sistemas de Informacao,Belo Horizonte,MG,6.98
20263031,Nicolas Souza,29,Agronomia,Uberlandia,DF,6.64
20263032,Beatriz Santos Rocha,26,Sistemas de Informacao,Brasilia de Minas,GO,5.47
20263033,Juliana Santos Nunes,44,Direito,Januaria,MG,6.54
20263034,Amanda Medeiros Gomes,19,Engenharia Eletrica,Coronel Fabriciano,RJ,9.37
20263035,Camila Gomes Lima,26,Sistemas de Informacao,Porteirinha,MG,5.15
20263036,Amanda Lima Ribeiro,29,Ciencia da Computacao,Sao Francisco,RJ,5.69
20263037,Luana Oliveira,22,Engenharia Eletrica,Belo Horizonte,SP,7.62
20263038,Thiago Alves Martins,32,Fisica,Teofilo Otoni,SP,5.89
20263039,Helena Carvalho Costa,33,Quimica,Governador Valadares,SP,6.64
20263040,Vinicius Dias Lima Carvalho,37,Sistemas de Informacao,Lavras,RJ,6.46
20263041,Luana Mendes Machado Silva,29,Engenharia de Software,Curvelo,ES,7.11
20263042,Mariana Souza,55,Medicina,Diamantina,RJ,8.68
20263043,Matheus Lopes Fernandes,54,Agronomia,Sao Francisco,BA,8.05
20263044,Caio Nunes Ferreira Dias,29,Administracao,Coronel Fabriciano,SP,8.99
20263045,Eduardo Fernandes Ramos,42,Sistemas de Informacao,Sao Francisco,DF,6.21
20263046,Daniela Brito Marques,44,Engenharia de Software,Pirapora,SP,7.32
20263047,Pedro Lopes Nunes Pinto,41,Sistemas de Informacao,Brasilia de Minas,RJ,8.81
20263048,Flavia Machado Rocha Almeida,39,Analise e Desenvolvimento de Sistemas,Ouro Preto,ES,8.42
20263049,Guilherme Lima Medeiros,53,Medicina,Diamantina,BA,6.42
20263050,Enzo Ramos Pinto Gomes,37,Engenharia Eletrica,Janauba,RJ,5.4
20263051,Guilherme Martins Monteiro,32,Medicina,Porteirinha,BA,9.61
20263052,Leticia Dias Teixeira,45,Analise e Desenvolvimento de Sistemas,Curvelo,MG,7.02
20263053,Felipe Gomes,36,Matematica,Vicosa,ES,8.13
20263054,Felipe Rodrigues Marques,24,Medicina,Diamantina,GO,9.64
20263055,Flavia Teixeira,30,Quimica,Juiz de Fora,MG,5.14
20263056,Olivia Cardoso,26,Administracao,Januaria,RJ,8.39
20263057,Ana Alves Fernandes Cavalcanti,45,Direito,Ouro Preto,GO,5.09
20263058,Enzo Fernandes Medeiros Carvalho,25,Sistemas de Informacao,Pirapora,SP,6.95
20263059,Yasmin Mendes,43,Sistemas de Informacao,Janauba,GO,6.36
20263060,Amanda Costa,42,Quimica,Brasilia de Minas,SP,8.68
20263061,Nicolas Castro Alves,47,Sistemas de Informacao,Curvelo,DF,8.95
20263062,Yasmin Silva Carvalho,43,Matematica,Porteirinha,ES,9.15
20263063,Helena Ribeiro,44,Quimica,Coronel Fabriciano,GO,6.43
20263064,Luana Marques Mendes,19,Administracao,Ouro Preto,BA,6.07
20263065,Helena Oliveira Alves,42,Engenharia Eletrica,Teofilo Otoni,SP,8.85
20263066,Helena Nunes Lopes,54,Matematica,Porteirinha,GO,7.87
20263067,Fernanda Martins Almeida Almeida,35,Engenharia de Software,Belo Horizonte,RJ,9.5
20263068,Matheus Carvalho Fernandes,52,Engenharia Eletrica,Brasilia de Minas,MG,9.05
20263069,Samuel Ferreira Souza,22,Administracao,Vicosa,ES,6.06
20263070,Samuel Cavalcanti,23,Engenharia Eletrica,Coronel Fabriciano,MG,9.78
20263071,Amanda Ferreira Santos,21,Engenharia de Software,Teofilo Otoni,MG,5.74
20263072,Guilherme Marques Pereira,43,Agronomia,Januaria,GO,9.73
20263073,Gustavo Oliveira Lopes Vieira,27,Engenharia Eletrica,Belo Horizonte,SP,7.46
20263074,Beatriz Barbosa Monteiro Soares,27,Ciencia da Computacao,Belo Horizonte,SP,5.97
20263075,Matheus Medeiros Alves,49,Matematica,Pirapora,BA,9.51
20263076,Fernanda Rocha Cardoso,24,Quimica,Salinas,DF,7.43
20263077,Igor Alves Pinto,37,Ciencia da Computacao,Almenara,SP,9.44
20263078,Ana Costa Moura,53,Fisica,Salinas,SP,5.45
20263079,Felipe Freitas,37,Medicina,Almenara,RJ,9.58
20263080,Gustavo Carvalho,45,Direito,Lavras,SP,7.41
20263081,Isabela Martins Castro,22,Analise e Desenvolvimento de Sistemas,Ouro Preto,DF,9.72
20263082,Natalia Barbosa,25,Fisica,Coronel Fabriciano,MG,8.83
20263083,Lucas Lopes Gomes Pereira,40,Engenharia de Software,Januaria,MG,8.48
20263084,Beatriz Carvalho,39,Ciencia da Computacao,Uberlandia,ES,8.25
20263085,Mariana Moreira Rodrigues Marques,53,Engenharia de Software,Sao Francisco,SP,5.82
20263086,Natalia Barbosa Rodrigues,18,Sistemas de Informacao,Sao Francisco,SP,7.38
20263087,Larissa Pinto Cavalcanti Castro,35,Agronomia,Lavras,SP,7.09
20263088,Rodrigo Medeiros Castro,32,Ciencia da Computacao,Montes Claros,SP,5.52
20263089,Beatriz Machado Mendes Nascimento,43,Analise e Desenvolvimento de Sistemas,Sao Francisco,SP,8.81
20263090,Juliana Ribeiro Mendes,23,Direito,Almenara,RJ,6.98
20263091,Debora Nunes Andrade Santos,34,Administracao,Montes Claros,RJ,5.11
20263092,Vinicius Fernandes,25,Analise e Desenvolvimento de Sistemas,Montes Claros,DF,6.85
20263093,Guilherme Ribeiro Soares,20,Quimica,Lavras,RJ,8.81
20263094,Ana Silva,44,Administracao,Ouro Preto,ES,5.29
20263095,Gabriel Ramos Lima,52,Sistemas de Informacao,Montes Claros,RJ,7.0
20263096,Helena Pereira,40,Fisica,Teofilo Otoni,BA,6.12
20263097,Mariana Ribeiro Monteiro,27,Engenharia de Software,Montes Claros,ES,6.36
20263098,Juliana Moura Martins,40,Matematica,Curvelo,ES,6.46
20263099,Fernanda Oliveira,53,Engenharia de Software,Juiz de Fora,ES,8.93
20263100,Gabriel Pereira Lopes,40,Fisica,Montes Claros,DF,9.18
20263101,Nicolas Rocha Mendes Gomes,28,Fisica,Lavras,ES,5.64
20263102,Isabela Vieira Pereira Andrade,49,Agronomia,Januaria,ES,8.72
20263103,Bruno Lima Cavalcanti,19,Engenharia Eletrica,Montes Claros,SP,5.5
20263104,Beatriz Lopes Barbosa,22,Matematica,Janauba,DF,8.72
20263105,Rodrigo Alves Soares Vieira,48,Agronomia,Uberlandia,DF,7.23
20263106,Igor Monteiro Oliveira Ribeiro,23,Fisica,Lavras,GO,7.72
20263107,Bruno Moreira Almeida,40,Direito,Ouro Preto,GO,8.48
20263108,Pedro Freitas,53,Matematica,Pirapora,GO,5.71
20263109,Luana Mendes Soares,33,Quimica,Coronel Fabriciano,ES,7.82
20263110,Beatriz Monteiro Rocha,40,Direito,Sao Francisco,ES,7.8
20263111,Bruno Cavalcanti Fernandes,29,Matematica,Montes Claros,DF,7.05
20263112,Thiago Souza Barbosa Nascimento,27,Agronomia,Governador Valadares,DF,7.66
20263113,Eduardo Souza,42,Medicina,Uberlandia,RJ,6.18
20263114,Tatiana Andrade Mendes,20,Engenharia Eletrica,Coronel Fabriciano,SP,5.71
20263115,Pedro Marques Monteiro,22,Engenharia de Software,Curvelo,ES,5.29
20263116,Bruno Teixeira Fernandes,30,Direito,Coronel Fabriciano,ES,8.01
20263117,Flavia Vieira Fernandes,37,Direito,Vicosa,DF,9.46
20263118,Ana Cavalcanti Vieira,29,Analise e Desenvolvimento de Sistemas,Almenara,SP,5.85
20263119,Ana Oliveira Fernandes,23,Direito,Almenara,SP,5.54
20263120,Rafaela Nunes Castro,24,Medicina,Ouro Preto,SP,6.55
20263121,Amanda Santos Moreira,29,Direito,Curvelo,DF,6.86
20263122,Lucas Andrade,46,Ciencia da Computacao,Diamantina,DF,6.04
20263123,Luana Dias Castro,36,Medicina,Teofilo Otoni,BA,9.16
20263124,Felipe Lima Moura,42,Analise e Desenvolvimento de Sistemas,Januaria,SP,5.1
20263125,Gustavo Machado Nunes Ribeiro,23,Direito,Teofilo Otoni,MG,7.38
20263126,Gustavo Lima Lima Santos,37,Engenharia Eletrica,Uberlandia,RJ,7.65
20263127,Helena Nascimento Lopes Pinto,29,Administracao,Coronel Fabriciano,ES,6.03
20263128,Ana Nunes Almeida Lima,40,Ciencia da Computacao,Belo Horizonte,MG,9.11
20263129,Rodrigo Oliveira Barbosa,52,Medicina,Montes Claros,BA,5.74
20263130,Amanda Souza Alves,54,Analise e Desenvolvimento de Sistemas,Diamantina,BA,6.83
20263131,Gustavo Ramos Ferreira,21,Ciencia da Computacao,Januaria,GO,5.11
20263132,Beatriz Machado Alves Moreira,27,Sistemas de Informacao,Janauba,RJ,8.51
20263133,Natalia Rodrigues Teixeira,41,Medicina,Governador Valadares,SP,5.01
20263134,Luana Gomes Almeida,18,Engenharia de Software,Sao Francisco,GO,8.94
20263135,Pedro Ferreira Moreira,47,Direito,Ouro Preto,DF,5.37
20263136,Vinicius Mendes Vieira,33,Direito,Montes Claros,DF,8.63
20263137,Caio Martins Brito,24,Engenharia Eletrica,Juiz de Fora,RJ,7.1
20263138,Isabela Dias Souza,40,Sistemas de Informacao,Vicosa,GO,9.39
20263139,Igor Santos Medeiros,28,Agronomia,Salinas,DF,8.43
20263140,Leticia Souza Marques,22,Quimica,Governador Valadares,MG,5.76
20263141,Helena Nunes Cardoso,53,Fisica,Juiz de Fora,MG,6.89
20263142,Isabela Carvalho Dias Lopes,26,Sistemas de Informacao,Belo Horizonte,GO,7.38
20263143,Amanda Gomes Rodrigues,26,Administracao,Lavras,GO,6.39
20263144,Guilherme Almeida Ramos,23,Engenharia Eletrica,Brasilia de Minas,DF,5.75
20263145,Bruno Oliveira Santos,33,Direito,Janauba,DF,9.45
20263146,Felipe Medeiros Gomes,33,Quimica,Salinas,BA,5.7
20263147,Gustavo Teixeira Moreira,42,Matematica,Belo Horizonte,BA,9.76
20263148,Felipe Soares Alves Ramos,53,Analise e Desenvolvimento de Sistemas,Vicosa,RJ,6.68
20263149,Beatriz Carvalho,51,Sistemas de Informacao,Januaria,MG,5.48
20263150,Bruno Moreira Nascimento,28,Quimica,Uberlandia,RJ,6.43
20263151,Pedro Andrade Rodrigues,27,Direito,Teofilo Otoni,SP,6.55
20263152,Rafaela Ramos Andrade,43,Medicina,Coronel Fabriciano,ES,7.3
20263153,Camila Mendes Teixeira,36,Matematica,Uberlandia,BA,5.81
20263154,Thiago Vieira Andrade Pereira,19,Engenharia de Software,Uberlandia,GO,5.68
20263155,Guilherme Pinto,26,Matematica,Uberlandia,SP,6.88
20263156,Helena Gomes Souza Marques,26,Direito,Uberlandia,GO,7.41
20263157,Pedro Rocha Santos,46,Matematica,Belo Horizonte,SP,8.36
20263158,Igor Rodrigues Lima,54,Engenharia Eletrica,Brasilia de Minas,RJ,9.26
20263159,Ana Ribeiro Gomes,30,Engenharia de Software,Vicosa,RJ,7.7
20263160,Ana Vieira Nascimento Ramos,54,Direito,Almenara,SP,5.57
20263161,Daniela Freitas Santos,31,Analise e Desenvolvimento de Sistemas,Governador Valadares,ES,5.66
20263162,Leticia Gomes Lopes,30,Direito,Almenara,GO,5.27
20263163,Tatiana Rocha Rodrigues,43,Direito,Coronel Fabriciano,DF,8.58
20263164,Nicolas Marques,32,Fisica,Almenara,DF,9.23
20263165,Camila Machado Martins Silva,25,Engenharia Eletrica,Almenara,DF,9.04
20263166,Daniela Moura,36,Agronomia,Porteirinha,BA,6.9
20263167,Felipe Carvalho Carvalho,31,Administracao,Juiz de Fora,GO,7.82
20263168,Rodrigo Costa,52,Matematica,Coronel Fabriciano,RJ,8.55
20263169,Olivia Moreira Silva,39,Fisica,Porteirinha,ES,9.5
20263170,Gustavo Lima Santos Monteiro,41,Administracao,Porteirinha,ES,8.5
20263171,Nicolas Gomes,34,Matematica,Sao Francisco,DF,9.25
20263172,Olivia Andrade Souza Silva,22,Engenharia Eletrica,Janauba,SP,6.92
20263173,Camila Souza Cavalcanti,21,Analise e Desenvolvimento de Sistemas,Lavras,GO,7.5
20263174,Carlos Vieira Soares,22,Ciencia da Computacao,Brasilia de Minas,MG,6.33
20263175,Flavia Moreira,50,Medicina,Salinas,GO,6.05
20263176,Camila Alves Fernandes,50,Fisica,Belo Horizonte,RJ,6.52
20263177,Rodrigo Souza Martins,20,Matematica,Montes Claros,MG,9.52
20263178,Alexandre Moreira Vieira,46,Engenharia Eletrica,Vicosa,DF,9.0
20263179,Carlos Ferreira Castro,20,Sistemas de Informacao,Juiz de Fora,DF,9.47
20263180,Gustavo Moura,53,Fisica,Belo Horizonte,RJ,8.44
20263181,Gabriel Andrade Moura,42,Administracao,Lavras,RJ,5.55
20263182,Matheus Moreira Mendes,40,Matematica,Lavras,BA,8.25
20263183,Eduardo Cardoso,20,Quimica,Janauba,DF,5.14
20263184,Felipe Carvalho Andrade Martins,34,Medicina,Ouro Preto,MG,7.88
20263185,Joao Gomes Cavalcanti,41,Analise e Desenvolvimento de Sistemas,Sao Francisco,BA,9.84
20263186,Amanda Teixeira Costa,36,Sistemas de Informacao,Coronel Fabriciano,RJ,8.23
20263187,Matheus Dias,53,Ciencia da Computacao,Salinas,GO,6.62
20263188,Isabela Machado Monteiro Ramos,31,Ciencia da Computacao,Belo Horizonte,MG,5.74
20263189,Olivia Costa Freitas,29,Direito,Coronel Fabriciano,RJ,7.9
20263190,Pedro Soares Rocha Rodrigues,41,Quimica,Januaria,BA,6.57
20263191,Debora Barbosa Machado Alves,33,Ciencia da Computacao,Ouro Preto,RJ,9.01
20263192,Ana Cavalcanti Medeiros Cardoso,26,Quimica,Montes Claros,GO,7.24
20263193,Leticia Costa Cardoso Cardoso,48,Direito,Pirapora,MG,9.31
20263194,Igor Rocha Lima,48,Fisica,Lavras,RJ,5.97
20263195,Daniela Silva Mendes Ferreira,27,Engenharia Eletrica,Januaria,DF,5.69
20263196,Juliana Martins Vieira Vieira,49,Analise e Desenvolvimento de Sistemas,Januaria,SP,8.62
20263197,Joao Cardoso Alves,45,Engenharia Eletrica,Curvelo,ES,8.09
20263198,Debora Brito,45,Medicina,Coronel Fabriciano,RJ,8.77
20263199,Carlos Castro Brito,42,Agronomia,Diamantina,BA,6.41
20263200,Bruno Brito Andrade,27,Sistemas de Informacao,Brasilia de Minas,BA,9.83
20263201,Debora Martins Freitas,30,Quimica,Teofilo Otoni,BA,9.11
20263202,Samuel Lopes Brito,18,Direito,Montes Claros,SP,8.4
20263203,Rafaela Marques Souza,25,Medicina,Vicosa,DF,8.14
20263204,Beatriz Oliveira,24,Ciencia da Computacao,Salinas,RJ,8.47
20263205,Guilherme Silva Santos Teixeira,20,Sistemas de Informacao,Coronel Fabriciano,SP,7.75
20263206,Samuel Freitas Dias Castro,47,Agronomia,Belo Horizonte,BA,6.56
20263207,Olivia Nascimento Ramos,23,Matematica,Teofilo Otoni,MG,6.39
20263208,Thiago Ferreira Soares,42,Analise e Desenvolvimento de Sistemas,Lavras,RJ,9.83
20263209,Vinicius Lopes Gomes,19,Analise e Desenvolvimento de Sistemas,Salinas,RJ,8.39
20263210,Guilherme Machado Andrade Gomes,51,Sistemas de Informacao,Brasilia de Minas,RJ,7.64
20263211,Amanda Costa Ramos,26,Engenharia de Software,Montes Claros,MG,8.97
20263212,Juliana Santos Cavalcanti,43,Fisica,Januaria,MG,6.49
20263213,Bruno Rocha Ferreira Pinto,19,Agronomia,Janauba,SP,6.02
20263214,Helena Nunes,30,Quimica,Januaria,GO,8.41
20263215,Rafaela Rocha,44,Fisica,Belo Horizonte,RJ,7.93
20263216,Nicolas Silva Ferreira Souza,21,Quimica,Januaria,ES,5.26
20263217,Amanda Lopes Rodrigues Monteiro,46,Agronomia,Pirapora,GO,5.02
20263218,Felipe Oliveira Ribeiro Moura,32,Medicina,Porteirinha,MG,6.64
20263219,Gustavo Ribeiro Brito Souza,32,Ciencia da Computacao,Porteirinha,GO,6.08
20263220,Isabela Ferreira Lopes,44,Administracao,Teofilo Otoni,ES,9.49
20263221,Fernanda Lima,26,Fisica,Uberlandia,ES,5.33
20263222,Thiago Barbosa Freitas Soares,47,Ciencia da Computacao,Sao Francisco,GO,6.08
20263223,Fernanda Oliveira Nascimento Monteiro,31,Fisica,Diamantina,MG,9.22
20263224,Nicolas Castro Mendes,50,Engenharia de Software,Almenara,MG,7.73
20263225,Yasmin Lima Machado Castro,32,Direito,Uberlandia,GO,9.23
20263226,Gabriel Nunes Ramos,45,Direito,Pirapora,ES,7.43
20263227,Igor Moura Cavalcanti,31,Administracao,Diamantina,RJ,7.67
20263228,Caio Santos Ferreira Nunes,28,Direito,Coronel Fabriciano,BA,7.9
20263229,Isabela Machado,46,Agronomia,Lavras,MG,7.79
20263230,Joao Nunes Ferreira,43,Medicina,Teofilo Otoni,BA,7.7
20263231,Felipe Castro Silva,47,Engenharia de Software,Curvelo,ES,6.19
20263232,Felipe Alves Lima,38,Medicina,Governador Valadares,RJ,7.35
20263233,Alexandre Castro,49,Administracao,Brasilia de Minas,MG,7.69
20263234,Leticia Andrade,52,Ciencia da Computacao,Janauba,MG,9.53
20263235,Vinicius Pereira Mendes Alves,42,Medicina,Vicosa,ES,7.86
20263236,Igor Pinto Nascimento,43,Medicina,Salinas,ES,7.61
20263237,Helena Barbosa,51,Administracao,Januaria,MG,9.28
20263238,Carlos Silva Castro,29,Engenharia de Software,Porteirinha,ES,8.45
20263239,Joao Monteiro,49,Medicina,Juiz de Fora,MG,8.07
20263240,Juliana Pinto Martins,19,Engenharia Eletrica,Pirapora,GO,9.3
20263241,Ana Rodrigues Teixeira,43,Fisica,Januaria,RJ,6.35
20263242,Bruno Nunes Castro,40,Sistemas de Informacao,Teofilo Otoni,BA,6.11
20263243,Gustavo Carvalho,25,Fisica,Ouro Preto,MG,6.88
20263244,Ana Ramos Martins Santos,26,Engenharia de Software,Teofilo Otoni,RJ,8.19
20263245,Samuel Medeiros Mendes,41,Analise e Desenvolvimento de Sistemas,Vicosa,DF,8.6
20263246,Bruno Rocha Ramos,23,Fisica,Porteirinha,SP,6.92
20263247,Gustavo Andrade Marques,49,Engenharia de Software,Januaria,GO,6.86
20263248,Olivia Andrade Barbosa Soares,41,Analise e Desenvolvimento de Sistemas,Porteirinha,SP,8.55
20263249,Isabela Monteiro Cavalcanti,44,Medicina,Lavras,BA,8.26
20263250,Rodrigo Martins Vieira Monteiro,32,Fisica,Sao Francisco,GO,7.68
20263251,Lucas Marques Ramos,31,Administracao,Coronel Fabriciano,DF,6.47
20263252,Juliana Santos Freitas,48,Medicina,Lavras,RJ,5.02
20263253,Gustavo Vieira Lopes,28,Fisica,Uberlandia,DF,8.94
20263254,Samuel Barbosa Lopes,45,Matematica,Janauba,DF,7.62
20263255,Yasmin Rocha Souza,41,Quimica,Januaria,ES,5.86
20263256,Larissa Costa Silva,21,Direito,Belo Horizonte,SP,5.84
20263257,Gustavo Martins Medeiros Oliveira,47,Direito,Diamantina,GO,7.4
20263258,Amanda Rocha,35,Fisica,Sao Francisco,GO,8.08
20263259,Rafaela Monteiro Santos,22,Administracao,Almenara,SP,7.74
20263260,Caio Oliveira Lima,18,Engenharia de Software,Janauba,MG,8.22
20263261,Gabriel Barbosa Carvalho Dias,32,Engenharia Eletrica,Almenara,RJ,7.92
20263262,Pedro Almeida Ramos Brito,39,Analise e Desenvolvimento de Sistemas,Salinas,DF,8.54
20263263,Helena Gomes Lopes Nascimento,54,Ciencia da Computacao,Porteirinha,DF,5.82
20263264,Larissa Soares Gomes,53,Administracao,Coronel Fabriciano,BA,8.95
20263265,Daniela Moura Andrade,49,Analise e Desenvolvimento de Sistemas,Lavras,BA,7.71
20263266,Caio Vieira Dias,23,Engenharia de Software,Uberlandia,MG,8.91
20263267,Fernanda Pinto Almeida Rocha,24,Engenharia Eletrica,Vicosa,GO,9.42
20263268,Caio Rocha Almeida,47,Quimica,Januaria,DF,7.05
20263269,Felipe Alves Marques,47,Analise e Desenvolvimento de Sistemas,Diamantina,RJ,6.23
20263270,Igor Ferreira,38,Direito,Sao Francisco,RJ,8.52
20263271,Lucas Machado Soares Alves,29,Administracao,Montes Claros,ES,6.26
20263272,Joao Nunes,28,Ciencia da Computacao,Curvelo,ES,9.57
20263273,Pedro Ferreira Castro,45,Analise e Desenvolvimento de Sistemas,Montes Claros,DF,9.14
20263274,Gustavo Dias Rodrigues Machado,49,Ciencia da Computacao,Brasilia de Minas,SP,5.16
20263275,Luana Pinto Cavalcanti,27,Sistemas de Informacao,Uberlandia,RJ,6.12
20263276,Mariana Carvalho Fernandes Almeida,51,Agronomia,Lavras,MG,6.51
20263277,Fernanda Vieira Gomes,21,Sistemas de Informacao,Sao Francisco,ES,9.0
20263278,Debora Oliveira Gomes,53,Sistemas de Informacao,Diamantina,MG,6.21
20263279,Debora Andrade,46,Administracao,Juiz de Fora,BA,7.97
20263280,Beatriz Vieira,55,Ciencia da Computacao,Brasilia de Minas,GO,6.27
20263281,Camila Martins Barbosa Lopes,45,Matematica,Sao Francisco,BA,9.49
20263282,Carlos Costa,55,Direito,Vicosa,MG,8.32
20263283,Bruno Marques,27,Fisica,Curvelo,MG,9.65
20263284,Gustavo Lima Moreira Dias,22,Direito,Belo Horizonte,DF,5.79
20263285,Isabela Gomes,23,Quimica,Januaria,GO,7.47
20263286,Luana Gomes Costa,24,Matematica,Ouro Preto,BA,6.95
20263287,Alexandre Mendes Carvalho Freitas,45,Direito,Pirapora,DF,5.13
20263288,Rodrigo Mendes,49,Ciencia da Computacao,Juiz de Fora,GO,6.43
20263289,Luana Ferreira Andrade Martins,21,Engenharia de Software,Porteirinha,SP,5.25
20263290,Mariana Silva Lima Moreira,51,Analise e Desenvolvimento de Sistemas,Ouro Preto,RJ,7.72
20263291,Olivia Barbosa,40,Ciencia da Computacao,Teofilo Otoni,ES,6.55
20263292,Flavia Souza Lopes,21,Engenharia de Software,Montes Claros,ES,8.83
20263293,Tatiana Marques Freitas Nascimento,37,Fisica,Salinas,ES,8.48
20263294,Isabela Cavalcanti,50,Engenharia Eletrica,Januaria,MG,9.35
20263295,Igor Mendes Ribeiro Rodrigues,21,Medicina,Pirapora,BA,6.2
20263296,Gabriel Cavalcanti Barbosa,28,Sistemas de Informacao,Montes Claros,MG,6.15
20263297,Lucas Andrade Lopes,29,Ciencia da Computacao,Ouro Preto,GO,5.97
20263298,Enzo Moura Pereira Marques,32,Administracao,Montes Claros,BA,7.63
20263299,Fernanda Cardoso Lopes,42,Matematica,Montes Claros,RJ,8.67
20263300,Yasmin Ramos Machado,48,Sistemas de Informacao,Januaria,MG,5.11
20263301,Samuel Alves,21,Direito,Montes Claros,RJ,5.56
20263302,Leticia Andrade Santos,52,Matematica,Janauba,MG,5.88
20263303,Camila Andrade Ferreira,25,Matematica,Salinas,ES,6.3
20263304,Debora Soares Andrade,44,Matematica,Vicosa,BA,8.02
20263305,Enzo Pereira Castro,29,Direito,Uberlandia,RJ,5.38
20263306,Helena Teixeira Teixeira,44,Sistemas de Informacao,Uberlandia,BA,7.86
20263307,Igor Nunes Moreira,46,Agronomia,Diamantina,MG,6.82
20263308,Larissa Alves Martins,52,Agronomia,Vicosa,GO,6.4
20263309,Lucas Lima Carvalho Vieira,42,Engenharia Eletrica,Brasilia de Minas,SP,8.86
20263310,Mariana Ramos Machado Carvalho,31,Ciencia da Computacao,Brasilia de Minas,GO,5.54
20263311,Guilherme Alves Barbosa Ribeiro,24,Medicina,Teofilo Otoni,SP,7.51
20263312,Flavia Cavalcanti,44,Analise e Desenvolvimento de Sistemas,Uberlandia,SP,7.35
20263313,Enzo Rocha Moreira Cavalcanti,54,Administracao,Curvelo,ES,9.42
20263314,Olivia Moreira Monteiro Monteiro,32,Ciencia da Computacao,Montes Claros,SP,7.65
20263315,Gustavo Almeida Nunes,32,Quimica,Salinas,DF,6.69
20263316,Juliana Castro Pereira Costa,48,Ciencia da Computacao,Coronel Fabriciano,SP,7.93
20263317,Carlos Soares Souza,42,Quimica,Almenara,ES,5.46
20263318,Lucas Lima Teixeira,28,Engenharia de Software,Vicosa,MG,7.54
20263319,Felipe Pereira,46,Quimica,Curvelo,DF,9.85
20263320,Daniela Cardoso Dias,46,Agronomia,Governador Valadares,GO,8.87
20263321,Samuel Medeiros Cardoso Vieira,55,Matematica,Juiz de Fora,ES,7.94
20263322,Igor Alves Ramos,25,Engenharia Eletrica,Porteirinha,ES,9.18
20263323,Guilherme Nascimento Moura Alves,53,Matematica,Ouro Preto,GO,5.5
20263324,Ana Machado Rodrigues Ramos,31,Fisica,Janauba,RJ,9.22
20263325,Guilherme Martins,24,Sistemas de Informacao,Governador Valadares,RJ,9.81
20263326,Caio Mendes Ribeiro,44,Engenharia Eletrica,Uberlandia,ES,6.49
20263327,Natalia Monteiro Teixeira,22,Engenharia Eletrica,Curvelo,DF,9.37
20263328,Amanda Pinto Pinto,21,Administracao,Lavras,BA,8.42
20263329,Olivia Silva,49,Engenharia Eletrica,Uberlandia,RJ,6.71
20263330,Lucas Pereira Moreira Almeida,30,Administracao,Pirapora,DF,9.1
20263331,Luana Moura,39,Engenharia de Software,Curvelo,MG,8.7
20263332,Gustavo Souza,33,Direito,Teofilo Otoni,ES,6.75
20263333,Camila Dias Teixeira,32,Medicina,Uberlandia,DF,9.25
20263334,Amanda Monteiro Pereira,27,Direito,Porteirinha,GO,6.07
20263335,Juliana Rocha Dias,24,Direito,Porteirinha,MG,9.08
20263336,Mariana Rocha Monteiro Rodrigues,34,Direito,Uberlandia,BA,9.43
20263337,Mariana Martins,43,Ciencia da Computacao,Pirapora,GO,7.66
20263338,Gustavo Soares Nascimento,34,Engenharia Eletrica,Belo Horizonte,GO,8.79
20263339,Pedro Alves Rocha,42,Analise e Desenvolvimento de Sistemas,Januaria,ES,6.19
20263340,Matheus Castro Nunes Moura,39,Matematica,Januaria,GO,7.88
20263341,Yasmin Andrade Pinto,52,Direito,Almenara,GO,6.36
20263342,Leticia Brito Castro Ribeiro,24,Direito,Vicosa,GO,8.8
20263343,Fernanda Marques,43,Agronomia,Salinas,MG,9.3
20263344,Luana Cardoso Martins,45,Direito,Montes Claros,RJ,8.39
20263345,Pedro Vieira,18,Quimica,Teofilo Otoni,SP,5.65
20263346,Lucas Fernandes,24,Quimica,Governador Valadares,ES,9.31
20263347,Pedro Souza Marques Lopes,29,Quimica,Diamantina,RJ,6.53
20263348,Gabriel Cavalcanti Alves Barbosa,36,Engenharia de Software,Teofilo Otoni,SP,8.73
20263349,Tatiana Gomes Santos,28,Quimica,Porteirinha,BA,8.96
20263350,Ana Castro Barbosa Mendes,44,Medicina,Salinas,MG,8.27
20263351,Eduardo Dias Marques,35,Ciencia da Computacao,Governador Valadares,DF,7.82
20263352,Natalia Nascimento,30,Matematica,Ouro Preto,ES,8.46
20263353,Larissa Oliveira Rocha Barbosa,26,Engenharia de Software,Janauba,MG,8.35
20263354,Rodrigo Ribeiro Moreira,22,Fisica,Salinas,MG,8.15
20263355,Alexandre Brito Fernandes,29,Quimica,Curvelo,ES,9.85
20263356,Mariana Lopes,48,Administracao,Coronel Fabriciano,RJ,7.86
20263357,Isabela Castro Ribeiro Costa,54,Medicina,Diamantina,BA,7.63
20263358,Samuel Ferreira,22,Fisica,Ouro Preto,DF,8.7
20263359,Bruno Brito Almeida,37,Sistemas de Informacao,Porteirinha,GO,8.09
20263360,Ana Moreira,45,Fisica,Teofilo Otoni,ES,8.65
20263361,Nicolas Martins Barbosa,51,Agronomia,Governador Valadares,BA,9.67
20263362,Matheus Andrade Alves,51,Administracao,Uberlandia,ES,6.25
20263363,Isabela Andrade,36,Sistemas de Informacao,Brasilia de Minas,BA,8.56
20263364,Luana Lima,53,Medicina,Janauba,MG,7.2
20263365,Bruno Medeiros Nascimento,28,Agronomia,Lavras,DF,8.05
20263366,Tatiana Cardoso Silva,33,Matematica,Uberlandia,DF,9.43
20263367,Isabela Vieira Rocha Carvalho,38,Matematica,Pirapora,DF,9.22
20263368,Carlos Soares Freitas,25,Agronomia,Lavras,BA,5.02
20263369,Amanda Dias Fernandes Lima,53,Agronomia,Juiz de Fora,BA,9.58
20263370,Luana Nunes Moreira Moura,45,Administracao,Juiz de Fora,ES,7.64
20263371,Larissa Santos Marques,24,Direito,Montes Claros,DF,9.23
20263372,Amanda Souza Ferreira Soares,46,Engenharia Eletrica,Salinas,MG,9.72
20263373,Camila Soares Mendes,24,Medicina,Coronel Fabriciano,RJ,9.06
20263374,Alexandre Silva Dias,22,Agronomia,Lavras,RJ,9.62
20263375,Enzo Ramos Vieira,34,Matematica,Teofilo Otoni,BA,6.39
20263376,Debora Brito Machado,54,Agronomia,Janauba,MG,9.33
20263377,Tatiana Rocha Santos Dias,44,Administracao,Curvelo,DF,9.65
20263378,Yasmin Oliveira Lima,34,Sistemas de Informacao,Ouro Preto,RJ,5.35
20263379,Felipe Pinto Costa Dias,46,Engenharia Eletrica,Brasilia de Minas,MG,9.14
20263380,Rafaela Cavalcanti Rocha,49,Administracao,Teofilo Otoni,DF,6.84
20263381,Rodrigo Rodrigues Marques Lopes,51,Fisica,Brasilia de Minas,ES,6.2
20263382,Leticia Souza Moreira Martins,38,Agronomia,Sao Francisco,BA,5.09
20263383,Bruno Ferreira Gomes Mendes,53,Matematica,Coronel Fabriciano,ES,6.63
20263384,Luana Carvalho Silva Vieira,50,Medicina,Almenara,DF,9.43
20263385,Caio Moura Moreira,48,Ciencia da Computacao,Belo Horizonte,RJ,6.6
20263386,Nicolas Machado,31,Engenharia de Software,Brasilia de Minas,GO,6.38
20263387,Samuel Nunes Teixeira,42,Quimica,Diamantina,BA,5.51
20263388,Juliana Martins,32,Medicina,Juiz de Fora,GO,7.07
20263389,Daniela Mendes Almeida,25,Direito,Brasilia de Minas,SP,9.25
20263390,Isabela Ribeiro Marques,26,Administracao,Diamantina,RJ,7.18
20263391,Carlos Teixeira Brito,53,Matematica,Vicosa,DF,7.43
20263392,Debora Brito Fernandes Vieira,33,Engenharia de Software,Lavras,GO,6.64
20263393,Nicolas Mendes Freitas,34,Ciencia da Computacao,Diamantina,RJ,6.91
20263394,Matheus Vieira Santos,34,Sistemas de Informacao,Montes Claros,DF,7.35
20263395,Fernanda Barbosa Castro,46,Medicina,Belo Horizonte,SP,5.43
20263396,Matheus Carvalho Carvalho,21,Matematica,Curvelo,MG,8.86
20263397,Carlos Medeiros Fernandes,20,Administracao,Sao Francisco,RJ,6.75
20263398,Rafaela Vieira Soares,39,Analise e Desenvolvimento de Sistemas,Lavras,DF,6.63
20263399,Debora Lopes Dias,29,Analise e Desenvolvimento de Sistemas,Almenara,RJ,7.11
20263400,Ana Oliveira,34,Direito,Montes Claros,DF,9.9
20263401,Eduardo Souza Lopes Barbosa,55,Fisica,Sao Francisco,DF,7.06
20263402,Gustavo Teixeira,54,Matematica,Coronel Fabriciano,DF,6.54
20263403,Leticia Alves,38,Agronomia,Belo Horizonte,GO,9.71
20263404,Tatiana Nunes Machado Rodrigues,37,Quimica,Brasilia de Minas,RJ,7.2
20263405,Rodrigo Marques Teixeira Ramos,18,Engenharia de Software,Juiz de Fora,GO,7.86
20263406,Enzo Monteiro Gomes,19,Quimica,Sao Francisco,GO,5.65
20263407,Gustavo Pinto Andrade,19,Agronomia,Governador Valadares,MG,6.35
20263408,Pedro Almeida,18,Quimica,Teofilo Otoni,ES,8.45
20263409,Vinicius Santos Rocha,35,Direito,Diamantina,ES,7.62
20263410,Juliana Rodrigues,34,Ciencia da Computacao,Sao Francisco,MG,6.06
20263411,Enzo Moreira,20,Engenharia de Software,Vicosa,SP,7.21
20263412,Leticia Pinto Ferreira,34,Direito,Lavras,SP,5.82
20263413,Yasmin Lima Silva,30,Medicina,Governador Valadares,SP,6.38
20263414,Lucas Almeida,50,Direito,Diamantina,DF,6.75
20263415,Guilherme Marques,37,Direito,Vicosa,SP,5.47
20263416,Olivia Andrade,22,Agronomia,Belo Horizonte,MG,5.69
20263417,Nicolas Fernandes Marques,38,Agronomia,Salinas,SP,6.03
20263418,Camila Cavalcanti Andrade,28,Quimica,Pirapora,RJ,7.7
20263419,Luana Brito Souza,54,Agronomia,Brasilia de Minas,GO,9.34
20263420,Eduardo Costa Monteiro Moreira,39,Medicina,Lavras,DF,9.35
20263421,Enzo Freitas Nascimento Brito,29,Analise e Desenvolvimento de Sistemas,Ouro Preto,BA,9.62
20263422,Pedro Barbosa,52,Matematica,Salinas,ES,9.37
20263423,Daniela Martins Cavalcanti Rodrigues,34,Administracao,Belo Horizonte,SP,5.62
20263424,Mariana Barbosa Costa,24,Quimica,Governador Valadares,SP,7.81
20263425,Rafaela Souza Pinto Alves,29,Engenharia Eletrica,Lavras,SP,5.76
20263426,Vinicius Ferreira Ferreira Vieira,43,Engenharia Eletrica,Belo Horizonte,BA,5.41
20263427,Caio Andrade Martins Souza,22,Medicina,Diamantina,MG,5.93
20263428,Vinicius Silva Mendes Mendes,52,Engenharia Eletrica,Pirapora,MG,8.02
20263429,Guilherme Andrade Brito Monteiro,37,Fisica,Janauba,SP,7.24
20263430,Isabela Lopes Barbosa Rocha,37,Engenharia Eletrica,Ouro Preto,GO,9.77
20263431,Gabriel Gomes Marques,35,Medicina,Almenara,MG,7.04
20263432,Luana Alves Santos,44,Engenharia Eletrica,Coronel Fabriciano,GO,6.86
20263433,Bruno Souza Moura,26,Sistemas de Informacao,Porteirinha,BA,8.92
20263434,Felipe Gomes,44,Agronomia,Almenara,BA,8.37
20263435,Natalia Nascimento Nunes,28,Fisica,Coronel Fabriciano,DF,8.03
20263436,Juliana Santos Moura Martins,35,Direito,Curvelo,DF,9.57
20263437,Ana Silva,40,Matematica,Diamantina,BA,8.24
20263438,Caio Ramos Lima,26,Agronomia,Juiz de Fora,MG,8.45
20263439,Bruno Oliveira,47,Engenharia de Software,Ouro Preto,SP,8.02
20263440,Samuel Martins Monteiro Freitas,25,Sistemas de Informacao,Governador Valadares,SP,5.43
20263441,Carlos Dias Teixeira,19,Quimica,Almenara,GO,9.64
20263442,Enzo Oliveira Vieira,53,Ciencia da Computacao,Teofilo Otoni,DF,9.58
20263443,Ana Marques,40,Engenharia de Software,Vicosa,SP,7.21
20263444,Gustavo Dias Oliveira Pinto,19,Engenharia de Software,Salinas,GO,7.46
20263445,Rodrigo Dias Machado Nunes,34,Analise e Desenvolvimento de Sistemas,Januaria,MG,9.41
20263446,Caio Machado Lima,32,Agronomia,Ouro Preto,RJ,7.6
20263447,Joao Moreira Nascimento Machado,33,Engenharia Eletrica,Belo Horizonte,RJ,8.23
20263448,Igor Lima,55,Ciencia da Computacao,Salinas,MG,8.92
20263449,Leticia Moreira Silva Fernandes,48,Matematica,Porteirinha,GO,8.69
20263450,Fernanda Medeiros Brito Silva,31,Agronomia,Montes Claros,BA,6.61
20263451,Samuel Moura Pinto Rocha,33,Agronomia,Teofilo Otoni,GO,7.79
20263452,Amanda Pereira Soares,47,Matematica,Januaria,SP,6.14
20263453,Leticia Lopes Pinto,40,Engenharia Eletrica,Uberlandia,RJ,6.05
20263454,Thiago Dias,32,Sistemas de Informacao,Coronel Fabriciano,RJ,5.04
20263455,Rodrigo Moura Nunes,51,Quimica,Uberlandia,DF,8.92
20263456,Juliana Pinto Costa,41,Fisica,Ouro Preto,GO,5.91
20263457,Camila Costa Cavalcanti Silva,25,Agronomia,Belo Horizonte,BA,6.2
20263458,Isabela Teixeira Teixeira,39,Administracao,Ouro Preto,GO,6.46
20263459,Isabela Ramos Marques Ramos,50,Ciencia da Computacao,Governador Valadares,RJ,6.36
20263460,Pedro Cardoso Fernandes Fernandes,54,Medicina,Curvelo,RJ,6.64
20263461,Caio Martins,23,Direito,Janauba,SP,8.35
20263462,Gustavo Costa Teixeira Brito,49,Engenharia de Software,Ouro Preto,GO,7.24
20263463,Eduardo Vieira Moura,42,Fisica,Teofilo Otoni,RJ,7.17
20263464,Helena Brito Brito Ramos,45,Engenharia de Software,Janauba,BA,6.31
20263465,Alexandre Rodrigues Nascimento,45,Engenharia de Software,Pirapora,ES,6.98
20263466,Isabela Lopes Silva,21,Matematica,Belo Horizonte,SP,8.61
20263467,Daniela Pereira Nunes Martins,20,Engenharia Eletrica,Janauba,ES,7.33
20263468,Mariana Fernandes Gomes,26,Agronomia,Porteirinha,DF,7.65
20263469,Yasmin Castro Costa Cardoso,42,Administracao,Ouro Preto,MG,7.78
20263470,Samuel Machado Souza,23,Fisica,Lavras,MG,6.35
20263471,Nicolas Barbosa Monteiro Silva,22,Medicina,Diamantina,RJ,8.66
20263472,Camila Nunes Nunes,49,Engenharia Eletrica,Sao Francisco,SP,6.28
20263473,Bruno Nascimento Lopes,55,Sistemas de Informacao,Coronel Fabriciano,MG,8.01
20263474,Tatiana Nunes Lima,49,Sistemas de Informacao,Januaria,GO,6.63
20263475,Yasmin Brito Medeiros,22,Engenharia Eletrica,Governador Valadares,GO,5.75
20263476,Caio Marques Mendes,27,Agronomia,Sao Francisco,GO,5.21
20263477,Caio Rocha Carvalho Monteiro,33,Ciencia da Computacao,Vicosa,RJ,6.67
20263478,Igor Ferreira Costa,42,Sistemas de Informacao,Uberlandia,SP,6.07
20263479,Flavia Cardoso Teixeira,35,Engenharia de Software,Coronel Fabriciano,MG,7.18
20263480,Bruno Cardoso Dias,23,Fisica,Curvelo,GO,7.79
20263481,Rodrigo Rodrigues,47,Direito,Sao Francisco,SP,5.34
20263482,Tatiana Barbosa Alves,37,Matematica,Teofilo Otoni,SP,6.01
20263483,Tatiana Brito,52,Sistemas de Informacao,Lavras,DF,8.3
20263484,Beatriz Medeiros Cardoso,35,Direito,Juiz de Fora,RJ,6.72
20263485,Amanda Oliveira Cardoso Santos,41,Medicina,Brasilia de Minas,GO,8.0
20263486,Olivia Barbosa Almeida,45,Agronomia,Vicosa,GO,7.41
20263487,Guilherme Medeiros Ribeiro,27,Quimica,Montes Claros,DF,7.85
20263488,Daniela Ramos Nunes Lopes,37,Engenharia Eletrica,Sao Francisco,BA,6.76
20263489,Helena Souza Souza,25,Engenharia Eletrica,Janauba,GO,6.24
20263490,Pedro Vieira Brito,34,Analise e Desenvolvimento de Sistemas,Salinas,DF,9.38
20263491,Felipe Cardoso Lima,29,Medicina,Sao Francisco,RJ,9.71
20263492,Samuel Alves Almeida,39,Engenharia de Software,Vicosa,SP,5.47
20263493,Debora Freitas Carvalho,38,Sistemas de Informacao,Diamantina,DF,5.71
20263494,Debora Nascimento Monteiro,19,Fisica,Curvelo,DF,9.74
20263495,Gustavo Barbosa Ramos,41,Agronomia,Pirapora,GO,7.0
20263496,Camila Soares,25,Analise e Desenvolvimento de Sistemas,Uberlandia,BA,6.17
20263497,Yasmin Mendes Silva Barbosa,19,Direito,Pirapora,SP,6.96
20263498,Joao Alves Soares,49,Fisica,Curvelo,RJ,8.53
20263499,Rafaela Vieira Pereira Monteiro,40,Quimica,Janauba,ES,6.67
20263500,Olivia Ramos,36,Medicina,Coronel Fabriciano,MG,5.6
20263501,Gustavo Moreira,24,Ciencia da Computacao,Salinas,RJ,6.7
20263502,Carlos Alves Mendes,20,Administracao,Juiz de Fora,ES,8.87
20263503,Carlos Ramos Cavalcanti,45,Quimica,Governador Valadares,BA,9.63
20263504,Gabriel Nunes Gomes,25,Quimica,Sao Francisco,ES,8.97
20263505,Leticia Pinto Machado,46,Administracao,Diamantina,SP,9.89
20263506,Natalia Lopes Andrade Nascimento,51,Matematica,Uberlandia,MG,7.4
20263507,Igor Cavalcanti Cavalcanti,31,Engenharia de Software,Salinas,BA,6.13
20263508,Gabriel Martins Brito,18,Engenharia Eletrica,Porteirinha,BA,5.23
20263509,Yasmin Costa Ramos,37,Matematica,Diamantina,RJ,6.99
20263510,Pedro Rocha Cardoso,54,Administracao,Juiz de Fora,DF,9.02
20263511,Tatiana Moura,19,Analise e Desenvolvimento de Sistemas,Montes Claros,GO,5.25
20263512,Pedro Andrade Machado,41,Agronomia,Almenara,RJ,9.04
20263513,Beatriz Ribeiro Marques,33,Quimica,Vicosa,DF,7.9
20263514,Eduardo Gomes Teixeira,51,Administracao,Uberlandia,ES,5.51
20263515,Igor Martins Costa Rodrigues,34,Fisica,Teofilo Otoni,SP,9.25
20263516,Fernanda Alves Pinto Ramos,52,Matematica,Almenara,DF,6.63
20263517,Yasmin Nunes Rocha,46,Engenharia de Software,Porteirinha,RJ,9.48
20263518,Mariana Andrade Rocha Fernandes,36,Engenharia Eletrica,Pirapora,ES,5.48
20263519,Felipe Dias Ferreira Carvalho,42,Direito,Belo Horizonte,ES,9.74
20263520,Juliana Souza Carvalho,53,Fisica,Ouro Preto,MG,8.38
20263521,Isabela Teixeira Barbosa,24,Agronomia,Porteirinha,DF,7.43
20263522,Enzo Lima,28,Ciencia da Computacao,Salinas,SP,8.24
20263523,Rafaela Rocha Fernandes,21,Engenharia Eletrica,Pirapora,BA,7.17
20263524,Enzo Silva Martins,18,Agronomia,Vicosa,DF,6.93
20263525,Matheus Oliveira Medeiros,18,Administracao,Vicosa,RJ,5.53
20263526,Larissa Moreira Gomes,41,Ciencia da Computacao,Vicosa,RJ,8.21
20263527,Eduardo Marques Ribeiro,24,Direito,Almenara,MG,6.38
20263528,Camila Nunes Monteiro,21,Fisica,Brasilia de Minas,MG,7.45
20263529,Pedro Oliveira Almeida Costa,42,Engenharia de Software,Janauba,DF,6.96
20263530,Larissa Barbosa Alves,55,Matematica,Salinas,RJ,5.18
20263531,Pedro Castro Santos Moreira,34,Matematica,Januaria,ES,8.52
20263532,Ana Almeida Barbosa Lima,39,Fisica,Pirapora,GO,9.71
20263533,Daniela Pereira Monteiro,22,Quimica,Sao Francisco,ES,7.81
20263534,Felipe Gomes,55,Administracao,Juiz de Fora,MG,7.27
20263535,Beatriz Lopes,22,Matematica,Diamantina,GO,9.42
20263536,Beatriz Costa Nunes Silva,26,Sistemas de Informacao,Pirapora,RJ,7.8
20263537,Bruno Monteiro Teixeira Freitas,41,Engenharia de Software,Lavras,MG,5.69
20263538,Gustavo Almeida Martins Andrade,52,Analise e Desenvolvimento de Sistemas,Lavras,DF,6.46
20263539,Luana Ferreira Silva,44,Medicina,Juiz de Fora,BA,9.34
20263540,Fernanda Cardoso Barbosa,39,Engenharia de Software,Coronel Fabriciano,ES,6.07
20263541,Caio Pereira Santos,28,Quimica,Salinas,SP,5.23
20263542,Fernanda Gomes Cavalcanti Lopes,30,Engenharia Eletrica,Curvelo,SP,6.8
20263543,Amanda Cardoso Medeiros Pinto,18,Analise e Desenvolvimento de Sistemas,Janauba,DF,8.72
20263544,Gabriel Ramos Ramos,23,Direito,Montes Claros,BA,5.16
20263545,Joao Souza Medeiros,37,Engenharia Eletrica,Almenara,SP,9.46
20263546,Ana Dias Ferreira,43,Engenharia de Software,Ouro Preto,DF,6.14
20263547,Leticia Pinto Rocha,31,Analise e Desenvolvimento de Sistemas,Juiz de Fora,RJ,7.74
20263548,Leticia Freitas,43,Direito,Juiz de Fora,DF,8.27
20263549,Ana Moreira Fernandes Almeida,37,Medicina,Curvelo,DF,8.51
20263550,Pedro Ferreira Cardoso,33,Ciencia da Computacao,Diamantina,BA,5.87
20263551,Guilherme Mendes Dias,49,Engenharia de Software,Janauba,MG,8.82
20263552,Tatiana Cavalcanti Oliveira,55,Engenharia de Software,Juiz de Fora,GO,8.93
20263553,Felipe Ferreira Nascimento Moreira,19,Medicina,Brasilia de Minas,BA,7.37
20263554,Amanda Andrade Pinto,37,Direito,Uberlandia,DF,5.58
20263555,Matheus Medeiros,48,Administracao,Brasilia de Minas,RJ,6.77
20263556,Caio Marques Dias,47,Sistemas de Informacao,Lavras,ES,8.87
20263557,Enzo Medeiros,31,Engenharia de Software,Lavras,SP,6.31
20263558,Bruno Carvalho Pinto Silva,50,Engenharia de Software,Coronel Fabriciano,ES,9.21
20263559,Ana Machado Moreira Pinto,29,Fisica,Uberlandia,MG,6.07
20263560,Guilherme Monteiro,48,Ciencia da Computacao,Governador Valadares,DF,9.23
20263561,Larissa Mendes Castro Andrade,47,Ciencia da Computacao,Belo Horizonte,ES,7.77
20263562,Juliana Moreira Almeida Ramos,47,Matematica,Teofilo Otoni,GO,8.96
20263563,Eduardo Ferreira Souza Mendes,33,Medicina,Pirapora,BA,7.71
20263564,Mariana Oliveira Marques,52,Fisica,Teofilo Otoni,SP,5.99
20263565,Rafaela Souza Gomes,31,Matematica,Curvelo,BA,6.24
20263566,Flavia Santos Moreira,54,Engenharia de Software,Diamantina,GO,9.49
20263567,Caio Lima Martins,39,Direito,Ouro Preto,RJ,6.58
20263568,Yasmin Ferreira,26,Agronomia,Janauba,BA,7.36
20263569,Carlos Moreira Soares Soares,51,Agronomia,Janauba,SP,7.61
20263570,Beatriz Lopes Alves Pereira,55,Fisica,Lavras,DF,5.05
20263571,Caio Barbosa,27,Agronomia,Montes Claros,SP,6.21
20263572,Yasmin Lima Andrade,39,Ciencia da Computacao,Vicosa,ES,9.21
20263573,Leticia Moura Mendes Cavalcanti,43,Ciencia da Computacao,Teofilo Otoni,MG,6.12
20263574,Igor Costa Pereira,33,Engenharia Eletrica,Vicosa,MG,9.42
20263575,Alexandre Monteiro,43,Administracao,Belo Horizonte,ES,8.8
20263576,Felipe Cardoso Medeiros,51,Direito,Teofilo Otoni,ES,7.44
20263577,Eduardo Soares Costa Barbosa,54,Medicina,Uberlandia,BA,7.82
20263578,Thiago Nunes,37,Engenharia de Software,Pirapora,RJ,5.04
20263579,Mariana Cavalcanti,53,Agronomia,Montes Claros,RJ,5.02
20263580,Carlos Ribeiro Moura,49,Engenharia de Software,Janauba,GO,5.39
20263581,Juliana Costa Silva Ferreira,49,Medicina,Brasilia de Minas,SP,9.64
20263582,Tatiana Moura,49,Matematica,Almenara,GO,9.24
20263583,Tatiana Nunes,44,Sistemas de Informacao,Juiz de Fora,SP,8.19
20263584,Gabriel Nascimento,28,Administracao,Curvelo,RJ,6.24
20263585,Daniela Almeida,43,Ciencia da Computacao,Vicosa,ES,9.45
20263586,Felipe Martins Martins,18,Matematica,Sao Francisco,ES,9.67
20263587,Rafaela Monteiro,31,Administracao,Ouro Preto,GO,8.16
20263588,Fernanda Soares Dias,46,Matematica,Almenara,BA,5.66
20263589,Tatiana Cavalcanti Dias,50,Quimica,Pirapora,ES,8.11
20263590,Debora Oliveira,24,Matematica,Uberlandia,RJ,7.99
20263591,Matheus Lima Santos Brito,26,Medicina,Salinas,ES,5.64
20263592,Leticia Gomes,53,Quimica,Sao Francisco,BA,6.17
20263593,Thiago Mendes Silva Fernandes,54,Fisica,Belo Horizonte,DF,7.34
20263594,Lucas Pinto Alves,39,Agronomia,Sao Francisco,SP,8.97
20263595,Olivia Castro,46,Engenharia Eletrica,Brasilia de Minas,ES,5.81
20263596,Larissa Dias,47,Engenharia de Software,Pirapora,DF,9.72
20263597,Yasmin Monteiro Freitas Lopes,55,Administracao,Teofilo Otoni,RJ,5.64
20263598,Camila Cavalcanti Lopes,22,Sistemas de Informacao,Brasilia de Minas,GO,7.82
20263599,Matheus Mendes Lopes Machado,47,Direito,Teofilo Otoni,DF,6.26
20263600,Yasmin Martins,39,Engenharia de Software,Governador Valadares,RJ,7.54
20263601,Enzo Andrade,48,Engenharia Eletrica,Janauba,RJ,8.69
20263602,Pedro Moura Oliveira Costa,54,Ciencia da Computacao,Diamantina,SP,9.55
20263603,Vinicius Lima Vieira,48,Matematica,Uberlandia,MG,8.07
20263604,Thiago Vieira Silva Castro,22,Administracao,Sao Francisco,RJ,6.12
20263605,Vinicius Costa Nunes,42,Quimica,Almenara,BA,6.79
20263606,Carlos Almeida Marques,32,Ciencia da Computacao,Governador Valadares,DF,5.41
20263607,Daniela Alves Dias Gomes,47,Analise e Desenvolvimento de Sistemas,Pirapora,GO,5.56
20263608,Mariana Nunes Barbosa,22,Engenharia de Software,Vicosa,DF,6.61
20263609,Ana Silva Rodrigues,51,Engenharia de Software,Almenara,ES,8.91
20263610,Beatriz Brito Moura,35,Direito,Brasilia de Minas,BA,5.77
20263611,Rafaela Rocha Brito,44,Fisica,Uberlandia,GO,7.36
20263612,Fernanda Nascimento Lopes,19,Sistemas de Informacao,Teofilo Otoni,RJ,8.77
20263613,Yasmin Freitas,33,Administracao,Janauba,MG,5.21
20263614,Gustavo Medeiros Santos,54,Ciencia da Computacao,Januaria,RJ,6.47
20263615,Eduardo Barbosa Barbosa,27,Direito,Lavras,RJ,6.22
20263616,Alexandre Rocha Soares Souza,36,Sistemas de Informacao,Diamantina,MG,6.96
20263617,Juliana Souza Machado,46,Medicina,Porteirinha,ES,6.1
20263618,Pedro Medeiros,43,Matematica,Montes Claros,SP,6.57
20263619,Amanda Ribeiro Nascimento,29,Agronomia,Vicosa,ES,8.4
20263620,Nicolas Lopes Teixeira,24,Analise e Desenvolvimento de Sistemas,Diamantina,MG,9.58
20263621,Beatriz Lopes Carvalho,21,Sistemas de Informacao,Diamantina,RJ,6.52
20263622,Juliana Vieira Cardoso Soares,19,Fisica,Curvelo,ES,6.83
20263623,Larissa Costa Souza Lopes,32,Medicina,Januaria,SP,9.49
20263624,Igor Lopes Lima,38,Engenharia Eletrica,Montes Claros,RJ,8.47
20263625,Caio Rocha Cavalcanti,49,Ciencia da Computacao,Curvelo,SP,8.11
20263626,Tatiana Gomes Gomes,37,Medicina,Coronel Fabriciano,SP,5.35
20263627,Lucas Andrade Andrade,23,Sistemas de Informacao,Janauba,BA,7.5
20263628,Natalia Moura Rodrigues Pinto,23,Analise e Desenvolvimento de Sistemas,Sao Francisco,MG,6.71
20263629,Yasmin Brito Soares Rodrigues,48,Engenharia Eletrica,Janauba,GO,7.44
20263630,Caio Ramos Pereira Nunes,45,Analise e Desenvolvimento de Sistemas,Teofilo Otoni,ES,8.1
20263631,Tatiana Marques,33,Ciencia da Computacao,Uberlandia,MG,8.65
20263632,Eduardo Cavalcanti,41,Quimica,Uberlandia,BA,6.55
20263633,Ana Freitas,45,Engenharia Eletrica,Janauba,MG,6.42
20263634,Gustavo Monteiro,42,Agronomia,Sao Francisco,GO,8.2
20263635,Larissa Rodrigues Barbosa,30,Fisica,Belo Horizonte,GO,9.73
20263636,Rodrigo Oliveira,55,Ciencia da Computacao,Pirapora,MG,5.39
20263637,Guilherme Alves Souza,31,Matematica,Almenara,RJ,9.07
20263638,Leticia Alves Cavalcanti,31,Ciencia da Computacao,Porteirinha,DF,9.77
20263639,Helena Moreira Lopes,53,Agronomia,Pirapora,RJ,9.74
20263640,Felipe Nascimento Ferreira,51,Fisica,Sao Francisco,RJ,9.56
20263641,Caio Oliveira,55,Administracao,Janauba,RJ,8.72
20263642,Lucas Moreira Cardoso,29,Agronomia,Januaria,MG,7.35
20263643,Natalia Costa,18,Quimica,Ouro Preto,MG,8.3
20263644,Vinicius Mendes Gomes Martins,47,Analise e Desenvolvimento de Sistemas,Sao Francisco,RJ,6.39
20263645,Pedro Santos Cavalcanti,32,Ciencia da Computacao,Coronel Fabriciano,ES,7.17
20263646,Gustavo Pinto Medeiros Andrade,24,Fisica,Porteirinha,SP,9.79
20263647,Olivia Marques Freitas,23,Engenharia de Software,Coronel Fabriciano,RJ,6.29
20263648,Isabela Moreira,51,Agronomia,Uberlandia,RJ,6.83
20263649,Beatriz Ramos Alves Ferreira,45,Engenharia de Software,Sao Francisco,RJ,5.22
20263650,Debora Nunes Carvalho,37,Analise e Desenvolvimento de Sistemas,Salinas,ES,5.24
20263651,Joao Carvalho Pinto,27,Ciencia da Computacao,Januaria,BA,6.71
20263652,Caio Machado Dias Carvalho,33,Direito,Vicosa,RJ,8.89
20263653,Nicolas Alves,42,Direito,Ouro Preto,RJ,5.53
20263654,Guilherme Alves Andrade Vieira,53,Direito,Almenara,MG,9.18
20263655,Daniela Lima,41,Engenharia de Software,Janauba,SP,5.12
20263656,Beatriz Vieira,55,Ciencia da Computacao,Lavras,GO,8.53
20263657,Amanda Monteiro Carvalho,54,Direito,Coronel Fabriciano,GO,7.25
20263658,Matheus Lima Barbosa,42,Engenharia Eletrica,Coronel Fabriciano,BA,5.06
20263659,Vinicius Lopes Moura Almeida,21,Ciencia da Computacao,Montes Claros,ES,5.39
20263660,Lucas Brito Barbosa,32,Ciencia da Computacao,Vicosa,GO,9.77
20263661,Joao Medeiros Medeiros,44,Medicina,Porteirinha,RJ,8.7
20263662,Luana Ramos,30,Medicina,Pirapora,ES,7.97
20263663,Juliana Dias Gomes,46,Medicina,Coronel Fabriciano,MG,5.02
20263664,Carlos Lima,32,Engenharia de Software,Januaria,SP,6.87
20263665,Gabriel Ribeiro Andrade,23,Fisica,Sao Francisco,ES,7.76
20263666,Samuel Alves,51,Fisica,Teofilo Otoni,DF,9.22
20263667,Ana Dias Rodrigues Marques,43,Administracao,Januaria,GO,7.66
20263668,Mariana Carvalho,55,Sistemas de Informacao,Vicosa,ES,7.71
20263669,Natalia Brito Oliveira Pinto,53,Administracao,Belo Horizonte,RJ,5.41
20263670,Flavia Brito,38,Agronomia,Brasilia de Minas,SP,6.48
20263671,Lucas Soares,53,Sistemas de Informacao,Porteirinha,ES,7.67
20263672,Eduardo Lopes Freitas,33,Direito,Salinas,SP,6.8
20263673,Eduardo Pereira Cavalcanti,20,Quimica,Almenara,RJ,8.33
20263674,Helena Soares Pereira,33,Fisica,Curvelo,RJ,5.03
20263675,Samuel Freitas,23,Agronomia,Curvelo,DF,8.65
20263676,Amanda Brito Lima Rocha,42,Fisica,Governador Valadares,BA,9.35
20263677,Guilherme Monteiro Monteiro Carvalho,36,Engenharia Eletrica,Januaria,BA,6.28
20263678,Nicolas Rodrigues Moura,24,Engenharia Eletrica,Ouro Preto,GO,5.51
20263679,Beatriz Ferreira,32,Sistemas de Informacao,Janauba,GO,5.57
20263680,Ana Barbosa Barbosa Mendes,20,Agronomia,Sao Francisco,RJ,5.01
20263681,Daniela Moreira Freitas Alves,36,Fisica,Lavras,RJ,7.58
20263682,Nicolas Alves,34,Medicina,Coronel Fabriciano,SP,6.54
20263683,Juliana Freitas,38,Fisica,Vicosa,ES,6.32
20263684,Tatiana Santos,32,Analise e Desenvolvimento de Sistemas,Juiz de Fora,SP,6.27
20263685,Luana Moura Mendes,18,Matematica,Diamantina,BA,7.98
20263686,Flavia Brito Vieira Ferreira,29,Fisica,Coronel Fabriciano,SP,5.35
20263687,Bruno Almeida Costa Machado,46,Medicina,Diamantina,MG,8.44
20263688,Caio Ramos Nunes,33,Engenharia Eletrica,Januaria,MG,5.13
20263689,Flavia Dias Vieira,44,Engenharia Eletrica,Teofilo Otoni,SP,6.11
20263690,Vinicius Santos,21,Engenharia de Software,Juiz de Fora,SP,9.66
20263691,Gustavo Barbosa Monteiro,42,Fisica,Curvelo,DF,7.54
20263692,Samuel Moura Rodrigues,47,Ciencia da Computacao,Diamantina,RJ,8.96
20263693,Daniela Freitas,47,Ciencia da Computacao,Salinas,RJ,7.38
20263694,Pedro Cardoso Rocha Medeiros,37,Matematica,Belo Horizonte,DF,5.99
20263695,Carlos Mendes Moura Alves,25,Engenharia Eletrica,Juiz de Fora,MG,7.81
20263696,Daniela Oliveira Fernandes Brito,19,Sistemas de Informacao,Salinas,SP,6.4
20263697,Caio Dias,55,Administracao,Juiz de Fora,SP,6.11
20263698,Camila Barbosa Medeiros,44,Quimica,Janauba,SP,9.61
20263699,Gabriel Cardoso Santos,31,Quimica,Diamantina,SP,6.19
20263700,Daniela Barbosa,55,Matematica,Teofilo Otoni,RJ,8.07
20263701,Olivia Moreira Pereira Brito,48,Fisica,Juiz de Fora,BA,5.51
20263702,Thiago Barbosa Machado,27,Engenharia de Software,Lavras,RJ,8.52
20263703,Nicolas Monteiro,40,Agronomia,Coronel Fabriciano,DF,6.61
20263704,Luana Gomes Cardoso,42,Agronomia,Juiz de Fora,GO,5.45
20263705,Rafaela Fernandes Medeiros Martins,25,Direito,Governador Valadares,RJ,7.16
20263706,Ana Andrade,41,Agronomia,Pirapora,RJ,9.28
20263707,Larissa Castro Lima Pereira,25,Administracao,Almenara,SP,5.12
20263708,Amanda Monteiro Brito,30,Medicina,Porteirinha,RJ,6.48
20263709,Amanda Cavalcanti Castro,46,Ciencia da Computacao,Pirapora,SP,8.25
20263710,Alexandre Andrade Ramos,18,Analise e Desenvolvimento de Sistemas,Governador Valadares,GO,6.16
20263711,Matheus Alves Cavalcanti,43,Administracao,Curvelo,BA,6.77
20263712,Daniela Dias,19,Matematica,Teofilo Otoni,RJ,9.83
20263713,Fernanda Pereira,21,Engenharia Eletrica,Janauba,RJ,5.36
20263714,Amanda Freitas,30,Agronomia,Porteirinha,DF,6.24
20263715,Luana Teixeira Ferreira Lima,23,Analise e Desenvolvimento de Sistemas,Montes Claros,MG,8.3
20263716,Igor Martins Moura,37,Fisica,Coronel Fabriciano,DF,7.81
20263717,Leticia Nunes,48,Sistemas de Informacao,Belo Horizonte,GO,9.57
20263718,Samuel Soares,51,Engenharia Eletrica,Vicosa,GO,9.36
20263719,Rafaela Marques Andrade Rocha,44,Engenharia Eletrica,Governador Valadares,BA,5.62
20263720,Camila Monteiro,26,Sistemas de Informacao,Montes Claros,RJ,6.05
20263721,Flavia Vieira,25,Direito,Coronel Fabriciano,MG,8.13
20263722,Pedro Santos Gomes,30,Administracao,Porteirinha,DF,5.57
20263723,Gustavo Lopes Machado,50,Analise e Desenvolvimento de Sistemas,Janauba,GO,7.99
20263724,Larissa Machado,35,Ciencia da Computacao,Diamantina,BA,6.1
20263725,Eduardo Medeiros Almeida,29,Medicina,Almenara,DF,9.41
20263726,Flavia Freitas,24,Sistemas de Informacao,Coronel Fabriciano,ES,6.18
20263727,Gustavo Brito Medeiros,38,Sistemas de Informacao,Teofilo Otoni,SP,5.91
20263728,Samuel Soares Barbosa,51,Engenharia de Software,Diamantina,DF,9.52
20263729,Felipe Machado Teixeira,25,Engenharia Eletrica,Salinas,SP,8.84
20263730,Carlos Machado Soares,19,Matematica,Lavras,MG,6.57
20263731,Fernanda Dias Rocha,40,Matematica,Januaria,DF,8.14
20263732,Lucas Cardoso Moura,48,Matematica,Januaria,BA,9.52
20263733,Juliana Santos Fernandes,42,Analise e Desenvolvimento de Sistemas,Juiz de Fora,BA,5.57
20263734,Flavia Nunes,19,Analise e Desenvolvimento de Sistemas,Almenara,BA,6.59
20263735,Felipe Silva Ribeiro,38,Medicina,Governador Valadares,ES,7.78
20263736,Pedro Freitas Medeiros,30,Matematica,Sao Francisco,RJ,9.18
20263737,Caio Rodrigues Medeiros,27,Engenharia de Software,Juiz de Fora,SP,8.34
20263738,Matheus Carvalho,43,Direito,Montes Claros,BA,8.48
20263739,Caio Nunes Freitas,45,Engenharia Eletrica,Pirapora,BA,6.79
20263740,Lucas Carvalho Carvalho,19,Ciencia da Computacao,Ouro Preto,MG,6.77
20263741,Carlos Teixeira Gomes Medeiros,28,Fisica,Porteirinha,GO,7.74
20263742,Pedro Costa Pereira,20,Direito,Lavras,ES,5.99
20263743,Joao Almeida,45,Medicina,Brasilia de Minas,ES,6.71
20263744,Matheus Lima,18,Engenharia Eletrica,Governador Valadares,RJ,9.14
20263745,Igor Cavalcanti Cardoso,34,Fisica,Salinas,RJ,8.34
20263746,Luana Machado,31,Fisica,Coronel Fabriciano,SP,5.32
20263747,Alexandre Nascimento Dias,23,Fisica,Montes Claros,MG,9.69
20263748,Carlos Teixeira Pereira Brito,37,Quimica,Ouro Preto,DF,6.25
20263749,Isabela Ribeiro,31,Quimica,Januaria,MG,6.03
20263750,Joao Lima,26,Analise e Desenvolvimento de Sistemas,Janauba,MG,5.75
20263751,Pedro Silva Martins,35,Fisica,Almenara,DF,8.13
20263752,Larissa Dias,31,Matematica,Pirapora,RJ,8.76
20263753,Leticia Santos,25,Administracao,Coronel Fabriciano,BA,5.61
20263754,Isabela Brito Moreira Monteiro,48,Quimica,Brasilia de Minas,MG,6.22
20263755,Samuel Andrade Fernandes Soares,22,Ciencia da Computacao,Coronel Fabriciano,MG,7.14
20263756,Larissa Silva Santos,52,Engenharia de Software,Brasilia de Minas,DF,8.6
20263757,Gabriel Dias Alves,49,Administracao,Brasilia de Minas,BA,7.84
20263758,Lucas Moura Silva,55,Sistemas de Informacao,Brasilia de Minas,MG,5.58
20263759,Bruno Brito,44,Matematica,Curvelo,GO,7.04
20263760,Nicolas Pereira Dias Costa,39,Medicina,Teofilo Otoni,GO,6.2
20263761,Leticia Souza,38,Agronomia,Ouro Preto,BA,9.82
20263762,Yasmin Lopes Nascimento,35,Quimica,Januaria,GO,9.17
20263763,Flavia Ribeiro Dias,30,Matematica,Sao Francisco,MG,8.78
20263764,Beatriz Costa,38,Medicina,Lavras,GO,7.13
20263765,Joao Cavalcanti,53,Agronomia,Teofilo Otoni,RJ,5.2
20263766,Joao Fernandes,52,Matematica,Montes Claros,BA,5.1
20263767,Caio Cavalcanti Teixeira Silva,55,Direito,Pirapora,DF,7.66
20263768,Yasmin Lima,29,Matematica,Diamantina,SP,9.69
20263769,Vinicius Andrade Castro,29,Ciencia da Computacao,Janauba,GO,8.89
20263770,Joao Rocha Mendes,49,Matematica,Governador Valadares,DF,5.43
20263771,Joao Pinto Monteiro,32,Ciencia da Computacao,Brasilia de Minas,DF,6.62
20263772,Juliana Mendes Soares,38,Fisica,Pirapora,MG,9.89
20263773,Thiago Nascimento,51,Matematica,Juiz de Fora,MG,8.91
20263774,Caio Costa,29,Engenharia Eletrica,Belo Horizonte,BA,6.86
20263775,Enzo Souza Silva,50,Analise e Desenvolvimento de Sistemas,Porteirinha,RJ,7.12
20263776,Igor Teixeira Medeiros Moura,55,Matematica,Diamantina,MG,8.37
20263777,Tatiana Moreira Alves Pereira,33,Quimica,Curvelo,ES,8.7
20263778,Gustavo Lima Freitas,24,Fisica,Janauba,GO,6.93
20263779,Pedro Carvalho,51,Fisica,Vicosa,GO,7.65
20263780,Caio Gomes Teixeira,41,Quimica,Ouro Preto,DF,8.01
20263781,Gabriel Cavalcanti Soares,33,Matematica,Juiz de Fora,RJ,8.41
20263782,Thiago Silva,18,Direito,Diamantina,RJ,7.88
20263783,Luana Barbosa Fernandes,38,Direito,Porteirinha,DF,8.92
20263784,Carlos Mendes Nunes,55,Sistemas de Informacao,Uberlandia,BA,6.89
20263785,Beatriz Vieira Almeida Barbosa,46,Medicina,Curvelo,MG,8.38
20263786,Samuel Lopes,39,Matematica,Lavras,BA,9.51
20263787,Thiago Souza Freitas,54,Administracao,Sao Francisco,ES,9.19
20263788,Pedro Ramos Dias,44,Fisica,Ouro Preto,MG,6.85
20263789,Olivia Barbosa Oliveira,49,Quimica,Belo Horizonte,MG,9.88
20263790,Gabriel Freitas Freitas,42,Engenharia Eletrica,Belo Horizonte,SP,8.22
20263791,Ana Ramos Teixeira,52,Analise e Desenvolvimento de Sistemas,Coronel Fabriciano,ES,5.77
20263792,Rodrigo Rocha,36,Ciencia da Computacao,Diamantina,BA,7.0
20263793,Beatriz Lima Monteiro,39,Fisica,Januaria,GO,5.92
20263794,Igor Nunes,38,Analise e Desenvolvimento de Sistemas,Teofilo Otoni,RJ,6.17
20263795,Beatriz Pereira Vieira,46,Sistemas de Informacao,Porteirinha,ES,8.38
20263796,Igor Lopes,35,Direito,Vicosa,MG,6.43
20263797,Beatriz Oliveira Pinto Lopes,40,Medicina,Sao Francisco,SP,8.4
20263798,Carlos Gomes Oliveira Oliveira,44,Engenharia Eletrica,Vicosa,SP,5.36
20263799,Yasmin Soares Andrade,54,Engenharia de Software,Vicosa,DF,6.92
20263800,Gabriel Monteiro Medeiros Lopes,23,Fisica,Almenara,RJ,8.32
20263801,Ana Marques Rocha Santos,46,Quimica,Coronel Fabriciano,MG,9.44
20263802,Juliana Cavalcanti,33,Fisica,Montes Claros,SP,6.89
20263803,Leticia Nascimento Lopes,18,Engenharia de Software,Sao Francisco,SP,6.59
20263804,Amanda Dias Souza Lima,44,Analise e Desenvolvimento de Sistemas,Janauba,RJ,5.03
20263805,Felipe Castro Barbosa,31,Analise e Desenvolvimento de Sistemas,Almenara,RJ,7.01
20263806,Thiago Castro Souza Soares,44,Ciencia da Computacao,Montes Claros,ES,5.87
20263807,Rafaela Nunes Medeiros Moreira,27,Administracao,Curvelo,MG,5.9
20263808,Juliana Souza Medeiros,46,Medicina,Janauba,GO,5.11
20263809,Gustavo Oliveira,45,Fisica,Juiz de Fora,MG,9.5
20263810,Beatriz Alves,29,Ciencia da Computacao,Januaria,BA,7.86
20263811,Yasmin Brito Oliveira,47,Administracao,Governador Valadares,RJ,9.38
20263812,Enzo Ribeiro Rodrigues Monteiro,30,Fisica,Diamantina,DF,8.36
20263813,Eduardo Castro Costa,54,Administracao,Governador Valadares,BA,5.55
20263814,Pedro Santos Cardoso Ferreira,28,Sistemas de Informacao,Uberlandia,MG,9.24
20263815,Igor Gomes Teixeira Almeida,47,Direito,Porteirinha,BA,7.22
20263816,Vinicius Brito,53,Medicina,Vicosa,GO,7.65
20263817,Lucas Monteiro Gomes Souza,43,Analise e Desenvolvimento de Sistemas,Almenara,BA,8.4
20263818,Bruno Ferreira Costa,44,Matematica,Ouro Preto,MG,9.42
20263819,Guilherme Andrade Teixeira,55,Medicina,Almenara,GO,9.32
20263820,Ana Medeiros Marques,19,Fisica,Uberlandia,DF,9.66
20263821,Samuel Dias Ribeiro,41,Direito,Belo Horizonte,RJ,7.7
20263822,Matheus Ramos Monteiro,52,Engenharia de Software,Montes Claros,RJ,5.02
20263823,Gustavo Fernandes Marques,38,Direito,Juiz de Fora,RJ,8.8
20263824,Isabela Ferreira,27,Matematica,Lavras,ES,7.97
20263825,Juliana Cavalcanti Barbosa Gomes,43,Agronomia,Januaria,DF,7.93
20263826,Juliana Nunes Rodrigues,42,Engenharia de Software,Pirapora,RJ,5.13
20263827,Natalia Rodrigues Moura,45,Ciencia da Computacao,Janauba,RJ,8.57
20263828,Rodrigo Silva Martins,22,Quimica,Coronel Fabriciano,RJ,6.5
20263829,Thiago Andrade Rodrigues,27,Direito,Curvelo,ES,5.94
20263830,Mariana Soares,26,Agronomia,Sao Francisco,BA,9.82
20263831,Tatiana Ferreira Nunes,19,Engenharia Eletrica,Curvelo,ES,5.42
20263832,Samuel Monteiro Santos,51,Direito,Montes Claros,GO,5.58
20263833,Rodrigo Nunes,49,Engenharia Eletrica,Sao Francisco,BA,5.19
20263834,Gabriel Souza Cardoso,36,Ciencia da Computacao,Brasilia de Minas,BA,6.1
20263835,Amanda Andrade Mendes Castro,42,Direito,Almenara,GO,9.47
20263836,Daniela Rocha Rodrigues,23,Ciencia da Computacao,Curvelo,MG,5.25
20263837,Gabriel Ramos Monteiro,41,Ciencia da Computacao,Teofilo Otoni,MG,6.82
20263838,Vinicius Medeiros,48,Sistemas de Informacao,Diamantina,GO,8.35
20263839,Fernanda Silva,29,Matematica,Vicosa,SP,9.43
20263840,Matheus Fernandes Freitas Dias,32,Matematica,Uberlandia,SP,7.92
20263841,Joao Barbosa Soares Costa,40,Sistemas de Informacao,Coronel Fabriciano,GO,8.32
20263842,Samuel Costa Souza,36,Engenharia Eletrica,Coronel Fabriciano,SP,5.55
20263843,Olivia Mendes Vieira Oliveira,41,Engenharia Eletrica,Belo Horizonte,BA,7.25
20263844,Luana Almeida Mendes Machado,43,Quimica,Curvelo,DF,8.84
20263845,Enzo Cavalcanti Pereira,42,Ciencia da Computacao,Lavras,SP,6.68
20263846,Larissa Barbosa Castro Oliveira,41,Agronomia,Brasilia de Minas,ES,8.55
20263847,Fernanda Fernandes Fernandes,55,Matematica,Januaria,ES,5.29
20263848,Beatriz Teixeira Nunes Costa,36,Quimica,Januaria,GO,6.74
20263849,Beatriz Santos Medeiros,54,Agronomia,Uberlandia,BA,5.9
20263850,Rafaela Rocha Gomes,46,Quimica,Curvelo,MG,5.48
20263851,Daniela Moura,41,Quimica,Salinas,ES,6.23
20263852,Rodrigo Brito Monteiro,38,Matematica,Diamantina,DF,5.81
20263853,Thiago Marques Pereira,50,Fisica,Belo Horizonte,MG,9.01
20263854,Nicolas Fernandes Cavalcanti,18,Ciencia da Computacao,Almenara,BA,8.22
20263855,Juliana Nascimento Brito,49,Fisica,Almenara,MG,6.64
20263856,Felipe Costa Medeiros,51,Direito,Ouro Preto,DF,5.5
20263857,Eduardo Vieira Cardoso,34,Matematica,Ouro Preto,SP,7.19
20263858,Vinicius Ribeiro Pinto,33,Direito,Pirapora,RJ,8.53
20263859,Matheus Ribeiro Ferreira Soares,45,Engenharia Eletrica,Juiz de Fora,BA,7.45
20263860,Tatiana Nascimento Gomes,29,Administracao,Juiz de Fora,DF,9.62
20263861,Rodrigo Moura Brito,47,Matematica,Ouro Preto,ES,7.26
20263862,Vinicius Fernandes Dias,50,Engenharia de Software,Juiz de Fora,DF,6.45
20263863,Tatiana Silva,25,Matematica,Almenara,GO,9.58
20263864,Olivia Marques Silva Dias,45,Sistemas de Informacao,Juiz de Fora,SP,8.25
20263865,Amanda Carvalho,34,Administracao,Diamantina,ES,7.95
20263866,Tatiana Moura,36,Engenharia de Software,Vicosa,ES,6.19
20263867,Caio Marques Pereira Rodrigues,41,Administracao,Ouro Preto,DF,6.97
20263868,Rafaela Souza Freitas Santos,44,Medicina,Governador Valadares,SP,7.54
20263869,Pedro Alves Moreira Oliveira,26,Quimica,Almenara,RJ,8.11
20263870,Rafaela Souza Carvalho,46,Fisica,Teofilo Otoni,DF,9.34
20263871,Natalia Rodrigues Cavalcanti,44,Fisica,Teofilo Otoni,SP,6.46
20263872,Caio Marques Martins Rodrigues,24,Sistemas de Informacao,Salinas,BA,7.66
20263873,Felipe Ribeiro,53,Direito,Ouro Preto,DF,8.91
20263874,Guilherme Rodrigues Rocha Barbosa,40,Matematica,Lavras,SP,7.52
20263875,Caio Machado Rocha,36,Engenharia Eletrica,Lavras,MG,5.81
20263876,Camila Ribeiro Dias Lima,22,Sistemas de Informacao,Lavras,GO,7.65
20263877,Carlos Rocha Brito,35,Administracao,Curvelo,GO,7.97
20263878,Mariana Cavalcanti Teixeira Costa,52,Engenharia de Software,Juiz de Fora,MG,6.61
20263879,Fernanda Almeida,28,Matematica,Ouro Preto,ES,9.25
20263880,Lucas Carvalho Costa,19,Analise e Desenvolvimento de Sistemas,Uberlandia,RJ,7.56
20263881,Igor Mendes Cardoso Cavalcanti,42,Sistemas de Informacao,Uberlandia,ES,8.44
20263882,Mariana Cardoso Gomes Moura,47,Quimica,Coronel Fabriciano,MG,8.54
20263883,Rodrigo Cardoso,46,Agronomia,Diamantina,DF,6.32
20263884,Ana Marques Ribeiro Cavalcanti,32,Analise e Desenvolvimento de Sistemas,Porteirinha,GO,8.1
20263885,Debora Cardoso Lopes Dias,45,Sistemas de Informacao,Belo Horizonte,GO,5.63
20263886,Joao Ramos Oliveira Souza,34,Medicina,Belo Horizonte,SP,7.6
20263887,Matheus Carvalho Souza Lima,47,Analise e Desenvolvimento de Sistemas,Almenara,BA,7.7
20263888,Joao Santos Barbosa Costa,34,Ciencia da Computacao,Almenara,SP,6.68
20263889,Guilherme Moura Castro,32,Matematica,Juiz de Fora,RJ,8.18
20263890,Gabriel Marques Cardoso,53,Agronomia,Salinas,SP,8.86
20263891,Vinicius Nunes Freitas,32,Agronomia,Coronel Fabriciano,DF,8.86
20263892,Enzo Castro Silva Barbosa,35,Agronomia,Porteirinha,GO,8.29
20263893,Pedro Carvalho Ribeiro,29,Matematica,Salinas,GO,5.8
20263894,Beatriz Nascimento Cavalcanti,47,Quimica,Juiz de Fora,MG,5.05
20263895,Lucas Lopes Brito Soares,38,Matematica,Curvelo,GO,9.13
20263896,Guilherme Fernandes Oliveira Ramos,44,Ciencia da Computacao,Ouro Preto,ES,6.58
20263897,Igor Souza,32,Analise e Desenvolvimento de Sistemas,Curvelo,ES,5.14
20263898,Rodrigo Ramos,23,Administracao,Almenara,ES,6.1
20263899,Leticia Brito Souza,38,Agronomia,Salinas,MG,7.65
20263900,Helena Andrade,31,Analise e Desenvolvimento de Sistemas,Juiz de Fora,SP,9.1
20263901,Flavia Freitas,19,Sistemas de Informacao,Juiz de Fora,RJ,5.81
20263902,Eduardo Rocha Moreira Andrade,45,Fisica,Governador Valadares,SP,7.27
20263903,Vinicius Nascimento Ramos Dias,54,Medicina,Governador Valadares,ES,6.82
20263904,Beatriz Rocha Lopes,42,Sistemas de Informacao,Curvelo,GO,8.09
20263905,Yasmin Teixeira Andrade,36,Engenharia Eletrica,Ouro Preto,BA,8.06
20263906,Alexandre Lima Andrade Gomes,21,Direito,Lavras,GO,9.78
20263907,Eduardo Nunes,38,Engenharia Eletrica,Salinas,ES,8.08
20263908,Yasmin Andrade,49,Engenharia de Software,Brasilia de Minas,SP,5.73
20263909,Carlos Lima Cardoso Moreira,34,Direito,Belo Horizonte,MG,7.51
20263910,Juliana Barbosa Souza Martins,41,Fisica,Diamantina,BA,8.55
20263911,Lucas Vieira,36,Ciencia da Computacao,Teofilo Otoni,ES,5.98
20263912,Pedro Vieira Santos Medeiros,34,Engenharia Eletrica,Teofilo Otoni,DF,8.51
20263913,Carlos Andrade Costa Nascimento,48,Matematica,Janauba,ES,7.78
20263914,Vinicius Cardoso Castro Soares,23,Sistemas de Informacao,Diamantina,BA,6.59
20263915,Fernanda Monteiro Castro,23,Engenharia Eletrica,Belo Horizonte,DF,6.48
20263916,Pedro Soares Teixeira Andrade,48,Engenharia Eletrica,Belo Horizonte,BA,7.94
20263917,Isabela Ribeiro Freitas,45,Agronomia,Uberlandia,MG,5.91
20263918,Igor Pereira Pereira,27,Ciencia da Computacao,Teofilo Otoni,ES,5.42
20263919,Olivia Teixeira Ferreira,32,Ciencia da Computacao,Salinas,SP,7.9
20263920,Carlos Costa Brito,51,Matematica,Januaria,ES,7.67
20263921,Eduardo Pinto Moreira,44,Engenharia de Software,Sao Francisco,BA,5.92
20263922,Gabriel Medeiros Pinto Oliveira,50,Sistemas de Informacao,Salinas,GO,6.06
20263923,Leticia Carvalho Alves,46,Sistemas de Informacao,Diamantina,DF,7.11
20263924,Flavia Ramos Souza Barbosa,22,Direito,Salinas,MG,9.21
20263925,Leticia Medeiros Ferreira,25,Agronomia,Vicosa,SP,5.18
20263926,Bruno Pereira Lopes Carvalho,28,Ciencia da Computacao,Diamantina,SP,9.67
20263927,Debora Machado Santos,49,Engenharia Eletrica,Porteirinha,ES,7.33
20263928,Daniela Ramos Freitas,40,Quimica,Almenara,SP,8.47
20263929,Juliana Almeida Rodrigues,42,Quimica,Belo Horizonte,MG,6.93
20263930,Natalia Teixeira Rodrigues Ferreira,21,Medicina,Juiz de Fora,DF,9.76
20263931,Thiago Brito Moreira Carvalho,21,Administracao,Coronel Fabriciano,DF,7.26
20263932,Gustavo Castro,35,Administracao,Governador Valadares,DF,9.1
20263933,Gustavo Lopes Lima,33,Analise e Desenvolvimento de Sistemas,Juiz de Fora,MG,5.14
20263934,Alexandre Moura,18,Ciencia da Computacao,Curvelo,RJ,9.25
20263935,Daniela Monteiro,44,Analise e Desenvolvimento de Sistemas,Diamantina,BA,6.06
20263936,Bruno Nunes Dias,52,Direito,Brasilia de Minas,SP,9.32
20263937,Camila Monteiro Martins,28,Analise e Desenvolvimento de Sistemas,Juiz de Fora,SP,7.94
20263938,Thiago Ramos,29,Sistemas de Informacao,Lavras,DF,9.36
20263939,Juliana Andrade Monteiro Dias,35,Medicina,Janauba,DF,5.55
20263940,Helena Medeiros Marques,19,Analise e Desenvolvimento de Sistemas,Brasilia de Minas,ES,9.22
20263941,Rafaela Machado Ramos Cavalcanti,53,Analise e Desenvolvimento de Sistemas,Ouro Preto,GO,7.4
20263942,Thiago Martins Gomes,33,Agronomia,Montes Claros,MG,6.26
20263943,Samuel Mendes Andrade,51,Engenharia de Software,Uberlandia,RJ,9.4
20263944,Isabela Cardoso Fernandes,24,Administracao,Diamantina,RJ,8.76
20263945,Flavia Almeida,24,Direito,Janauba,SP,9.36
20263946,Matheus Nunes Oliveira,25,Engenharia de Software,Sao Francisco,ES,6.48
20263947,Helena Fernandes Soares,23,Medicina,Juiz de Fora,BA,7.67
20263948,Olivia Moreira Rodrigues Rodrigues,44,Agronomia,Coronel Fabriciano,MG,5.5
20263949,Bruno Martins Moreira,22,Engenharia Eletrica,Lavras,ES,5.82
20263950,Bruno Dias Dias Dias,35,Administracao,Sao Francisco,SP,5.86
20263951,Rafaela Moreira Teixeira,34,Analise e Desenvolvimento de Sistemas,Vicosa,RJ,5.44
20263952,Bruno Martins Vieira,35,Fisica,Janauba,SP,9.86
20263953,Caio Marques Machado Santos,18,Analise e Desenvolvimento de Sistemas,Montes Claros,DF,5.42
20263954,Guilherme Lima Gomes,49,Sistemas de Informacao,Diamantina,ES,6.84
20263955,Tatiana Lima Alves,46,Quimica,Belo Horizonte,RJ,8.91
20263956,Debora Souza Pinto,38,Fisica,Juiz de Fora,MG,9.8
20263957,Samuel Santos Castro,54,Engenharia Eletrica,Uberlandia,GO,9.5
20263958,Felipe Pereira Rodrigues,30,Administracao,Porteirinha,DF,9.37
20263959,Bruno Lopes Fernandes Moura,34,Agronomia,Porteirinha,BA,9.27
20263960,Larissa Oliveira Silva Marques,29,Direito,Curvelo,SP,8.49
20263961,Helena Barbosa Ribeiro,40,Engenharia de Software,Brasilia de Minas,ES,8.67
20263962,Beatriz Vieira Lima,23,Quimica,Vicosa,DF,8.41
20263963,Isabela Lima Cardoso Dias,28,Agronomia,Montes Claros,MG,5.55
20263964,Eduardo Mendes Carvalho Fernandes,37,Direito,Curvelo,GO,8.84
20263965,Alexandre Pinto Ribeiro,32,Medicina,Pirapora,DF,7.01
20263966,Pedro Costa Machado,35,Quimica,Lavras,ES,7.38
20263967,Carlos Souza,23,Direito,Montes Claros,RJ,7.73
20263968,Igor Brito Vieira Dias,46,Administracao,Salinas,GO,8.62
20263969,Tatiana Medeiros,37,Agronomia,Brasilia de Minas,MG,8.42
20263970,Mariana Lopes Rocha Nascimento,27,Agronomia,Belo Horizonte,GO,6.05
20263971,Felipe Cardoso,40,Administracao,Vicosa,ES,9.87
20263972,Olivia Souza,26,Administracao,Janauba,RJ,6.34
20263973,Matheus Alves Ferreira,39,Agronomia,Ouro Preto,BA,9.33
20263974,Eduardo Moura Freitas Oliveira,51,Matematica,Porteirinha,MG,9.57
20263975,Natalia Medeiros Pereira Pereira,44,Engenharia Eletrica,Salinas,SP,9.57
20263976,Enzo Ferreira Alves,55,Agronomia,Diamantina,MG,8.72
20263977,Yasmin Ribeiro Barbosa,49,Analise e Desenvolvimento de Sistemas,Lavras,ES,9.2
20263978,Mariana Lopes Ramos Cardoso,36,Agronomia,Vicosa,RJ,5.02
20263979,Leticia Pereira Gomes,39,Analise e Desenvolvimento de Sistemas,Teofilo Otoni,SP,9.56
20263980,Leticia Santos,53,Sistemas de Informacao,Teofilo Otoni,RJ,7.37
20263981,Daniela Brito Marques Nunes,44,Quimica,Montes Claros,BA,7.65
20263982,Olivia Monteiro Carvalho,54,Fisica,Sao Francisco,RJ,5.31
20263983,Camila Lima Alves,18,Ciencia da Computacao,Belo Horizonte,GO,9.87
20263984,Amanda Santos Mendes,20,Analise e Desenvolvimento de Sistemas,Vicosa,ES,8.81
20263985,Rodrigo Marques Machado,55,Analise e Desenvolvimento de Sistemas,Teofilo Otoni,MG,7.44
20263986,Carlos Medeiros Teixeira Lopes,35,Agronomia,Porteirinha,ES,5.76
20263987,Isabela Ramos Barbosa,52,Direito,Uberlandia,GO,5.86
20263988,Daniela Cardoso Vieira,35,Medicina,Coronel Fabriciano,SP,7.16
20263989,Flavia Andrade Fernandes,23,Matematica,Lavras,BA,7.46
20263990,Amanda Fernandes Ramos,48,Matematica,Sao Francisco,MG,9.21
20263991,Nicolas Barbosa Dias Lima,27,Ciencia da Computacao,Teofilo Otoni,RJ,9.78
20263992,Pedro Souza Carvalho,26,Quimica,Coronel Fabriciano,GO,9.66
20263993,Lucas Andrade Mendes,32,Analise e Desenvolvimento de Sistemas,Montes Claros,ES,9.46
20263994,Larissa Soares Oliveira Moreira,32,Medicina,Salinas,RJ,7.52
20263995,Juliana Fernandes,47,Administracao,Vicosa,SP,5.6
20263996,Leticia Martins Cardoso,54,Matematica,Montes Claros,MG,8.53
20263997,Olivia Nunes Marques,31,Analise e Desenvolvimento de Sistemas,Almenara,RJ,7.13
20263998,Samuel Lima Gomes,52,Medicina,Coronel Fabriciano,BA,8.79
20263999,Pedro Freitas Lima Almeida,49,Fisica,Teofilo Otoni,BA,6.65
20264000,Gabriel Oliveira Almeida,32,Quimica,Vicosa,DF,8.76
20264001,Daniela Silva Cavalcanti,55,Engenharia de Software,Almenara,GO,6.02
20264002,Carlos Carvalho Mendes Silva,35,Analise e Desenvolvimento de Sistemas,Belo Horizonte,BA,9.35
20264003,Helena Cavalcanti,50,Analise e Desenvolvimento de Sistemas,Ouro Preto,SP,6.8
20264004,Fernanda Lima Andrade,49,Agronomia,Montes Claros,SP,7.28
20264005,Amanda Moura Andrade,25,Direito,Uberlandia,ES,8.23
20264006,Enzo Vieira Andrade,40,Engenharia de Software,Brasilia de Minas,GO,9.08
20264007,Debora Ramos,52,Analise e Desenvolvimento de Sistemas,Juiz de Fora,ES,8.28
20264008,Bruno Rocha Carvalho,27,Fisica,Juiz de Fora,BA,8.17
20264009,Gustavo Machado Moura Moura,41,Matematica,Belo Horizonte,SP,8.56
20264010,Leticia Carvalho,54,Ciencia da Computacao,Diamantina,ES,7.24
20264011,Larissa Moura Carvalho Carvalho,23,Quimica,Sao Francisco,MG,6.17
20264012,Rodrigo Andrade,55,Fisica,Uberlandia,SP,8.91
20264013,Bruno Lima Dias Silva,43,Administracao,Uberlandia,GO,8.18
20264014,Carlos Nunes Freitas,32,Engenharia de Software,Vicosa,RJ,7.31
20264015,Thiago Medeiros Cavalcanti Machado,33,Sistemas de Informacao,Ouro Preto,ES,6.76
20264016,Ana Almeida Moura,39,Sistemas de Informacao,Brasilia de Minas,BA,9.2
20264017,Juliana Alves Rocha,40,Matematica,Coronel Fabriciano,BA,9.45
20264018,Olivia Medeiros Marques,32,Matematica,Governador Valadares,SP,8.01
20264019,Vinicius Silva Martins Monteiro,54,Medicina,Janauba,DF,8.65
20264020,Isabela Andrade Martins,22,Direito,Januaria,ES,7.4
20264021,Juliana Ferreira,19,Fisica,Almenara,GO,8.95
20264022,Olivia Moreira Moreira,32,Fisica,Teofilo Otoni,SP,8.61
20264023,Larissa Carvalho Ribeiro,28,Quimica,Belo Horizonte,SP,9.5
20264024,Thiago Carvalho Castro,22,Administracao,Coronel Fabriciano,MG,8.91
20264025,Carlos Castro Silva,37,Agronomia,Lavras,RJ,6.94
20264026,Bruno Mendes Carvalho Gomes,44,Engenharia de Software,Brasilia de Minas,DF,7.19
20264027,Thiago Martins Cardoso Teixeira,40,Matematica,Sao Francisco,GO,9.6
20264028,Isabela Souza,19,Matematica,Belo Horizonte,RJ,5.47
20264029,Debora Monteiro Alves,18,Engenharia de Software,Sao Francisco,DF,7.41
20264030,Tatiana Marques Machado,54,Engenharia de Software,Porteirinha,RJ,8.88
20264031,Pedro Cavalcanti Mendes,53,Ciencia da Computacao,Janauba,BA,7.46
20264032,Beatriz Moreira Machado,40,Engenharia Eletrica,Ouro Preto,BA,7.17
20264033,Yasmin Mendes Mendes Ferreira,55,Agronomia,Ouro Preto,ES,6.16
20264034,Rafaela Soares Nascimento,20,Matematica,Coronel Fabriciano,ES,6.56
20264035,Carlos Nunes Costa,38,Ciencia da Computacao,Almenara,BA,5.22
20264036,Amanda Moreira Fernandes Nunes,28,Engenharia de Software,Diamantina,SP,8.8
20264037,Samuel Moura Nunes,39,Sistemas de Informacao,Pirapora,BA,9.02
20264038,Enzo Oliveira Lopes,50,Direito,Salinas,MG,7.55
20264039,Beatriz Barbosa,44,Matematica,Brasilia de Minas,RJ,7.09
20264040,Amanda Souza Carvalho Cardoso,43,Engenharia de Software,Juiz de Fora,SP,7.25
20264041,Amanda Pereira Ferreira Machado,23,Sistemas de Informacao,Teofilo Otoni,MG,8.98
20264042,Rafaela Medeiros,43,Quimica,Janauba,SP,7.7
20264043,Rodrigo Rodrigues Medeiros,20,Ciencia da Computacao,Brasilia de Minas,MG,6.54
20264044,Olivia Carvalho Andrade,26,Agronomia,Uberlandia,GO,8.5
20264045,Gabriel Almeida Teixeira,38,Medicina,Montes Claros,DF,9.23
20264046,Beatriz Cardoso,30,Agronomia,Montes Claros,MG,9.86
20264047,Eduardo Ribeiro Vieira Nascimento,47,Engenharia Eletrica,Ouro Preto,MG,9.46
20264048,Enzo Ferreira Castro,36,Matematica,Curvelo,DF,7.83
20264049,Flavia Andrade,20,Medicina,Janauba,MG,7.82
20264050,Amanda Almeida Medeiros,44,Agronomia,Juiz de Fora,MG,7.46
20264051,Natalia Rodrigues Cardoso Silva,52,Ciencia da Computacao,Brasilia de Minas,ES,9.64
20264052,Olivia Costa Monteiro,41,Ciencia da Computacao,Vicosa,GO,5.5
20264053,Juliana Pinto Almeida,31,Sistemas de Informacao,Salinas,DF,5.95
20264054,Lucas Lima Oliveira,54,Engenharia de Software,Januaria,GO,5.26
20264055,Olivia Cardoso Rodrigues Cardoso,49,Medicina,Lavras,ES,6.71
20264056,Joao Soares,52,Ciencia da Computacao,Coronel Fabriciano,RJ,5.52
20264057,Mariana Marques Lima,20,Fisica,Diamantina,MG,9.87
20264058,Debora Rodrigues Machado,38,Direito,Salinas,BA,5.54
20264059,Daniela Rodrigues Cavalcanti,23,Engenharia Eletrica,Almenara,DF,8.27
20264060,Pedro Brito Castro,32,Analise e Desenvolvimento de Sistemas,Januaria,BA,6.59
20264061,Rodrigo Ramos Pinto,26,Ciencia da Computacao,Uberlandia,DF,5.74
20264062,Vinicius Dias,45,Agronomia,Lavras,GO,7.97
20264063,Gabriel Santos Pinto Moreira,24,Matematica,Coronel Fabriciano,DF,7.68
20264064,Caio Santos Nascimento Costa,23,Engenharia Eletrica,Almenara,DF,5.24
20264065,Isabela Silva Moura,25,Administracao,Porteirinha,DF,5.51
20264066,Leticia Silva Soares,34,Quimica,Uberlandia,DF,5.21
20264067,Eduardo Brito Ramos,24,Engenharia de Software,Januaria,DF,8.79
20264068,Tatiana Machado Medeiros Rocha,34,Engenharia de Software,Curvelo,SP,5.15
20264069,Amanda Dias Teixeira,20,Administracao,Almenara,GO,9.63
20264070,Flavia Machado Castro,53,Analise e Desenvolvimento de Sistemas,Governador Valadares,GO,7.68
20264071,Thiago Oliveira Ramos Soares,27,Matematica,Porteirinha,MG,6.49
20264072,Bruno Vieira Brito,40,Direito,Juiz de Fora,RJ,5.88
20264073,Felipe Vieira Freitas Nunes,42,Matematica,Salinas,ES,8.95
20264074,Gabriel Nunes,36,Direito,Almenara,ES,9.8
20264075,Matheus Vieira Moreira,51,Medicina,Curvelo,MG,5.66
20264076,Enzo Lima Castro Mendes,42,Engenharia Eletrica,Pirapora,DF,6.91
20264077,Felipe Nunes,45,Ciencia da Computacao,Belo Horizonte,SP,7.92
20264078,Flavia Monteiro,44,Direito,Januaria,MG,6.94
20264079,Natalia Ramos Vieira,20,Sistemas de Informacao,Salinas,SP,9.03
20264080,Igor Carvalho Ferreira,27,Medicina,Almenara,SP,5.88
20264081,Juliana Dias Moreira,20,Ciencia da Computacao,Lavras,SP,8.65
20264082,Luana Barbosa Castro,42,Engenharia Eletrica,Juiz de Fora,BA,5.53
20264083,Daniela Dias Gomes Silva,41,Quimica,Diamantina,SP,5.98
20264084,Helena Teixeira,35,Medicina,Uberlandia,MG,6.61
20264085,Luana Almeida Vieira Gomes,33,Sistemas de Informacao,Almenara,GO,8.52
20264086,Gustavo Ferreira,27,Matematica,Porteirinha,SP,9.36
20264087,Gabriel Fernandes Rodrigues,35,Ciencia da Computacao,Ouro Preto,DF,7.38
20264088,Nicolas Freitas Cardoso,55,Agronomia,Almenara,GO,9.28
20264089,Juliana Alves,25,Administracao,Lavras,BA,6.12
20264090,Luana Medeiros Moura,23,Agronomia,Pirapora,GO,5.08
20264091,Thiago Moreira,27,Engenharia de Software,Teofilo Otoni,RJ,6.68
20264092,Luana Machado Carvalho,39,Medicina,Lavras,RJ,7.21
20264093,Caio Lima Marques,31,Quimica,Brasilia de Minas,ES,7.56
20264094,Nicolas Ramos Gomes,38,Engenharia de Software,Brasilia de Minas,GO,5.91
20264095,Nicolas Rocha Pereira,22,Direito,Lavras,GO,7.73
20264096,Bruno Dias,20,Analise e Desenvolvimento de Sistemas,Porteirinha,SP,6.79
20264097,Camila Ribeiro Teixeira,48,Sistemas de Informacao,Montes Claros,SP,7.16
20264098,Enzo Moreira Oliveira,52,Sistemas de Informacao,Ouro Preto,ES,9.75
20264099,Rodrigo Mendes Ferreira,26,Ciencia da Computacao,Vicosa,SP,6.02
20264100,Olivia Moreira Monteiro,41,Matematica,Belo Horizonte,MG,6.82
20264101,Igor Nunes Lima Alves,20,Direito,Brasilia de Minas,GO,9.4
20264102,Samuel Almeida,18,Fisica,Pirapora,MG,8.95
20264103,Vinicius Nascimento,27,Matematica,Governador Valadares,RJ,9.56
20264104,Larissa Barbosa Fernandes,31,Analise e Desenvolvimento de Sistemas,Salinas,ES,8.9
20264105,Gabriel Pereira Andrade Almeida,32,Analise e Desenvolvimento de Sistemas,Porteirinha,DF,7.85
20264106,Luana Machado Brito,47,Ciencia da Computacao,Salinas,MG,8.68
20264107,Yasmin Almeida Vieira Barbosa,49,Medicina,Ouro Preto,GO,6.74
20264108,Guilherme Rodrigues Moura,51,Agronomia,Salinas,DF,9.57
20264109,Daniela Lima Pereira,41,Matematica,Curvelo,BA,7.45
20264110,Larissa Machado Almeida,50,Sistemas de Informacao,Vicosa,SP,7.86
20264111,Olivia Carvalho,25,Sistemas de Informacao,Teofilo Otoni,BA,6.12
20264112,Samuel Monteiro Oliveira,46,Ciencia da Computacao,Brasilia de Minas,RJ,6.01
20264113,Yasmin Moura,31,Administracao,Ouro Preto,RJ,6.52
20264114,Natalia Soares Silva,47,Ciencia da Computacao,Diamantina,RJ,6.89
20264115,Caio Nunes Silva Silva,46,Administracao,Almenara,BA,9.19
20264116,Juliana Pereira Ribeiro,52,Sistemas de Informacao,Pirapora,ES,9.06
20264117,Rodrigo Marques Cavalcanti,28,Direito,Ouro Preto,DF,6.28
20264118,Isabela Soares Carvalho,31,Analise e Desenvolvimento de Sistemas,Montes Claros,SP,8.54
20264119,Amanda Machado Medeiros,28,Fisica,Januaria,RJ,6.96
20264120,Carlos Fernandes Cavalcanti Nascimento,32,Engenharia Eletrica,Teofilo Otoni,BA,6.24
20264121,Olivia Dias Moura Fernandes,55,Agronomia,Salinas,MG,9.74
20264122,Isabela Nascimento Alves,27,Engenharia de Software,Teofilo Otoni,MG,5.14
20264123,Rafaela Freitas Monteiro,23,Direito,Montes Claros,SP,7.74
20264124,Pedro Moreira Soares Moura,24,Engenharia Eletrica,Uberlandia,GO,6.66
20264125,Debora Monteiro Andrade,54,Engenharia de Software,Teofilo Otoni,MG,8.05
20264126,Nicolas Alves Carvalho,44,Analise e Desenvolvimento de Sistemas,Coronel Fabriciano,SP,7.82
20264127,Flavia Freitas,45,Agronomia,Vicosa,RJ,7.39
20264128,Debora Monteiro Machado,22,Analise e Desenvolvimento de Sistemas,Brasilia de Minas,MG,7.38
20264129,Eduardo Pinto Nascimento Almeida,53,Ciencia da Computacao,Ouro Preto,GO,7.67
20264130,Isabela Ramos Lima,30,Analise e Desenvolvimento de Sistemas,Governador Valadares,ES,5.06
20264131,Flavia Pereira Andrade Santos,20,Engenharia Eletrica,Salinas,MG,6.1
20264132,Yasmin Moura,18,Engenharia de Software,Brasilia de Minas,BA,8.67
20264133,Samuel Ramos Brito,28,Engenharia Eletrica,Porteirinha,ES,7.96
20264134,Camila Nunes,24,Administracao,Porteirinha,DF,7.26
20264135,Yasmin Castro Medeiros,23,Medicina,Vicosa,BA,7.6
20264136,Enzo Freitas Brito Medeiros,42,Direito,Diamantina,RJ,7.22
20264137,Amanda Nunes Pereira Oliveira,29,Analise e Desenvolvimento de Sistemas,Juiz de Fora,BA,7.12
20264138,Mariana Souza Andrade,50,Administracao,Curvelo,ES,7.15
20264139,Tatiana Andrade,48,Engenharia Eletrica,Sao Francisco,SP,9.48
20264140,Nicolas Costa Ramos,47,Ciencia da Computacao,Pirapora,MG,8.34
20264141,Luana Alves Freitas,49,Analise e Desenvolvimento de Sistemas,Teofilo Otoni,GO,9.1
20264142,Amanda Machado Teixeira,39,Administracao,Lavras,ES,8.37
20264143,Leticia Marques Rodrigues Oliveira,51,Medicina,Governador Valadares,RJ,5.98
20264144,Enzo Cardoso Pinto,36,Analise e Desenvolvimento de Sistemas,Belo Horizonte,DF,7.01
20264145,Natalia Souza Costa,42,Analise e Desenvolvimento de Sistemas,Almenara,RJ,6.94
20264146,Isabela Nascimento Castro,43,Engenharia de Software,Janauba,ES,7.18
20264147,Enzo Brito Soares Pinto,34,Direito,Salinas,SP,6.73
20264148,Rafaela Fernandes Mendes,34,Medicina,Januaria,GO,8.13
20264149,Debora Lopes Mendes,49,Sistemas de Informacao,Governador Valadares,GO,5.03
20264150,Camila Brito Nunes Rocha,32,Fisica,Governador Valadares,SP,6.63
20264151,Joao Nascimento,35,Agronomia,Januaria,DF,9.74
20264152,Debora Almeida Cavalcanti,31,Analise e Desenvolvimento de Sistemas,Ouro Preto,SP,9.53
20264153,Mariana Castro Pereira,33,Administracao,Governador Valadares,RJ,6.48
20264154,Carlos Fernandes Santos Cardoso,32,Direito,Belo Horizonte,MG,9.74
20264155,Fernanda Nascimento Silva Moreira,31,Sistemas de Informacao,Porteirinha,DF,5.14
20264156,Juliana Marques,41,Agronomia,Diamantina,DF,7.61
20264157,Isabela Carvalho Martins,36,Administracao,Juiz de Fora,SP,8.17
20264158,Flavia Machado Oliveira,33,Analise e Desenvolvimento de Sistemas,Almenara,RJ,5.96
20264159,Luana Cardoso Soares Pereira,39,Matematica,Almenara,DF,5.26
20264160,Thiago Vieira Rodrigues Souza,23,Ciencia da Computacao,Teofilo Otoni,GO,7.4
20264161,Felipe Pereira,38,Engenharia Eletrica,Coronel Fabriciano,SP,9.79
20264162,Larissa Cardoso Medeiros,48,Analise e Desenvolvimento de Sistemas,Lavras,BA,9.88
20264163,Bruno Machado Ferreira Soares,34,Analise e Desenvolvimento de Sistemas,Janauba,RJ,9.22
20264164,Matheus Moura Pinto,31,Medicina,Montes Claros,DF,9.47
20264165,Mariana Marques Oliveira,29,Direito,Montes Claros,GO,6.98
20264166,Beatriz Machado Cardoso,21,Direito,Salinas,GO,9.15
20264167,Helena Costa Castro,29,Analise e Desenvolvimento de Sistemas,Coronel Fabriciano,MG,9.23
20264168,Igor Martins Ramos,47,Engenharia de Software,Sao Francisco,ES,8.16
20264169,Yasmin Alves Carvalho,33,Direito,Uberlandia,ES,7.18
20264170,Rodrigo Silva Ramos,55,Engenharia Eletrica,Januaria,GO,8.93
20264171,Debora Pereira Santos,45,Engenharia de Software,Januaria,RJ,5.18
20264172,Olivia Cavalcanti Barbosa,46,Agronomia,Porteirinha,ES,9.75
20264173,Pedro Soares Moura Nascimento,47,Analise e Desenvolvimento de Sistemas,Uberlandia,DF,6.61
20264174,Ana Vieira Soares,26,Direito,Teofilo Otoni,ES,5.28
20264175,Helena Mendes,53,Agronomia,Diamantina,DF,8.25
20264176,Samuel Lopes Ferreira,45,Direito,Lavras,SP,8.66
20264177,Tatiana Soares Fernandes,20,Agronomia,Ouro Preto,GO,7.81
20264178,Amanda Carvalho Santos,30,Sistemas de Informacao,Januaria,RJ,8.07
20264179,Ana Dias Gomes,45,Matematica,Governador Valadares,DF,5.27
20264180,Lucas Carvalho Oliveira Lima,43,Administracao,Belo Horizonte,BA,5.1
20264181,Lucas Lopes Nascimento,43,Medicina,Porteirinha,MG,9.79
20264182,Gustavo Pinto,25,Medicina,Porteirinha,DF,8.89
20264183,Mariana Freitas,31,Sistemas de Informacao,Montes Claros,MG,5.72
20264184,Gustavo Nascimento Carvalho Ferreira,53,Medicina,Montes Claros,MG,6.43
20264185,Felipe Lima Oliveira,42,Agronomia,Almenara,DF,9.45
20264186,Helena Oliveira Medeiros,33,Ciencia da Computacao,Sao Francisco,SP,7.6
20264187,Olivia Moura Nascimento Mendes,49,Matematica,Juiz de Fora,BA,7.88
20264188,Juliana Fernandes Dias,38,Analise e Desenvolvimento de Sistemas,Lavras,DF,5.51
20264189,Felipe Costa Ramos Gomes,30,Agronomia,Almenara,RJ,9.57
20264190,Amanda Nascimento Alves Teixeira,39,Sistemas de Informacao,Sao Francisco,SP,8.17
20264191,Camila Moura Ferreira,39,Medicina,Curvelo,MG,6.19
20264192,Helena Medeiros Machado Brito,39,Engenharia de Software,Porteirinha,GO,7.46
20264193,Beatriz Silva Vieira,50,Agronomia,Brasilia de Minas,ES,8.62
20264194,Alexandre Santos Teixeira Medeiros,26,Fisica,Porteirinha,SP,7.0
20264195,Rafaela Dias Santos,46,Administracao,Governador Valadares,SP,6.7
20264196,Olivia Andrade Dias,50,Agronomia,Salinas,DF,5.3
20264197,Igor Gomes Mendes Mendes,39,Engenharia de Software,Juiz de Fora,DF,9.1
20264198,Natalia Fernandes Andrade,54,Sistemas de Informacao,Sao Francisco,SP,9.31
20264199,Olivia Teixeira,46,Sistemas de Informacao,Brasilia de Minas,GO,7.88
20264200,Matheus Castro Cardoso Brito,20,Ciencia da Computacao,Vicosa,MG,8.48
20264201,Debora Castro Vieira Monteiro,37,Matematica,Uberlandia,RJ,9.39
20264202,Gabriel Machado Machado Lima,30,Fisica,Curvelo,SP,8.86
20264203,Natalia Pereira Gomes,39,Medicina,Curvelo,BA,6.68
20264204,Lucas Mendes,45,Direito,Porteirinha,ES,8.6
20264205,Yasmin Pereira,27,Sistemas de Informacao,Vicosa,BA,8.33
20264206,Nicolas Rodrigues Vieira,41,Engenharia Eletrica,Belo Horizonte,SP,5.51
20264207,Daniela Souza Dias Vieira,41,Medicina,Ouro Preto,BA,8.87
20264208,Luana Dias Andrade,45,Sistemas de Informacao,Pirapora,RJ,9.86
20264209,Olivia Carvalho Andrade Cardoso,44,Administracao,Lavras,MG,7.75
20264210,Caio Silva Barbosa Pinto,23,Ciencia da Computacao,Lavras,RJ,8.72
20264211,Nicolas Ferreira,48,Engenharia Eletrica,Sao Francisco,SP,8.33
20264212,Lucas Ferreira Pinto,47,Matematica,Diamantina,BA,6.92
20264213,Carlos Brito Lopes,22,Fisica,Uberlandia,MG,7.57
20264214,Camila Teixeira Cavalcanti Nascimento,19,Engenharia Eletrica,Januaria,SP,6.82
20264215,Nicolas Castro Ferreira Ferreira,24,Medicina,Belo Horizonte,BA,5.21
20264216,Daniela Oliveira Brito,30,Fisica,Diamantina,GO,6.06
20264217,Rafaela Ramos Pinto,20,Sistemas de Informacao,Montes Claros,GO,8.28
20264218,Leticia Mendes Moura,28,Fisica,Salinas,ES,7.61
20264219,Yasmin Vieira Mendes,51,Engenharia Eletrica,Uberlandia,DF,7.22
20264220,Tatiana Lima Silva,52,Analise e Desenvolvimento de Sistemas,Brasilia de Minas,ES,8.43
20264221,Mariana Nunes,45,Engenharia de Software,Vicosa,SP,5.73
20264222,Yasmin Fernandes Santos Soares,47,Fisica,Ouro Preto,BA,8.76
20264223,Natalia Castro Machado Marques,33,Direito,Governador Valadares,DF,8.19
20264224,Leticia Cardoso Mendes,37,Engenharia de Software,Governador Valadares,ES,5.83
20264225,Joao Ferreira Barbosa,34,Administracao,Governador Valadares,BA,9.82
20264226,Beatriz Lopes Ferreira,38,Medicina,Uberlandia,RJ,6.52
20264227,Luana Fernandes,18,Sistemas de Informacao,Coronel Fabriciano,DF,8.89
20264228,Leticia Medeiros Moreira Fernandes,55,Administracao,Coronel Fabriciano,RJ,8.27
20264229,Eduardo Pereira Cavalcanti Ribeiro,26,Matematica,Almenara,BA,8.26
20264230,Igor Fernandes Moreira,53,Direito,Almenara,BA,9.43
20264231,Olivia Almeida Ramos,53,Engenharia de Software,Januaria,RJ,8.31
20264232,Rodrigo Marques,49,Engenharia de Software,Lavras,SP,7.43
20264233,Samuel Dias Rocha,55,Administracao,Janauba,GO,8.8
20264234,Debora Freitas Teixeira,42,Agronomia,Montes Claros,MG,9.34
20264235,Igor Nunes Cardoso,45,Engenharia de Software,Porteirinha,ES,6.29
20264236,Pedro Costa Freitas Oliveira,41,Administracao,Pirapora,SP,9.71
20264237,Samuel Soares Ribeiro,20,Ciencia da Computacao,Brasilia de Minas,BA,5.43
20264238,Isabela Mendes Soares,47,Quimica,Pirapora,DF,6.81
20264239,Alexandre Ferreira,54,Engenharia Eletrica,Curvelo,ES,6.7
20264240,Bruno Dias Marques Andrade,24,Analise e Desenvolvimento de Sistemas,Diamantina,SP,9.31
20264241,Daniela Cavalcanti Ferreira,34,Analise e Desenvolvimento de Sistemas,Teofilo Otoni,DF,5.91
20264242,Matheus Machado Marques,31,Sistemas de Informacao,Vicosa,GO,7.9
20264243,Tatiana Lima Carvalho Carvalho,53,Engenharia Eletrica,Montes Claros,RJ,5.2
20264244,Rodrigo Brito Rodrigues Ramos,20,Ciencia da Computacao,Sao Francisco,BA,5.62
20264245,Tatiana Nascimento,47,Fisica,Brasilia de Minas,ES,9.08
20264246,Luana Castro Santos,39,Sistemas de Informacao,Vicosa,MG,8.45
20264247,Luana Machado Alves,25,Engenharia de Software,Belo Horizonte,SP,9.43
20264248,Nicolas Oliveira Barbosa,18,Fisica,Vicosa,RJ,8.58
20264249,Debora Pereira Almeida Oliveira,45,Engenharia Eletrica,Montes Claros,ES,8.68
20264250,Igor Alves Nunes Monteiro,55,Direito,Brasilia de Minas,SP,8.94
20264251,Larissa Pereira Vieira,46,Analise e Desenvolvimento de Sistemas,Almenara,MG,6.39
20264252,Igor Mendes,36,Analise e Desenvolvimento de Sistemas,Salinas,BA,7.03
20264253,Flavia Oliveira Ribeiro,32,Analise e Desenvolvimento de Sistemas,Coronel Fabriciano,MG,9.43
20264254,Beatriz Teixeira Santos Marques,27,Engenharia de Software,Juiz de Fora,SP,6.63
20264255,Larissa Lima,21,Fisica,Diamantina,RJ,8.08
20264256,Daniela Gomes Freitas,38,Engenharia Eletrica,Montes Claros,MG,9.36
20264257,Isabela Monteiro Ramos,20,Administracao,Curvelo,MG,6.56
20264258,Eduardo Ribeiro Ferreira Moura,23,Administracao,Juiz de Fora,DF,8.37
20264259,Mariana Lopes Andrade,30,Matematica,Diamantina,DF,8.41
20264260,Debora Fernandes Moura,36,Quimica,Curvelo,GO,6.57
20264261,Guilherme Dias,48,Ciencia da Computacao,Juiz de Fora,ES,6.45
20264262,Gabriel Moura,32,Ciencia da Computacao,Almenara,SP,5.87
20264263,Guilherme Moura Dias,39,Quimica,Pirapora,ES,5.12
20264264,Yasmin Rodrigues Rodrigues Rocha,37,Agronomia,Lavras,MG,8.82
20264265,Gustavo Almeida,30,Engenharia de Software,Coronel Fabriciano,DF,6.79
20264266,Guilherme Martins Lopes,18,Medicina,Vicosa,GO,8.78
20264267,Nicolas Freitas Souza,18,Matematica,Ouro Preto,SP,5.59
20264268,Samuel Almeida Mendes Mendes,20,Fisica,Almenara,MG,8.85
20264269,Tatiana Mendes,21,Engenharia Eletrica,Teofilo Otoni,SP,8.45
20264270,Lucas Monteiro Almeida Carvalho,54,Quimica,Vicosa,MG,7.2
20264271,Felipe Andrade Moreira Moura,24,Direito,Coronel Fabriciano,ES,7.18
20264272,Gustavo Alves,49,Quimica,Diamantina,GO,8.79
20264273,Eduardo Souza Nascimento,41,Matematica,Salinas,DF,6.85
20264274,Nicolas Lopes Rodrigues Ramos,55,Analise e Desenvolvimento de Sistemas,Coronel Fabriciano,SP,8.15
20264275,Gustavo Soares,37,Ciencia da Computacao,Coronel Fabriciano,SP,8.45
20264276,Vinicius Nascimento Gomes Dias,54,Analise e Desenvolvimento de Sistemas,Sao Francisco,RJ,5.11
20264277,Enzo Andrade Silva,54,Engenharia de Software,Coronel Fabriciano,BA,9.26
20264278,Alexandre Machado Gomes,29,Direito,Pirapora,ES,8.24
20264279,Bruno Lima,42,Quimica,Salinas,MG,7.75
20264280,Bruno Pereira Santos,32,Administracao,Montes Claros,ES,8.18
20264281,Thiago Silva Monteiro,22,Fisica,Juiz de Fora,MG,5.24
20264282,Igor Ramos,43,Fisica,Teofilo Otoni,ES,5.12
20264283,Camila Freitas Freitas Ramos,49,Ciencia da Computacao,Salinas,SP,8.29
20264284,Enzo Teixeira Lima,24,Engenharia Eletrica,Curvelo,SP,7.09
20264285,Gustavo Nunes Barbosa,45,Ciencia da Computacao,Vicosa,RJ,5.99
20264286,Gustavo Andrade Moreira,54,Fisica,Pirapora,ES,9.01
20264287,Caio Pereira,31,Medicina,Coronel Fabriciano,BA,9.19
20264288,Thiago Freitas Vieira Moura,29,Medicina,Januaria,MG,7.43
20264289,Larissa Fernandes,51,Administracao,Vicosa,BA,6.78
20264290,Igor Pereira,49,Quimica,Vicosa,SP,7.5
20264291,Vinicius Ramos Mendes Castro,33,Medicina,Governador Valadares,ES,8.27
20264292,Leticia Barbosa Carvalho Cavalcanti,33,Medicina,Coronel Fabriciano,ES,7.84
20264293,Helena Ribeiro Nascimento,27,Ciencia da Computacao,Salinas,ES,5.98
20264294,Samuel Machado Medeiros,25,Sistemas de Informacao,Coronel Fabriciano,DF,7.41
20264295,Thiago Marques Pinto,54,Analise e Desenvolvimento de Sistemas,Belo Horizonte,SP,6.17
20264296,Eduardo Lopes,53,Direito,Ouro Preto,BA,5.19
20264297,Camila Lima Teixeira,48,Medicina,Diamantina,BA,6.61
20264298,Isabela Costa Souza,26,Matematica,Porteirinha,DF,7.69
20264299,Matheus Teixeira Pereira,25,Sistemas de Informacao,Ouro Preto,BA,6.98
20264300,Amanda Martins Vieira Andrade,25,Direito,Diamantina,ES,9.77
20264301,Igor Pinto Almeida Ferreira,46,Fisica,Juiz de Fora,ES,7.11
20264302,Ana Lopes Medeiros Fernandes,46,Medicina,Januaria,SP,6.6
20264303,Natalia Cardoso Medeiros,23,Direito,Brasilia de Minas,BA,5.36
20264304,Yasmin Carvalho,37,Fisica,Janauba,BA,6.71
20264305,Eduardo Rodrigues Dias,49,Medicina,Januaria,DF,7.88
20264306,Larissa Costa Souza Brito,35,Agronomia,Januaria,GO,8.86
20264307,Debora Mendes Nascimento,44,Sistemas de Informacao,Governador Valadares,SP,5.97
20264308,Guilherme Cavalcanti Moreira,47,Ciencia da Computacao,Lavras,ES,6.55
20264309,Thiago Fernandes,32,Matematica,Porteirinha,SP,8.93
20264310,Eduardo Santos,37,Sistemas de Informacao,Vicosa,DF,8.67
20264311,Luana Martins Nascimento,35,Matematica,Almenara,MG,9.51
20264312,Camila Rodrigues,50,Agronomia,Governador Valadares,RJ,8.0
20264313,Helena Carvalho Gomes Pinto,33,Medicina,Juiz de Fora,SP,6.03
20264314,Rodrigo Rodrigues Alves,23,Medicina,Vicosa,MG,9.19
20264315,Debora Nunes Souza,23,Administracao,Brasilia de Minas,DF,9.57
20264316,Enzo Ribeiro Barbosa,39,Medicina,Brasilia de Minas,RJ,9.85
20264317,Mariana Pereira,32,Medicina,Porteirinha,DF,6.91
20264318,Lucas Gomes Lopes Medeiros,36,Ciencia da Computacao,Vicosa,DF,9.21
20264319,Rafaela Vieira Almeida Fernandes,42,Administracao,Januaria,DF,8.06
20264320,Samuel Cardoso Souza,21,Administracao,Januaria,DF,8.88
20264321,Camila Rodrigues Souza Mendes,54,Medicina,Pirapora,RJ,5.93
20264322,Samuel Ferreira,29,Ciencia da Computacao,Teofilo Otoni,BA,6.43
20264323,Beatriz Nunes,22,Administracao,Lavras,MG,9.44
20264324,Samuel Ferreira Moura,39,Engenharia de Software,Pirapora,BA,6.07
20264325,Flavia Andrade,18,Sistemas de Informacao,Lavras,SP,9.8
20264326,Eduardo Dias Machado,38,Agronomia,Pirapora,RJ,8.17
20264327,Debora Cardoso,53,Sistemas de Informacao,Curvelo,MG,8.45
20264328,Yasmin Pinto,29,Sistemas de Informacao,Salinas,DF,7.87
20264329,Gabriel Vieira,28,Matematica,Curvelo,ES,6.32
20264330,Helena Vieira,18,Engenharia Eletrica,Belo Horizonte,DF,7.51
20264331,Flavia Medeiros Pinto,30,Matematica,Pirapora,SP,9.19
20264332,Juliana Silva Pereira,28,Quimica,Montes Claros,MG,7.21
20264333,Juliana Souza Brito Teixeira,37,Quimica,Brasilia de Minas,RJ,8.03
20264334,Camila Nunes Nunes,41,Matematica,Brasilia de Minas,ES,5.36
20264335,Larissa Ribeiro Castro,25,Analise e Desenvolvimento de Sistemas,Coronel Fabriciano,RJ,9.35
20264336,Gustavo Alves Marques,37,Engenharia de Software,Curvelo,MG,9.88
20264337,Nicolas Gomes Pereira Monteiro,19,Engenharia Eletrica,Pirapora,BA,5.3
20264338,Igor Carvalho Alves,40,Administracao,Ouro Preto,DF,5.84
20264339,Vinicius Ribeiro Cavalcanti Soares,18,Quimica,Almenara,BA,9.32
20264340,Samuel Nunes Ribeiro Nunes,48,Engenharia Eletrica,Diamantina,DF,5.77
20264341,Alexandre Lopes Soares Costa,33,Agronomia,Uberlandia,RJ,8.92
20264342,Matheus Moreira Santos Barbosa,26,Matematica,Belo Horizonte,GO,9.86
20264343,Amanda Cavalcanti Ramos Machado,43,Direito,Brasilia de Minas,MG,9.76
20264344,Natalia Ramos Lima Rodrigues,20,Direito,Janauba,BA,8.89
20264345,Daniela Santos Lopes Carvalho,20,Medicina,Salinas,MG,8.37
20264346,Gustavo Ramos Gomes Vieira,47,Sistemas de Informacao,Sao Francisco,SP,5.9
20264347,Eduardo Machado Cavalcanti,55,Fisica,Belo Horizonte,ES,5.87
20264348,Isabela Almeida Pinto Monteiro,38,Quimica,Teofilo Otoni,BA,7.72
20264349,Leticia Costa,50,Matematica,Belo Horizonte,RJ,8.18
20264350,Lucas Freitas Monteiro Machado,51,Ciencia da Computacao,Vicosa,GO,9.5
20264351,Pedro Nascimento Freitas,32,Engenharia Eletrica,Lavras,ES,7.95
20264352,Eduardo Ferreira Machado,55,Matematica,Teofilo Otoni,GO,5.4
20264353,Rafaela Barbosa,47,Quimica,Januaria,SP,5.03
20264354,Ana Ramos Cardoso,41,Ciencia da Computacao,Ouro Preto,ES,9.5
20264355,Thiago Vieira Medeiros Brito,43,Analise e Desenvolvimento de Sistemas,Sao Francisco,RJ,6.85
20264356,Guilherme Lima Rodrigues,33,Agronomia,Montes Claros,DF,6.59
20264357,Eduardo Brito Soares,53,Engenharia de Software,Sao Francisco,SP,8.67
20264358,Debora Pinto,39,Medicina,Pirapora,BA,9.0
20264359,Carlos Rocha Brito Rodrigues,40,Engenharia de Software,Pirapora,ES,7.03
20264360,Caio Pereira Alves,19,Matematica,Uberlandia,RJ,6.51
20264361,Pedro Machado,32,Administracao,Sao Francisco,GO,7.97
20264362,Beatriz Santos Soares Rodrigues,49,Analise e Desenvolvimento de Sistemas,Vicosa,BA,5.69
20264363,Guilherme Ramos Teixeira,47,Ciencia da Computacao,Belo Horizonte,DF,8.32
20264364,Felipe Pereira Lima,51,Engenharia Eletrica,Juiz de Fora,MG,9.35
20264365,Luana Medeiros Almeida Nascimento,37,Fisica,Juiz de Fora,GO,8.34
20264366,Igor Pereira Rodrigues Costa,46,Quimica,Janauba,ES,7.07
20264367,Natalia Carvalho Rodrigues Ferreira,37,Matematica,Belo Horizonte,BA,9.85
20264368,Bruno Cavalcanti,50,Administracao,Teofilo Otoni,BA,5.26
20264369,Beatriz Pinto Soares,19,Ciencia da Computacao,Diamantina,DF,9.55
20264370,Bruno Lopes,44,Engenharia de Software,Ouro Preto,SP,8.5
20264371,Carlos Lima Rodrigues,50,Sistemas de Informacao,Brasilia de Minas,MG,8.46
20264372,Fernanda Mendes,20,Sistemas de Informacao,Lavras,SP,9.77
20264373,Leticia Cardoso,52,Direito,Belo Horizonte,BA,8.72
20264374,Gustavo Medeiros Cardoso,18,Analise e Desenvolvimento de Sistemas,Almenara,MG,6.37
20264375,Natalia Soares Carvalho,31,Engenharia de Software,Brasilia de Minas,BA,5.51
20264376,Eduardo Oliveira Santos,36,Administracao,Montes Claros,MG,5.06
20264377,Nicolas Pereira Lopes,39,Medicina,Janauba,GO,7.23
20264378,Daniela Cardoso Gomes,26,Fisica,Diamantina,ES,9.7
20264379,Larissa Lima Ferreira,49,Administracao,Salinas,GO,7.56
20264380,Leticia Pinto Monteiro Ramos,53,Direito,Vicosa,RJ,7.33
20264381,Debora Rodrigues Carvalho,50,Direito,Juiz de Fora,GO,5.37
20264382,Gustavo Cavalcanti Ferreira Cavalcanti,54,Analise e Desenvolvimento de Sistemas,Governador Valadares,RJ,8.15
20264383,Carlos Fernandes Teixeira Cardoso,32,Ciencia da Computacao,Porteirinha,SP,5.57
20264384,Beatriz Teixeira Marques,50,Engenharia Eletrica,Juiz de Fora,DF,8.55
20264385,Felipe Monteiro Santos,49,Matematica,Coronel Fabriciano,DF,6.53
20264386,Rafaela Alves Nascimento,49,Medicina,Lavras,SP,8.04
20264387,Gabriel Cavalcanti Rocha Lopes,43,Quimica,Almenara,MG,6.77
20264388,Yasmin Castro Martins,33,Matematica,Teofilo Otoni,RJ,5.4
20264389,Samuel Santos Marques,32,Agronomia,Janauba,DF,7.06
20264390,Igor Souza Freitas,22,Medicina,Belo Horizonte,RJ,7.74
20264391,Daniela Nascimento Nascimento,40,Quimica,Janauba,DF,6.07
20264392,Vinicius Oliveira Mendes,51,Quimica,Curvelo,GO,7.02
20264393,Rodrigo Moura Cavalcanti,55,Sistemas de Informacao,Almenara,DF,5.52
20264394,Carlos Freitas Lima Silva,35,Ciencia da Computacao,Governador Valadares,SP,7.42
20264395,Helena Ribeiro Vieira Nunes,24,Quimica,Juiz de Fora,SP,8.28
20264396,Ana Fernandes Alves,19,Quimica,Brasilia de Minas,ES,7.09
20264397,Camila Marques Soares,35,Sistemas de Informacao,Uberlandia,BA,8.77
20264398,Natalia Souza Soares,54,Agronomia,Uberlandia,RJ,5.4
20264399,Helena Teixeira Freitas Freitas,18,Analise e Desenvolvimento de Sistemas,Diamantina,BA,6.6
20264400,Vinicius Vieira Almeida Santos,47,Analise e Desenvolvimento de Sistemas,Almenara,SP,9.12
20264401,Camila Medeiros Brito,48,Fisica,Porteirinha,ES,8.98
20264402,Olivia Souza Soares,32,Agronomia,Pirapora,DF,7.27
20264403,Rodrigo Pinto Medeiros,27,Engenharia de Software,Coronel Fabriciano,DF,7.81
20264404,Bruno Vieira Moura,25,Engenharia Eletrica,Belo Horizonte,MG,5.46
20264405,Vinicius Lopes Lima,33,Engenharia Eletrica,Porteirinha,SP,8.38
20264406,Gabriel Teixeira Pereira Costa,47,Medicina,Governador Valadares,MG,9.4
20264407,Bruno Lopes Fernandes,33,Direito,Porteirinha,BA,8.57
20264408,Enzo Cardoso,36,Ciencia da Computacao,Janauba,BA,6.86
20264409,Juliana Carvalho Pereira,22,Medicina,Porteirinha,MG,8.12
20264410,Bruno Lima,19,Administracao,Montes Claros,RJ,5.5
20264411,Amanda Carvalho Souza Oliveira,41,Sistemas de Informacao,Teofilo Otoni,MG,9.79
20264412,Lucas Machado Mendes,33,Quimica,Sao Francisco,DF,5.98
20264413,Igor Rocha Machado,25,Engenharia Eletrica,Uberlandia,MG,9.72
20264414,Luana Medeiros Brito,37,Engenharia de Software,Almenara,RJ,8.88
20264415,Tatiana Dias,38,Analise e Desenvolvimento de Sistemas,Juiz de Fora,DF,8.79
20264416,Felipe Gomes Nunes Moura,26,Quimica,Governador Valadares,SP,5.29
20264417,Luana Pinto,37,Ciencia da Computacao,Teofilo Otoni,DF,5.94
20264418,Leticia Andrade,55,Analise e Desenvolvimento de Sistemas,Sao Francisco,ES,5.27
20264419,Beatriz Costa Teixeira,51,Ciencia da Computacao,Janauba,MG,9.54
20264420,Carlos Ramos Teixeira,23,Matematica,Juiz de Fora,DF,6.04
20264421,Vinicius Lima Nascimento,29,Engenharia de Software,Vicosa,RJ,7.39
20264422,Tatiana Medeiros Moreira,34,Matematica,Diamantina,MG,6.5
20264423,Daniela Souza Machado,18,Administracao,Curvelo,ES,9.28
20264424,Enzo Barbosa Cavalcanti Machado,26,Quimica,Juiz de Fora,SP,8.95
20264425,Natalia Freitas Pinto Almeida,53,Medicina,Brasilia de Minas,GO,8.94
20264426,Gabriel Lima,25,Ciencia da Computacao,Porteirinha,MG,7.29
20264427,Samuel Nascimento Martins Castro,45,Ciencia da Computacao,Salinas,DF,7.13
20264428,Luana Almeida Gomes,34,Direito,Montes Claros,RJ,7.76
20264429,Igor Andrade Alves,48,Engenharia de Software,Belo Horizonte,MG,8.36
20264430,Olivia Lima Andrade Souza,32,Quimica,Curvelo,SP,6.21
20264431,Rodrigo Moura Soares,35,Sistemas de Informacao,Juiz de Fora,ES,7.81
20264432,Rafaela Machado,23,Direito,Curvelo,SP,7.79
20264433,Beatriz Barbosa Castro Nascimento,40,Direito,Lavras,MG,5.85
20264434,Gabriel Ramos Vieira Gomes,46,Quimica,Pirapora,ES,6.12
20264435,Tatiana Santos Costa Carvalho,31,Administracao,Almenara,RJ,6.9
20264436,Tatiana Santos Fernandes,20,Engenharia de Software,Coronel Fabriciano,SP,8.25
20264437,Lucas Monteiro,42,Analise e Desenvolvimento de Sistemas,Lavras,MG,9.69
20264438,Caio Silva Lima Lima,52,Quimica,Governador Valadares,BA,5.19
20264439,Vinicius Dias Pinto Nascimento,28,Agronomia,Almenara,RJ,8.82
20264440,Natalia Cardoso Fernandes Ribeiro,31,Matematica,Belo Horizonte,SP,8.43
20264441,Pedro Freitas Martins,26,Quimica,Juiz de Fora,ES,9.72
20264442,Amanda Ribeiro Ferreira,40,Engenharia Eletrica,Januaria,MG,5.68
20264443,Joao Costa,22,Engenharia de Software,Belo Horizonte,GO,8.07
20264444,Camila Moreira Medeiros Moreira,39,Analise e Desenvolvimento de Sistemas,Vicosa,MG,6.77
20264445,Rafaela Pereira Santos,40,Sistemas de Informacao,Montes Claros,ES,7.78
20264446,Leticia Freitas,32,Ciencia da Computacao,Curvelo,SP,5.25
20264447,Pedro Freitas Mendes,32,Engenharia Eletrica,Almenara,ES,7.33
20264448,Tatiana Ferreira,37,Agronomia,Janauba,MG,9.38
20264449,Larissa Andrade Castro Santos,51,Sistemas de Informacao,Uberlandia,ES,8.51
20264450,Daniela Cardoso,27,Sistemas de Informacao,Montes Claros,ES,8.21
20264451,Lucas Pereira Moura,55,Engenharia de Software,Sao Francisco,BA,6.2
20264452,Alexandre Medeiros Marques Oliveira,26,Analise e Desenvolvimento de Sistemas,Belo Horizonte,MG,8.98
20264453,Luana Moura Freitas Nascimento,25,Direito,Sao Francisco,RJ,8.87
20264454,Lucas Martins,18,Agronomia,Lavras,ES,5.28
20264455,Ana Castro Vieira,22,Direito,Janauba,MG,5.83
20264456,Tatiana Pereira Almeida Santos,21,Direito,Lavras,GO,7.68
20264457,Caio Moura Ramos,38,Medicina,Ouro Preto,SP,9.65
20264458,Beatriz Medeiros,24,Engenharia de Software,Janauba,MG,6.45
20264459,Joao Ribeiro Lopes Nunes,44,Matematica,Brasilia de Minas,GO,6.93
20264460,Rodrigo Machado Dias,24,Agronomia,Pirapora,SP,8.76
20264461,Yasmin Almeida,53,Engenharia de Software,Janauba,MG,8.34
20264462,Flavia Gomes Alves,49,Administracao,Porteirinha,GO,5.95
20264463,Nicolas Medeiros Vieira,24,Administracao,Coronel Fabriciano,RJ,6.26
20264464,Leticia Monteiro,44,Matematica,Lavras,GO,9.09
20264465,Debora Cavalcanti Rocha Mendes,35,Matematica,Salinas,DF,5.42
20264466,Isabela Freitas Gomes,45,Engenharia de Software,Salinas,ES,7.19
20264467,Amanda Mendes Cavalcanti,38,Analise e Desenvolvimento de Sistemas,Juiz de Fora,RJ,5.26
20264468,Tatiana Medeiros Carvalho Pereira,45,Quimica,Porteirinha,SP,8.31
20264469,Juliana Soares Lopes,46,Agronomia,Montes Claros,SP,7.16
20264470,Matheus Pinto Martins,42,Medicina,Salinas,DF,7.49
20264471,Flavia Pinto Ribeiro,45,Quimica,Curvelo,BA,8.71
20264472,Pedro Costa Cardoso Carvalho,39,Direito,Pirapora,BA,6.78
20264473,Mariana Rodrigues Gomes Lopes,18,Ciencia da Computacao,Ouro Preto,DF,6.67
20264474,Thiago Nascimento Pinto,25,Medicina,Diamantina,BA,8.46
20264475,Enzo Moreira,19,Ciencia da Computacao,Curvelo,ES,8.84
20264476,Beatriz Ramos Cavalcanti Carvalho,44,Fisica,Governador Valadares,MG,8.42
20264477,Nicolas Fernandes Rodrigues,33,Fisica,Coronel Fabriciano,SP,8.21
20264478,Rodrigo Rocha,45,Quimica,Ouro Preto,SP,8.02
20264479,Joao Mendes Santos,49,Ciencia da Computacao,Uberlandia,MG,5.12
20264480,Enzo Alves Fernandes,33,Analise e Desenvolvimento de Sistemas,Juiz de Fora,MG,9.87
20264481,Amanda Ferreira Ramos Barbosa,36,Analise e Desenvolvimento de Sistemas,Coronel Fabriciano,ES,7.14
20264482,Enzo Lopes Teixeira,47,Administracao,Teofilo Otoni,DF,5.39
20264483,Matheus Ramos Barbosa,18,Quimica,Janauba,SP,9.76
20264484,Isabela Machado Pereira Moura,27,Engenharia de Software,Ouro Preto,GO,7.45
20264485,Lucas Ramos,50,Medicina,Diamantina,GO,5.31
20264486,Gustavo Teixeira,50,Direito,Teofilo Otoni,RJ,6.02
20264487,Thiago Ribeiro Ferreira,28,Sistemas de Informacao,Belo Horizonte,GO,6.07
20264488,Camila Costa Pereira Rocha,54,Ciencia da Computacao,Montes Claros,RJ,8.42
20264489,Igor Silva,36,Quimica,Porteirinha,ES,6.27
20264490,Guilherme Freitas Cardoso Rodrigues,41,Fisica,Porteirinha,MG,8.6
20264491,Enzo Moreira Silva,36,Medicina,Uberlandia,ES,7.89
20264492,Fernanda Alves Nunes,37,Medicina,Juiz de Fora,GO,6.96
20264493,Joao Nunes Andrade Cardoso,45,Administracao,Coronel Fabriciano,DF,6.23
20264494,Carlos Monteiro Nascimento Lima,18,Agronomia,Janauba,DF,8.14
20264495,Yasmin Dias Rocha,29,Engenharia Eletrica,Vicosa,SP,5.3
20264496,Felipe Moura Ramos,51,Sistemas de Informacao,Curvelo,ES,7.46
20264497,Larissa Andrade Barbosa Fernandes,27,Sistemas de Informacao,Montes Claros,RJ,5.38
20264498,Debora Oliveira Marques,28,Matematica,Ouro Preto,RJ,8.84
20264499,Camila Machado Fernandes,20,Ciencia da Computacao,Coronel Fabriciano,DF,7.35
20264500,Isabela Martins Pinto,20,Analise e Desenvolvimento de Sistemas,Teofilo Otoni,DF,9.25
20264501,Daniela Martins Ferreira,52,Quimica,Belo Horizonte,ES,9.02
20264502,Bruno Ferreira Alves,25,Agronomia,Porteirinha,GO,5.11
20264503,Rodrigo Cavalcanti Rocha,39,Agronomia,Vicosa,SP,6.82
20264504,Caio Gomes Medeiros,43,Engenharia Eletrica,Janauba,MG,6.35
20264505,Larissa Soares Nascimento,47,Quimica,Lavras,BA,6.56
20264506,Thiago Cavalcanti Martins Teixeira,47,Quimica,Salinas,GO,6.18
20264507,Flavia Machado Brito,45,Analise e Desenvolvimento de Sistemas,Belo Horizonte,DF,9.12
20264508,Thiago Nascimento Cavalcanti Machado,34,Engenharia Eletrica,Juiz de Fora,GO,7.62
20264509,Enzo Oliveira,25,Matematica,Governador Valadares,GO,7.86
20264510,Isabela Lima,34,Administracao,Governador Valadares,SP,8.11
20264511,Lucas Pinto Martins,43,Fisica,Ouro Preto,SP,5.67
20264512,Debora Pereira Ramos,55,Direito,Belo Horizonte,RJ,7.36
20264513,Gustavo Souza Ferreira Silva,26,Fisica,Vicosa,DF,5.38
20264514,Luana Rocha Lima Silva,30,Agronomia,Juiz de Fora,BA,5.49
20264515,Debora Rodrigues,54,Ciencia da Computacao,Porteirinha,SP,8.58
20264516,Yasmin Fernandes Marques,29,Sistemas de Informacao,Januaria,MG,6.91
20264517,Olivia Lopes Castro,31,Fisica,Sao Francisco,MG,7.56
20264518,Igor Moreira Lima,38,Analise e Desenvolvimento de Sistemas,Ouro Preto,MG,9.68
20264519,Daniela Ramos,38,Medicina,Governador Valadares,DF,7.58
20264520,Tatiana Costa Souza,27,Engenharia de Software,Lavras,SP,5.93
20264521,Daniela Ramos Fernandes Andrade,18,Quimica,Governador Valadares,BA,8.61
20264522,Mariana Teixeira Souza,55,Fisica,Curvelo,ES,8.88
20264523,Samuel Fernandes,18,Engenharia de Software,Belo Horizonte,MG,5.12
20264524,Larissa Cardoso Alves,53,Sistemas de Informacao,Diamantina,GO,6.61
20264525,Igor Ramos Cardoso,32,Direito,Uberlandia,SP,6.68
20264526,Eduardo Mendes Lima,46,Medicina,Vicosa,BA,6.65
20264527,Gabriel Vieira Freitas,24,Sistemas de Informacao,Coronel Fabriciano,RJ,7.1
20264528,Rafaela Pinto Carvalho,54,Quimica,Almenara,ES,6.3
20264529,Daniela Lima Rodrigues,40,Ciencia da Computacao,Pirapora,BA,9.34
20264530,Pedro Lopes Medeiros Souza,45,Sistemas de Informacao,Vicosa,ES,9.19
20264531,Luana Dias Teixeira,29,Engenharia de Software,Juiz de Fora,RJ,5.93
20264532,Thiago Rodrigues Lima Castro,20,Analise e Desenvolvimento de Sistemas,Juiz de Fora,MG,8.37
20264533,Joao Nascimento,33,Matematica,Sao Francisco,SP,7.26
20264534,Vinicius Ribeiro Ferreira Ferreira,44,Fisica,Teofilo Otoni,BA,5.16
20264535,Flavia Rocha Castro Ferreira,20,Ciencia da Computacao,Porteirinha,DF,6.23
20264536,Olivia Nunes Fernandes,36,Engenharia de Software,Belo Horizonte,DF,5.79
20264537,Guilherme Pinto Ferreira Soares,27,Sistemas de Informacao,Montes Claros,GO,5.28
20264538,Lucas Mendes Nunes,50,Analise e Desenvolvimento de Sistemas,Janauba,BA,7.26
20264539,Rodrigo Mendes,52,Medicina,Vicosa,MG,5.28
20264540,Nicolas Cavalcanti Andrade Carvalho,20,Ciencia da Computacao,Januaria,ES,5.21
20264541,Isabela Carvalho,26,Medicina,Lavras,GO,9.22
20264542,Matheus Mendes Dias,36,Administracao,Sao Francisco,ES,7.02
20264543,Leticia Barbosa Freitas,19,Analise e Desenvolvimento de Sistemas,Brasilia de Minas,SP,8.94
20264544,Pedro Ribeiro Vieira,42,Medicina,Uberlandia,DF,9.23
20264545,Eduardo Dias Vieira,44,Quimica,Belo Horizonte,SP,5.59
20264546,Olivia Rocha Rodrigues,50,Medicina,Pirapora,DF,8.57
20264547,Flavia Medeiros Moreira Nascimento,54,Medicina,Curvelo,RJ,6.6
20264548,Carlos Almeida Almeida,46,Quimica,Janauba,BA,5.89
20264549,Tatiana Moura Soares Lima,23,Ciencia da Computacao,Curvelo,BA,5.9
20264550,Alexandre Ferreira Soares Dias,40,Direito,Curvelo,GO,6.8
20264551,Larissa Lima Almeida Ramos,43,Administracao,Januaria,SP,5.34
20264552,Isabela Barbosa,31,Ciencia da Computacao,Teofilo Otoni,ES,9.15
20264553,Eduardo Almeida,49,Sistemas de Informacao,Teofilo Otoni,ES,7.74
20264554,Luana Martins,41,Fisica,Almenara,SP,9.37
20264555,Gustavo Gomes Costa,41,Ciencia da Computacao,Salinas,GO,9.85
20264556,Yasmin Medeiros Nunes,26,Agronomia,Porteirinha,MG,7.26
20264557,Amanda Dias Martins,21,Agronomia,Juiz de Fora,ES,9.58
20264558,Vinicius Ramos Nunes,47,Fisica,Governador Valadares,MG,5.25
20264559,Rodrigo Gomes Barbosa Barbosa,43,Administracao,Coronel Fabriciano,RJ,7.98
20264560,Pedro Machado Silva,54,Fisica,Brasilia de Minas,BA,7.54
20264561,Caio Santos Moura,38,Medicina,Curvelo,BA,6.64
20264562,Lucas Medeiros Cardoso,29,Administracao,Coronel Fabriciano,ES,8.68
20264563,Juliana Rocha,46,Quimica,Teofilo Otoni,RJ,6.2
20264564,Guilherme Cavalcanti Castro Costa,48,Ciencia da Computacao,Porteirinha,RJ,5.87
20264565,Rafaela Soares Soares Machado,44,Administracao,Pirapora,MG,6.73
20264566,Yasmin Castro Moreira Ferreira,52,Ciencia da Computacao,Coronel Fabriciano,DF,7.51
20264567,Leticia Moreira,51,Quimica,Lavras,RJ,9.62
20264568,Lucas Fernandes Soares,34,Ciencia da Computacao,Diamantina,GO,9.58
20264569,Luana Andrade Ferreira Moura,45,Matematica,Janauba,RJ,8.92
20264570,Yasmin Fernandes Souza,53,Agronomia,Diamantina,GO,8.21
20264571,Felipe Lopes Cavalcanti Santos,25,Administracao,Curvelo,GO,5.93
20264572,Amanda Rodrigues Lima,31,Direito,Vicosa,ES,9.75
20264573,Luana Monteiro Silva,23,Fisica,Teofilo Otoni,BA,9.56
20264574,Enzo Carvalho,24,Agronomia,Sao Francisco,BA,5.15
20264575,Rafaela Pinto Alves,41,Sistemas de Informacao,Belo Horizonte,MG,9.55
20264576,Flavia Carvalho Rodrigues,36,Ciencia da Computacao,Curvelo,ES,5.87
20264577,Carlos Ribeiro,33,Engenharia Eletrica,Ouro Preto,ES,9.48
20264578,Carlos Pereira Ribeiro,40,Matematica,Montes Claros,DF,9.65
20264579,Larissa Ramos,38,Administracao,Curvelo,GO,8.38
20264580,Ana Alves,55,Fisica,Salinas,RJ,6.84
20264581,Olivia Ribeiro Vieira,37,Agronomia,Diamantina,SP,9.86
20264582,Rodrigo Cardoso Pereira Andrade,22,Medicina,Brasilia de Minas,GO,7.41
20264583,Helena Pereira Freitas,21,Quimica,Ouro Preto,RJ,5.05
20264584,Felipe Ribeiro Oliveira,34,Ciencia da Computacao,Januaria,ES,6.16
20264585,Camila Silva Cavalcanti Martins,36,Fisica,Curvelo,GO,5.56
20264586,Lucas Pereira Moreira Silva,19,Medicina,Governador Valadares,DF,8.48
20264587,Eduardo Cavalcanti,32,Sistemas de Informacao,Sao Francisco,BA,8.49
20264588,Debora Gomes Oliveira,28,Engenharia Eletrica,Diamantina,MG,5.48
20264589,Caio Vieira Costa,51,Quimica,Belo Horizonte,BA,9.36
20264590,Bruno Alves Ferreira,43,Direito,Lavras,MG,5.55
20264591,Larissa Cavalcanti Marques,26,Matematica,Montes Claros,BA,6.57
20264592,Rodrigo Nunes Soares,28,Administracao,Juiz de Fora,BA,8.82
20264593,Carlos Brito,54,Engenharia de Software,Salinas,RJ,8.36
20264594,Beatriz Carvalho Santos Vieira,18,Medicina,Belo Horizonte,MG,7.98
20264595,Eduardo Souza Dias,19,Direito,Janauba,DF,6.57
20264596,Rodrigo Rocha Costa,53,Engenharia de Software,Uberlandia,RJ,7.19
20264597,Natalia Teixeira Soares,45,Direito,Governador Valadares,RJ,5.24
20264598,Pedro Santos,46,Administracao,Porteirinha,GO,6.44
20264599,Rodrigo Almeida,38,Medicina,Montes Claros,MG,7.44
20264600,Lucas Freitas,46,Analise e Desenvolvimento de Sistemas,Almenara,ES,5.92
20264601,Leticia Lopes,26,Ciencia da Computacao,Sao Francisco,MG,5.44
20264602,Nicolas Soares,19,Administracao,Belo Horizonte,DF,6.88
20264603,Luana Castro,20,Medicina,Montes Claros,BA,6.48
20264604,Eduardo Rodrigues Cardoso,35,Direito,Salinas,GO,5.43
20264605,Flavia Fernandes,52,Medicina,Juiz de Fora,ES,7.13
20264606,Flavia Martins Ferreira,28,Engenharia de Software,Januaria,RJ,8.62
20264607,Yasmin Barbosa Cavalcanti,23,Analise e Desenvolvimento de Sistemas,Ouro Preto,GO,7.55
20264608,Helena Alves Fernandes,39,Quimica,Uberlandia,RJ,8.9
20264609,Joao Marques Rodrigues,55,Medicina,Almenara,SP,7.77
20264610,Gabriel Cardoso Oliveira Medeiros,27,Engenharia Eletrica,Juiz de Fora,RJ,6.5
20264611,Matheus Freitas,20,Sistemas de Informacao,Almenara,GO,6.01
20264612,Caio Almeida,37,Direito,Lavras,DF,5.79
20264613,Igor Rocha Martins,27,Ciencia da Computacao,Governador Valadares,SP,8.12
20264614,Mariana Cavalcanti Fernandes,51,Matematica,Ouro Preto,RJ,8.84
20264615,Rodrigo Ramos Ribeiro,47,Sistemas de Informacao,Governador Valadares,ES,9.29
20264616,Beatriz Cardoso,19,Sistemas de Informacao,Porteirinha,MG,9.38
20264617,Thiago Teixeira Nunes,45,Analise e Desenvolvimento de Sistemas,Governador Valadares,DF,7.59
20264618,Vinicius Cavalcanti Vieira Fernandes,26,Fisica,Juiz de Fora,BA,7.87
20264619,Flavia Nascimento Lima,33,Matematica,Salinas,ES,8.59
20264620,Larissa Nunes Costa,27,Direito,Diamantina,SP,9.77
20264621,Rafaela Barbosa Silva Moreira,28,Ciencia da Computacao,Pirapora,RJ,7.08
20264622,Daniela Pereira Soares,26,Engenharia Eletrica,Sao Francisco,RJ,8.38
20264623,Beatriz Ribeiro Marques,31,Administracao,Teofilo Otoni,DF,9.26
20264624,Mariana Carvalho Martins,41,Direito,Januaria,SP,6.35
20264625,Helena Barbosa Carvalho,35,Engenharia de Software,Almenara,MG,5.38
20264626,Samuel Medeiros Soares,36,Matematica,Janauba,RJ,8.14
20264627,Fernanda Monteiro,52,Quimica,Brasilia de Minas,BA,9.2
20264628,Enzo Lopes Teixeira Pereira,41,Engenharia Eletrica,Teofilo Otoni,ES,5.55
20264629,Guilherme Fernandes Ramos Brito,29,Engenharia de Software,Coronel Fabriciano,SP,5.87
20264630,Rodrigo Mendes Ribeiro,34,Direito,Belo Horizonte,SP,6.05
20264631,Luana Moura Ramos Andrade,54,Engenharia Eletrica,Sao Francisco,BA,9.18
20264632,Alexandre Pereira,34,Medicina,Salinas,DF,7.59
20264633,Matheus Medeiros Ribeiro Lopes,21,Medicina,Juiz de Fora,DF,9.35
20264634,Alexandre Martins,22,Ciencia da Computacao,Lavras,MG,5.69
20264635,Yasmin Lopes Cardoso,52,Fisica,Coronel Fabriciano,BA,6.51
20264636,Eduardo Fernandes Marques Silva,45,Administracao,Curvelo,RJ,5.56
20264637,Gustavo Marques,33,Quimica,Juiz de Fora,SP,7.97
20264638,Juliana Rodrigues Moura Ramos,20,Administracao,Janauba,MG,7.08
20264639,Tatiana Mendes Ferreira Nascimento,55,Ciencia da Computacao,Pirapora,MG,9.41
20264640,Igor Martins Ferreira,44,Ciencia da Computacao,Montes Claros,SP,8.73
20264641,Matheus Costa,53,Matematica,Ouro Preto,RJ,8.87
20264642,Rodrigo Almeida Lima Pereira,29,Ciencia da Computacao,Ouro Preto,RJ,9.35
20264643,Luana Monteiro Vieira,27,Medicina,Januaria,DF,7.26
20264644,Enzo Brito Castro,46,Agronomia,Porteirinha,BA,5.16
20264645,Eduardo Vieira,23,Engenharia de Software,Porteirinha,BA,6.26
20264646,Matheus Almeida,49,Sistemas de Informacao,Diamantina,GO,9.14
20264647,Eduardo Nascimento Pinto Andrade,28,Agronomia,Janauba,GO,7.93
20264648,Tatiana Freitas Rocha Cardoso,45,Analise e Desenvolvimento de Sistemas,Vicosa,GO,8.75
20264649,Amanda Almeida Santos,39,Medicina,Vicosa,RJ,7.82
20264650,Gustavo Cavalcanti Carvalho,42,Direito,Uberlandia,MG,7.3
20264651,Gabriel Oliveira Andrade Pinto,31,Matematica,Porteirinha,GO,8.3
20264652,Ana Fernandes,32,Matematica,Januaria,BA,6.67
20264653,Bruno Lima Moura Nascimento,53,Fisica,Uberlandia,ES,8.1
20264654,Ana Brito Marques,31,Medicina,Brasilia de Minas,GO,7.29
20264655,Bruno Ramos Rocha Ferreira,28,Engenharia Eletrica,Januaria,MG,7.45
20264656,Lucas Lima,42,Engenharia de Software,Brasilia de Minas,MG,7.58
20264657,Igor Fernandes Nascimento Pinto,36,Ciencia da Computacao,Lavras,SP,9.82
20264658,Pedro Rocha Nunes,41,Analise e Desenvolvimento de Sistemas,Janauba,BA,8.93
20264659,Matheus Freitas Pinto,39,Ciencia da Computacao,Juiz de Fora,GO,9.38
20264660,Debora Rocha Freitas Almeida,49,Engenharia de Software,Ouro Preto,DF,8.67
20264661,Juliana Dias Rodrigues Costa,28,Medicina,Ouro Preto,DF,6.42
20264662,Amanda Souza Ferreira,49,Medicina,Teofilo Otoni,DF,5.77
20264663,Mariana Brito Fernandes,54,Fisica,Uberlandia,SP,9.3
20264664,Luana Nunes Ramos,34,Fisica,Curvelo,ES,8.02
20264665,Pedro Moura,39,Engenharia de Software,Januaria,RJ,5.0
20264666,Fernanda Dias Medeiros,23,Sistemas de Informacao,Brasilia de Minas,BA,7.03
20264667,Matheus Rocha Almeida Cavalcanti,39,Engenharia Eletrica,Belo Horizonte,GO,9.61
20264668,Enzo Lopes Dias Costa,36,Administracao,Salinas,SP,5.64
20264669,Lucas Santos Fernandes,21,Agronomia,Sao Francisco,BA,5.11
20264670,Olivia Soares Marques Rodrigues,22,Agronomia,Governador Valadares,RJ,7.58
20264671,Juliana Moura,29,Fisica,Coronel Fabriciano,SP,9.88
20264672,Nicolas Carvalho Teixeira Oliveira,36,Engenharia Eletrica,Governador Valadares,MG,7.36
20264673,Enzo Souza Lopes Martins,32,Ciencia da Computacao,Lavras,DF,6.83
20264674,Camila Barbosa Lopes,44,Fisica,Uberlandia,MG,8.26
20264675,Gustavo Martins Ferreira,32,Direito,Ouro Preto,ES,5.24
20264676,Eduardo Oliveira,55,Analise e Desenvolvimento de Sistemas,Uberlandia,RJ,8.55
20264677,Guilherme Ramos Freitas Freitas,47,Analise e Desenvolvimento de Sistemas,Uberlandia,SP,8.75
20264678,Yasmin Nascimento Nascimento,37,Medicina,Governador Valadares,MG,6.02
20264679,Rodrigo Pereira Brito Dias,34,Analise e Desenvolvimento de Sistemas,Sao Francisco,DF,8.62
20264680,Daniela Lima,42,Matematica,Belo Horizonte,ES,6.54
20264681,Daniela Cavalcanti Brito,26,Analise e Desenvolvimento de Sistemas,Diamantina,BA,8.2
20264682,Olivia Andrade Rodrigues Barbosa,51,Medicina,Janauba,GO,8.85
20264683,Juliana Moreira Soares,19,Administracao,Almenara,DF,8.9
20264684,Joao Vieira,24,Medicina,Pirapora,GO,9.04
20264685,Rodrigo Cardoso Machado,28,Engenharia Eletrica,Uberlandia,SP,7.76
20264686,Samuel Lima Freitas,55,Direito,Diamantina,MG,5.85
20264687,Isabela Medeiros Rocha,48,Sistemas de Informacao,Sao Francisco,BA,8.27
20264688,Debora Teixeira,31,Direito,Juiz de Fora,DF,5.55
20264689,Mariana Cavalcanti Soares,51,Agronomia,Governador Valadares,MG,7.9
20264690,Amanda Barbosa Castro Nascimento,23,Administracao,Janauba,ES,7.85
20264691,Amanda Fernandes Rocha Nunes,36,Engenharia de Software,Uberlandia,SP,8.76
20264692,Amanda Silva,19,Engenharia de Software,Salinas,SP,5.83
20264693,Camila Moreira Ramos Cavalcanti,41,Medicina,Porteirinha,RJ,9.36
20264694,Rodrigo Pinto Cardoso Ramos,40,Ciencia da Computacao,Pirapora,GO,6.48
20264695,Carlos Brito Almeida,45,Direito,Almenara,DF,8.14
20264696,Carlos Lima Teixeira,19,Ciencia da Computacao,Brasilia de Minas,GO,5.38
20264697,Carlos Ramos Lopes,35,Quimica,Uberlandia,MG,8.3
20264698,Gabriel Almeida,37,Ciencia da Computacao,Vicosa,ES,8.03
20264699,Fernanda Moreira Fernandes Nascimento,48,Medicina,Teofilo Otoni,RJ,6.69
20264700,Rodrigo Martins Lima,53,Administracao,Vicosa,GO,9.41
20264701,Fernanda Nascimento Souza,45,Administracao,Lavras,ES,5.34
20264702,Larissa Pereira Rocha,41,Administracao,Uberlandia,MG,9.21
20264703,Amanda Barbosa Oliveira,54,Analise e Desenvolvimento de Sistemas,Uberlandia,GO,6.17
20264704,Ana Dias Medeiros,41,Medicina,Pirapora,GO,7.03
20264705,Eduardo Almeida Carvalho Pinto,39,Administracao,Belo Horizonte,BA,5.65
20264706,Eduardo Teixeira Gomes Andrade,43,Matematica,Coronel Fabriciano,MG,7.91
20264707,Juliana Machado,54,Direito,Brasilia de Minas,ES,9.11
20264708,Enzo Pinto Ramos,53,Engenharia de Software,Lavras,RJ,7.8
20264709,Gustavo Marques Martins Ferreira,54,Administracao,Diamantina,MG,6.7
20264710,Daniela Soares Carvalho,42,Matematica,Teofilo Otoni,BA,8.73
20264711,Fernanda Machado Soares Lima,33,Ciencia da Computacao,Pirapora,BA,7.37
20264712,Ana Pereira Ramos,42,Analise e Desenvolvimento de Sistemas,Pirapora,DF,7.97
20264713,Rodrigo Machado Lopes,47,Fisica,Montes Claros,DF,7.57
20264714,Pedro Moreira Silva,44,Sistemas de Informacao,Teofilo Otoni,BA,5.06
20264715,Guilherme Cardoso,31,Fisica,Sao Francisco,RJ,7.23
20264716,Vinicius Costa Castro,51,Engenharia de Software,Salinas,MG,8.92
20264717,Carlos Carvalho Costa Cardoso,31,Ciencia da Computacao,Belo Horizonte,DF,5.62
20264718,Mariana Mendes Barbosa Moreira,31,Quimica,Janauba,BA,8.35
20264719,Beatriz Marques Ferreira,25,Agronomia,Lavras,GO,8.69
20264720,Rafaela Cavalcanti,18,Fisica,Uberlandia,DF,9.04
20264721,Amanda Dias Teixeira Marques,26,Fisica,Salinas,ES,6.64
20264722,Eduardo Alves Alves Costa,50,Engenharia Eletrica,Juiz de Fora,RJ,8.9
20264723,Olivia Nunes,45,Administracao,Coronel Fabriciano,BA,6.92
20264724,Luana Barbosa Cardoso Ribeiro,50,Engenharia Eletrica,Diamantina,BA,7.03
20264725,Amanda Teixeira Fernandes Dias,18,Analise e Desenvolvimento de Sistemas,Belo Horizonte,GO,7.41
20264726,Mariana Castro,35,Ciencia da Computacao,Diamantina,RJ,6.77
20264727,Nicolas Alves Martins,27,Quimica,Porteirinha,GO,6.68
20264728,Joao Dias Marques Mendes,24,Matematica,Janauba,MG,8.99
20264729,Rafaela Souza Andrade Nunes,50,Direito,Ouro Preto,MG,7.23
20264730,Flavia Dias,27,Engenharia de Software,Governador Valadares,SP,8.9
20264731,Rodrigo Nascimento Costa,50,Analise e Desenvolvimento de Sistemas,Lavras,ES,9.41
20264732,Eduardo Rocha Pereira Fernandes,55,Direito,Juiz de Fora,RJ,7.03
20264733,Rafaela Nunes Ferreira,44,Medicina,Juiz de Fora,RJ,9.11
20264734,Lucas Lima,42,Engenharia Eletrica,Curvelo,GO,6.61
20264735,Thiago Santos Lima,54,Engenharia de Software,Ouro Preto,DF,6.29
20264736,Nicolas Soares Rocha Freitas,48,Administracao,Coronel Fabriciano,MG,8.54
20264737,Felipe Cavalcanti Machado,39,Fisica,Janauba,MG,8.81
20264738,Carlos Pinto Ferreira Andrade,40,Quimica,Coronel Fabriciano,GO,7.17
20264739,Olivia Medeiros,41,Matematica,Belo Horizonte,RJ,8.95
20264740,Amanda Vieira Ferreira Gomes,47,Ciencia da Computacao,Uberlandia,RJ,5.52
20264741,Pedro Marques Oliveira Moura,49,Agronomia,Januaria,RJ,5.67
20264742,Bruno Almeida Carvalho,53,Agronomia,Pirapora,MG,5.77
20264743,Thiago Brito Machado Nunes,48,Administracao,Diamantina,RJ,5.8
20264744,Joao Almeida,36,Engenharia de Software,Lavras,BA,9.84
20264745,Guilherme Cardoso Silva,47,Fisica,Pirapora,ES,8.08
20264746,Flavia Rocha,49,Engenharia de Software,Belo Horizonte,ES,7.0
20264747,Alexandre Soares Nunes,46,Analise e Desenvolvimento de Sistemas,Governador Valadares,BA,5.37
20264748,Gustavo Silva Pinto,39,Engenharia de Software,Uberlandia,ES,8.2
20264749,Rafaela Souza Nascimento,51,Agronomia,Uberlandia,ES,5.61
20264750,Beatriz Carvalho Alves Lima,55,Sistemas de Informacao,Uberlandia,DF,9.32
20264751,Tatiana Ramos,50,Ciencia da Computacao,Januaria,ES,6.61
20264752,Ana Ferreira,36,Administracao,Pirapora,DF,6.55
20264753,Ana Oliveira Santos Rodrigues,55,Fisica,Januaria,MG,7.21
20264754,Alexandre Soares Nunes,46,Quimica,Diamantina,GO,6.51
20264755,Rafaela Nunes Medeiros,32,Matematica,Januaria,ES,7.96
20264756,Gabriel Medeiros,51,Medicina,Curvelo,RJ,7.44
20264757,Juliana Alves Martins,18,Medicina,Brasilia de Minas,BA,9.57
20264758,Samuel Ribeiro Nascimento,22,Engenharia Eletrica,Salinas,ES,8.22
20264759,Caio Castro,37,Quimica,Montes Claros,ES,6.44
20264760,Vinicius Rodrigues Ribeiro,38,Matematica,Juiz de Fora,ES,8.06
20264761,Carlos Almeida Lima Lopes,53,Agronomia,Juiz de Fora,GO,7.05
20264762,Isabela Oliveira Moreira,28,Quimica,Lavras,ES,9.6
20264763,Eduardo Martins Barbosa Santos,31,Matematica,Governador Valadares,DF,9.77
20264764,Felipe Freitas Vieira,36,Fisica,Belo Horizonte,MG,7.59
20264765,Guilherme Lopes Costa,54,Fisica,Belo Horizonte,GO,8.06
20264766,Joao Silva Ribeiro,42,Administracao,Diamantina,ES,5.82
20264767,Helena Nascimento,37,Agronomia,Salinas,ES,6.6
20264768,Gabriel Rodrigues Cardoso,50,Administracao,Januaria,SP,7.14
20264769,Joao Ramos Rodrigues,55,Sistemas de Informacao,Ouro Preto,ES,7.97
20264770,Pedro Souza Gomes Moura,46,Medicina,Juiz de Fora,SP,5.16
20264771,Mariana Lopes Silva,31,Administracao,Montes Claros,RJ,7.15
20264772,Helena Castro Costa,35,Matematica,Vicosa,GO,9.55
20264773,Beatriz Freitas Rodrigues,30,Administracao,Brasilia de Minas,ES,9.12
20264774,Samuel Andrade Alves,37,Medicina,Diamantina,RJ,6.75
20264775,Joao Barbosa,37,Fisica,Lavras,ES,5.72
20264776,Igor Marques Castro Medeiros,21,Quimica,Pirapora,DF,7.55
20264777,Gabriel Pereira Rocha Machado,48,Analise e Desenvolvimento de Sistemas,Diamantina,ES,9.24
20264778,Larissa Machado,36,Quimica,Uberlandia,RJ,9.87
20264779,Daniela Marques Cavalcanti,18,Matematica,Ouro Preto,BA,7.47
20264780,Eduardo Pinto Almeida,34,Administracao,Janauba,GO,5.3
20264781,Alexandre Teixeira Machado Souza,33,Fisica,Brasilia de Minas,GO,8.65
20264782,Nicolas Lopes Carvalho,52,Matematica,Almenara,BA,6.47
20264783,Debora Lima Fernandes Rocha,46,Ciencia da Computacao,Janauba,MG,6.55
20264784,Beatriz Cardoso Moura Lima,43,Analise e Desenvolvimento de Sistemas,Ouro Preto,ES,5.04
20264785,Lucas Fernandes Gomes,47,Engenharia Eletrica,Coronel Fabriciano,MG,8.26
20264786,Enzo Costa Teixeira Moreira,55,Direito,Porteirinha,RJ,7.05
20264787,Olivia Cardoso Santos Carvalho,53,Medicina,Porteirinha,RJ,7.75
20264788,Mariana Marques Moura,24,Matematica,Belo Horizonte,MG,8.9
20264789,Thiago Fernandes,23,Quimica,Teofilo Otoni,GO,6.09
20264790,Ana Nunes Ribeiro,40,Analise e Desenvolvimento de Sistemas,Curvelo,SP,9.25
20264791,Rodrigo Andrade,35,Medicina,Sao Francisco,SP,5.32
20264792,Lucas Rocha Cavalcanti,51,Analise e Desenvolvimento de Sistemas,Salinas,SP,8.75
20264793,Pedro Nascimento,43,Analise e Desenvolvimento de Sistemas,Montes Claros,BA,9.43
20264794,Juliana Machado,48,Analise e Desenvolvimento de Sistemas,Janauba,GO,6.48
20264795,Yasmin Mendes Pinto,52,Administracao,Sao Francisco,RJ,5.49
20264796,Rodrigo Pinto Machado Lima,23,Analise e Desenvolvimento de Sistemas,Almenara,DF,8.62
20264797,Camila Marques Ribeiro,52,Administracao,Ouro Preto,SP,6.89
20264798,Olivia Barbosa Mendes Moreira,21,Fisica,Lavras,DF,9.28
20264799,Olivia Santos Medeiros,28,Medicina,Ouro Preto,RJ,5.87
20264800,Vinicius Nunes Freitas,31,Administracao,Belo Horizonte,MG,6.94
20264801,Leticia Vieira Moreira,20,Engenharia Eletrica,Vicosa,BA,8.65
20264802,Juliana Teixeira Silva Lopes,31,Quimica,Coronel Fabriciano,SP,7.98
20264803,Vinicius Ramos Vieira,54,Engenharia Eletrica,Salinas,RJ,8.95
20264804,Pedro Oliveira Almeida,24,Ciencia da Computacao,Pirapora,RJ,7.02
20264805,Isabela Ribeiro Gomes Moura,35,Medicina,Janauba,SP,5.35
20264806,Felipe Dias Freitas Brito,42,Sistemas de Informacao,Teofilo Otoni,ES,6.72
20264807,Gabriel Silva Teixeira Barbosa,51,Administracao,Salinas,MG,6.87
20264808,Guilherme Oliveira Souza Ribeiro,42,Ciencia da Computacao,Brasilia de Minas,RJ,7.9
20264809,Joao Soares Brito,39,Analise e Desenvolvimento de Sistemas,Lavras,DF,8.11
20264810,Enzo Lima,37,Engenharia de Software,Salinas,MG,7.04
20264811,Felipe Cavalcanti Vieira,38,Direito,Diamantina,DF,9.06
20264812,Isabela Nascimento Souza Ribeiro,35,Sistemas de Informacao,Belo Horizonte,DF,7.57
20264813,Tatiana Soares,18,Direito,Salinas,DF,5.33
20264814,Larissa Costa Brito Moura,41,Ciencia da Computacao,Teofilo Otoni,BA,8.24
20264815,Caio Santos,45,Administracao,Juiz de Fora,MG,6.24
20264816,Pedro Martins Pereira,49,Engenharia Eletrica,Porteirinha,RJ,7.82
20264817,Samuel Rodrigues Costa,54,Agronomia,Teofilo Otoni,SP,8.69
20264818,Lucas Silva Ribeiro,50,Fisica,Ouro Preto,MG,6.75
20264819,Daniela Teixeira Pinto,40,Sistemas de Informacao,Pirapora,DF,7.16
20264820,Ana Pereira Costa,44,Matematica,Uberlandia,BA,6.64
20264821,Alexandre Souza,48,Quimica,Diamantina,GO,5.67
20264822,Gustavo Rodrigues Almeida Castro,36,Analise e Desenvolvimento de Sistemas,Januaria,BA,9.01
20264823,Lucas Andrade Oliveira,28,Direito,Porteirinha,ES,6.95
20264824,Rafaela Monteiro,32,Agronomia,Brasilia de Minas,SP,5.23
20264825,Pedro Cardoso Nunes Nascimento,34,Analise e Desenvolvimento de Sistemas,Governador Valadares,ES,7.9
20264826,Leticia Nascimento,51,Ciencia da Computacao,Belo Horizonte,BA,9.83
20264827,Samuel Alves Vieira,53,Administracao,Diamantina,DF,5.63
20264828,Rodrigo Rocha Santos,39,Ciencia da Computacao,Porteirinha,GO,7.5
20264829,Gabriel Dias Pinto,19,Medicina,Pirapora,ES,5.61
20264830,Natalia Costa Alves,21,Matematica,Januaria,RJ,6.24
20264831,Thiago Almeida Medeiros,24,Quimica,Salinas,RJ,5.61
20264832,Ana Santos Martins Soares,40,Administracao,Lavras,GO,9.36
20264833,Camila Nunes Dias,49,Analise e Desenvolvimento de Sistemas,Vicosa,SP,8.83
20264834,Flavia Moreira Silva,46,Sistemas de Informacao,Diamantina,RJ,6.85
20264835,Vinicius Cardoso,34,Engenharia Eletrica,Almenara,MG,7.74
20264836,Nicolas Machado Moura,31,Agronomia,Almenara,SP,9.12
20264837,Felipe Pinto,36,Ciencia da Computacao,Brasilia de Minas,BA,7.85
20264838,Helena Nunes Santos Lima,43,Matematica,Janauba,RJ,9.77
20264839,Isabela Marques Monteiro,36,Agronomia,Januaria,BA,8.27
20264840,Nicolas Nunes,48,Agronomia,Salinas,RJ,6.54
20264841,Leticia Rodrigues Lopes,39,Analise e Desenvolvimento de Sistemas,Vicosa,RJ,9.34
20264842,Rodrigo Almeida,32,Ciencia da Computacao,Belo Horizonte,ES,8.74
20264843,Gustavo Andrade Lima,43,Ciencia da Computacao,Lavras,GO,7.63
20264844,Mariana Castro Monteiro,47,Analise e Desenvolvimento de Sistemas,Brasilia de Minas,GO,9.24
20264845,Samuel Brito,49,Quimica,Brasilia de Minas,RJ,9.79
20264846,Natalia Martins Mendes,47,Ciencia da Computacao,Porteirinha,DF,7.88
20264847,Thiago Marques Freitas,52,Engenharia Eletrica,Governador Valadares,SP,6.79
20264848,Beatriz Medeiros Cardoso Mendes,32,Matematica,Coronel Fabriciano,MG,8.82
20264849,Nicolas Soares,19,Medicina,Vicosa,BA,9.45
20264850,Amanda Alves Souza,51,Quimica,Montes Claros,SP,8.97
20264851,Natalia Rocha Machado Brito,35,Analise e Desenvolvimento de Sistemas,Januaria,RJ,9.19
20264852,Gabriel Teixeira Teixeira Freitas,47,Engenharia Eletrica,Uberlandia,ES,7.88
20264853,Rodrigo Freitas Ribeiro,32,Administracao,Diamantina,SP,8.74
20264854,Samuel Cavalcanti,39,Direito,Ouro Preto,GO,7.06
20264855,Helena Gomes Moreira Rocha,48,Quimica,Teofilo Otoni,ES,9.08
20264856,Juliana Pinto Pereira,28,Direito,Ouro Preto,ES,8.14
20264857,Debora Costa Soares,54,Fisica,Curvelo,MG,8.06
20264858,Camila Vieira Alves,40,Fisica,Ouro Preto,DF,6.64
20264859,Larissa Almeida Souza,35,Analise e Desenvolvimento de Sistemas,Juiz de Fora,RJ,6.0
20264860,Debora Medeiros Nunes,49,Ciencia da Computacao,Vicosa,DF,5.6
20264861,Samuel Soares Monteiro Alves,35,Quimica,Brasilia de Minas,MG,5.02
20264862,Tatiana Oliveira Mendes Andrade,44,Ciencia da Computacao,Almenara,BA,8.79
20264863,Daniela Machado Barbosa Oliveira,46,Matematica,Vicosa,BA,7.86
20264864,Lucas Ribeiro Monteiro,50,Fisica,Janauba,GO,8.88
20264865,Olivia Fernandes,34,Matematica,Vicosa,ES,9.03
20264866,Debora Pereira Castro,48,Quimica,Belo Horizonte,DF,7.01
20264867,Alexandre Fernandes Mendes,41,Agronomia,Juiz de Fora,DF,7.75
20264868,Rafaela Cardoso Rodrigues Souza,38,Analise e Desenvolvimento de Sistemas,Curvelo,GO,8.41
20264869,Amanda Souza Machado,49,Direito,Pirapora,ES,6.59
20264870,Ana Alves Cardoso Vieira,32,Quimica,Montes Claros,SP,5.3
20264871,Caio Moreira Souza Oliveira,36,Engenharia Eletrica,Belo Horizonte,MG,7.0
20264872,Natalia Freitas Nascimento,27,Direito,Montes Claros,RJ,5.54
20264873,Joao Medeiros,47,Engenharia Eletrica,Juiz de Fora,RJ,6.04
20264874,Ana Marques Vieira Ribeiro,47,Sistemas de Informacao,Curvelo,GO,7.98
20264875,Vinicius Carvalho,50,Agronomia,Pirapora,RJ,9.45
20264876,Flavia Lima Costa,46,Ciencia da Computacao,Almenara,GO,6.7
20264877,Eduardo Nunes Almeida,54,Engenharia Eletrica,Janauba,ES,6.51
20264878,Matheus Lima Dias,44,Ciencia da Computacao,Brasilia de Minas,RJ,8.95
20264879,Rodrigo Costa Oliveira Carvalho,45,Matematica,Montes Claros,RJ,8.4
20264880,Caio Oliveira,29,Administracao,Salinas,BA,6.26
20264881,Matheus Almeida Ferreira Lima,27,Fisica,Januaria,DF,8.99
20264882,Joao Machado Nunes,38,Engenharia de Software,Montes Claros,SP,6.15
20264883,Tatiana Costa Pereira,44,Matematica,Porteirinha,BA,6.64
20264884,Rodrigo Machado Rodrigues Freitas,53,Fisica,Montes Claros,SP,7.71
20264885,Camila Oliveira,39,Direito,Diamantina,BA,5.57
20264886,Joao Monteiro Monteiro,42,Engenharia de Software,Sao Francisco,SP,9.08
20264887,Helena Rocha,25,Ciencia da Computacao,Juiz de Fora,MG,9.87
20264888,Debora Ramos Silva,41,Sistemas de Informacao,Governador Valadares,SP,5.18
20264889,Natalia Fernandes Vieira,23,Sistemas de Informacao,Belo Horizonte,SP,9.55
20264890,Felipe Pinto Machado,29,Medicina,Ouro Preto,RJ,7.92
20264891,Rafaela Rocha Machado Santos,20,Administracao,Teofilo Otoni,SP,8.26
20264892,Fernanda Cardoso,55,Direito,Sao Francisco,MG,9.24
20264893,Camila Soares Pinto,39,Analise e Desenvolvimento de Sistemas,Salinas,DF,9.8
20264894,Nicolas Fernandes Soares,39,Agronomia,Montes Claros,GO,5.32
20264895,Isabela Costa Pereira Martins,35,Administracao,Salinas,RJ,6.36
20264896,Alexandre Gomes Machado,39,Analise e Desenvolvimento de Sistemas,Almenara,DF,5.69
20264897,Samuel Mendes Oliveira Teixeira,24,Ciencia da Computacao,Pirapora,SP,7.59
20264898,Amanda Mendes,22,Matematica,Ouro Preto,ES,6.34
20264899,Leticia Castro Soares Lopes,46,Engenharia de Software,Ouro Preto,GO,8.75
20264900,Helena Lima Nunes Teixeira,25,Direito,Governador Valadares,BA,5.04
20264901,Bruno Rocha,50,Agronomia,Curvelo,ES,9.28
20264902,Rodrigo Oliveira Cavalcanti,25,Engenharia de Software,Montes Claros,BA,6.06
20264903,Bruno Dias Oliveira Monteiro,25,Quimica,Januaria,SP,6.85
20264904,Pedro Dias Moura Machado,55,Matematica,Januaria,GO,5.9
20264905,Rafaela Rodrigues,24,Administracao,Uberlandia,ES,6.49
20264906,Igor Rodrigues,28,Engenharia de Software,Uberlandia,RJ,9.06
20264907,Juliana Teixeira Pereira Gomes,40,Matematica,Lavras,DF,5.93
20264908,Daniela Freitas Fernandes Brito,50,Agronomia,Porteirinha,ES,9.42
20264909,Gustavo Rodrigues Ribeiro Moreira,18,Matematica,Almenara,MG,6.2
20264910,Samuel Machado,41,Administracao,Sao Francisco,RJ,8.51
20264911,Guilherme Nunes Nascimento Ramos,50,Fisica,Pirapora,BA,5.11
20264912,Luana Nascimento Souza Barbosa,33,Agronomia,Curvelo,GO,8.69
20264913,Gabriel Nunes Fernandes,40,Ciencia da Computacao,Lavras,RJ,5.71
20264914,Thiago Rocha Martins Lima,26,Analise e Desenvolvimento de Sistemas,Montes Claros,RJ,9.88
20264915,Leticia Ramos Moreira Soares,24,Sistemas de Informacao,Uberlandia,MG,9.37
20264916,Thiago Andrade Andrade,49,Engenharia de Software,Janauba,ES,6.94
20264917,Ana Rocha Teixeira,30,Matematica,Diamantina,SP,9.33
20264918,Pedro Andrade,35,Fisica,Porteirinha,DF,5.69
20264919,Rodrigo Moura Nascimento,54,Agronomia,Lavras,MG,7.89
20264920,Luana Moreira,41,Administracao,Governador Valadares,BA,5.87
20264921,Gustavo Marques Gomes,47,Administracao,Teofilo Otoni,BA,6.18
20264922,Fernanda Ribeiro Cardoso,39,Analise e Desenvolvimento de Sistemas,Porteirinha,MG,7.61
20264923,Gustavo Nascimento Dias,48,Agronomia,Januaria,BA,9.43
20264924,Igor Teixeira Santos Ferreira,47,Direito,Salinas,GO,9.77
20264925,Thiago Vieira Andrade,19,Sistemas de Informacao,Coronel Fabriciano,GO,8.72
20264926,Larissa Almeida Andrade,31,Engenharia de Software,Pirapora,DF,8.15
20264927,Luana Rodrigues Santos,31,Sistemas de Informacao,Diamantina,GO,8.43
20264928,Isabela Machado Freitas Medeiros,21,Administracao,Uberlandia,GO,7.38
20264929,Matheus Cardoso Lima Souza,24,Engenharia Eletrica,Januaria,SP,5.01
20264930,Samuel Lopes Freitas,53,Sistemas de Informacao,Coronel Fabriciano,MG,8.88
20264931,Joao Cardoso Cardoso,40,Fisica,Diamantina,BA,9.25
20264932,Vinicius Gomes Lima Rocha,31,Matematica,Diamantina,ES,5.64
20264933,Debora Ramos Cardoso,46,Sistemas de Informacao,Juiz de Fora,RJ,6.24
20264934,Beatriz Souza Costa,24,Fisica,Lavras,ES,9.3
20264935,Gabriel Vieira,51,Engenharia de Software,Uberlandia,MG,6.11
20264936,Camila Almeida Pinto,43,Quimica,Ouro Preto,RJ,7.66
20264937,Yasmin Ribeiro Santos,36,Direito,Janauba,GO,8.07
20264938,Leticia Lopes Andrade Teixeira,37,Direito,Vicosa,MG,9.31
20264939,Rafaela Pinto Ribeiro,51,Medicina,Diamantina,BA,8.16
20264940,Alexandre Barbosa,44,Engenharia Eletrica,Uberlandia,GO,8.26
20264941,Amanda Vieira Marques,46,Fisica,Juiz de Fora,ES,8.26
20264942,Thiago Moura,45,Analise e Desenvolvimento de Sistemas,Uberlandia,GO,9.51
20264943,Thiago Rocha Brito Vieira,38,Matematica,Almenara,GO,9.76
20264944,Leticia Dias,46,Sistemas de Informacao,Diamantina,GO,6.63
20264945,Fernanda Brito Fernandes,47,Analise e Desenvolvimento de Sistemas,Vicosa,RJ,7.8
20264946,Nicolas Teixeira,55,Administracao,Sao Francisco,SP,8.75
20264947,Luana Ramos Freitas,54,Engenharia Eletrica,Vicosa,ES,8.07
20264948,Igor Santos,20,Agronomia,Pirapora,MG,8.87
20264949,Samuel Ribeiro,50,Administracao,Uberlandia,ES,5.28
20264950,Fernanda Rocha,49,Medicina,Curvelo,SP,5.53
20264951,Carlos Medeiros Nunes Mendes,24,Fisica,Montes Claros,GO,7.51
20264952,Samuel Nascimento,50,Quimica,Vicosa,BA,6.34
20264953,Matheus Vieira Pinto,43,Administracao,Sao Francisco,GO,8.23
20264954,Camila Martins Oliveira,40,Engenharia Eletrica,Juiz de Fora,MG,7.87
20264955,Beatriz Rodrigues,29,Fisica,Belo Horizonte,DF,9.46
20264956,Rafaela Rocha Almeida,45,Direito,Sao Francisco,GO,7.19
20264957,Joao Carvalho Soares,26,Administracao,Janauba,ES,9.19
20264958,Olivia Rodrigues Silva,37,Quimica,Curvelo,RJ,7.94
20264959,Matheus Cardoso Rodrigues,29,Agronomia,Montes Claros,DF,7.02
20264960,Thiago Castro Oliveira Cardoso,34,Administracao,Coronel Fabriciano,GO,9.8
20264961,Natalia Fernandes Cardoso,27,Quimica,Salinas,RJ,5.59
20264962,Vinicius Almeida Andrade Moreira,45,Agronomia,Diamantina,DF,9.85
20264963,Juliana Nascimento,30,Administracao,Curvelo,SP,8.5
20264964,Alexandre Cavalcanti Mendes Moreira,49,Analise e Desenvolvimento de Sistemas,Janauba,GO,5.05
20264965,Fernanda Souza Ramos Ribeiro,51,Quimica,Diamantina,GO,7.92
20264966,Enzo Fernandes Marques Rodrigues,29,Fisica,Coronel Fabriciano,MG,6.28
20264967,Gustavo Carvalho Nunes,33,Engenharia Eletrica,Curvelo,RJ,5.86
20264968,Joao Dias Nunes Barbosa,34,Analise e Desenvolvimento de Sistemas,Curvelo,DF,8.73
20264969,Eduardo Castro Dias,43,Administracao,Belo Horizonte,MG,5.3
20264970,Enzo Gomes Pereira,21,Medicina,Salinas,RJ,6.27
20264971,Larissa Souza Barbosa,50,Engenharia Eletrica,Salinas,BA,8.63
20264972,Nicolas Cardoso Lopes,44,Medicina,Teofilo Otoni,RJ,9.52
20264973,Gustavo Rocha Pinto Cavalcanti,43,Direito,Juiz de Fora,RJ,8.42
20264974,Yasmin Moura Pinto,55,Quimica,Januaria,RJ,5.44
20264975,Amanda Castro,42,Matematica,Governador Valadares,MG,6.6
20264976,Mariana Cardoso Silva Souza,26,Matematica,Diamantina,BA,8.8
20264977,Olivia Lima Nunes Teixeira,54,Analise e Desenvolvimento de Sistemas,Vicosa,DF,6.28
20264978,Eduardo Lopes,45,Agronomia,Ouro Preto,SP,5.37
20264979,Fernanda Lima Castro,22,Agronomia,Porteirinha,BA,8.43
20264980,Eduardo Pinto Nascimento,44,Engenharia Eletrica,Vicosa,RJ,8.27
20264981,Beatriz Monteiro Castro Costa,27,Analise e Desenvolvimento de Sistemas,Sao Francisco,SP,9.33
20264982,Alexandre Monteiro Ramos,19,Administracao,Belo Horizonte,MG,8.84
20264983,Juliana Monteiro,29,Matematica,Diamantina,DF,6.15
20264984,Felipe Mendes Moura Brito,49,Engenharia Eletrica,Sao Francisco,GO,9.38
20264985,Gustavo Marques Barbosa,49,Sistemas de Informacao,Uberlandia,ES,8.25
20264986,Natalia Fernandes Marques Fernandes,41,Medicina,Januaria,RJ,8.35
20264987,Rafaela Alves Silva Pereira,53,Medicina,Januaria,ES,7.68
20264988,Matheus Rocha Nunes Barbosa,40,Ciencia da Computacao,Janauba,ES,5.54
20264989,Camila Silva,24,Ciencia da Computacao,Ouro Preto,GO,7.72
20264990,Guilherme Ramos Castro,49,Engenharia de Software,Porteirinha,RJ,7.13
20264991,Joao Cavalcanti Monteiro,45,Administracao,Belo Horizonte,DF,6.88
20264992,Enzo Dias Lopes,32,Analise e Desenvolvimento de Sistemas,Brasilia de Minas,DF,7.18
20264993,Thiago Marques Almeida,30,Direito,Curvelo,DF,5.72
20264994,Isabela Costa Teixeira Pereira,22,Medicina,Montes Claros,BA,6.07
20264995,Leticia Ramos Lopes,36,Medicina,Januaria,SP,9.72
20264996,Vinicius Silva,38,Fisica,Montes Claros,SP,7.32
20264997,Bruno Brito Cardoso Medeiros,45,Sistemas de Informacao,Governador Valadares,MG,6.32
20264998,Natalia Mendes Lopes Marques,42,Ciencia da Computacao,Curvelo,ES,8.68
20264999,Amanda Pereira Castro Monteiro,23,Direito,Brasilia de Minas,RJ,9.79
20265000,Isabela Andrade Carvalho,46,Fisica,Lavras,ES,6.72
20265001,Yasmin Teixeira Castro,40,Fisica,Sao Francisco,RJ,5.57
20265002,Luana Cavalcanti,34,Engenharia de Software,Porteirinha,DF,8.54
20265003,Eduardo Machado Lopes Medeiros,38,Sistemas de Informacao,Janauba,RJ,6.23
20265004,Tatiana Lopes Mendes,28,Engenharia Eletrica,Almenara,BA,7.49
20265005,Joao Andrade Moreira,22,Matematica,Salinas,ES,8.7
20265006,Matheus Dias Andrade Ramos,55,Fisica,Ouro Preto,DF,9.77
20265007,Mariana Castro,20,Fisica,Montes Claros,MG,6.59
20265008,Vinicius Nascimento,25,Direito,Diamantina,RJ,6.58
20265009,Carlos Rocha Medeiros,22,Matematica,Diamantina,SP,6.48
20265010,Guilherme Lima,48,Engenharia Eletrica,Almenara,BA,7.99
20265011,Daniela Marques Dias,33,Analise e Desenvolvimento de Sistemas,Sao Francisco,DF,5.95
20265012,Luana Cardoso Rocha Pinto,52,Ciencia da Computacao,Curvelo,RJ,9.89
20265013,Mariana Pereira,43,Ciencia da Computacao,Lavras,RJ,7.74
20265014,Alexandre Cardoso Teixeira Monteiro,27,Quimica,Vicosa,BA,7.28
20265015,Rafaela Souza Pinto Cardoso,47,Analise e Desenvolvimento de Sistemas,Curvelo,GO,8.98
20265016,Isabela Moreira Marques Santos,54,Direito,Curvelo,RJ,7.47
20265017,Beatriz Silva Souza,36,Engenharia de Software,Sao Francisco,GO,5.23
20265018,Gustavo Nunes Costa Brito,19,Fisica,Salinas,MG,9.55
20265019,Mariana Gomes Nunes,40,Sistemas de Informacao,Juiz de Fora,ES,5.78
20265020,Rafaela Santos Dias,37,Fisica,Salinas,GO,6.72
20265021,Eduardo Freitas Mendes,38,Analise e Desenvolvimento de Sistemas,Curvelo,ES,9.12
20265022,Joao Costa Fernandes Rocha,53,Engenharia Eletrica,Curvelo,DF,9.15
20265023,Carlos Teixeira Teixeira,37,Ciencia da Computacao,Vicosa,SP,8.49
20265024,Leticia Silva Andrade Martins,43,Medicina,Governador Valadares,GO,7.34
20265025,Olivia Brito Andrade,20,Direito,Montes Claros,SP,5.4
20265026,Carlos Marques,44,Direito,Teofilo Otoni,MG,8.82
20265027,Alexandre Moreira Monteiro,33,Agronomia,Juiz de Fora,DF,5.14
20265028,Matheus Moura Dias Almeida,46,Matematica,Ouro Preto,DF,5.76
20265029,Thiago Costa Barbosa,23,Analise e Desenvolvimento de Sistemas,Vicosa,MG,7.35
20265030,Isabela Martins,54,Ciencia da Computacao,Lavras,SP,7.6
20265031,Leticia Soares,50,Analise e Desenvolvimento de Sistemas,Uberlandia,DF,9.57
20265032,Helena Machado Mendes,28,Analise e Desenvolvimento de Sistemas,Ouro Preto,RJ,7.09
20265033,Carlos Nunes Cardoso,48,Medicina,Sao Francisco,ES,6.74
20265034,Alexandre Vieira Alves Silva,38,Quimica,Juiz de Fora,RJ,9.41
20265035,Ana Vieira,20,Sistemas de Informacao,Janauba,GO,9.04
20265036,Luana Teixeira Monteiro Rodrigues,19,Fisica,Ouro Preto,SP,8.95
20265037,Juliana Carvalho Dias,49,Agronomia,Brasilia de Minas,DF,6.76
20265038,Juliana Oliveira Moura,19,Sistemas de Informacao,Brasilia de Minas,MG,5.08
20265039,Debora Souza Freitas,37,Matematica,Diamantina,MG,6.99
20265040,Helena Machado,25,Engenharia Eletrica,Janauba,GO,6.8
20265041,Isabela Ferreira Almeida,36,Ciencia da Computacao,Porteirinha,RJ,8.25
20265042,Carlos Oliveira Barbosa,39,Agronomia,Brasilia de Minas,MG,9.65
20265043,Igor Lima Cardoso,19,Administracao,Curvelo,ES,8.34
20265044,Enzo Barbosa Castro Barbosa,33,Medicina,Uberlandia,GO,6.71
20265045,Rodrigo Oliveira Almeida,43,Analise e Desenvolvimento de Sistemas,Ouro Preto,BA,6.98
20265046,Lucas Barbosa Andrade,38,Agronomia,Pirapora,RJ,5.19
20265047,Rafaela Nascimento Rodrigues Vieira,29,Engenharia de Software,Porteirinha,GO,8.12
20265048,Guilherme Nunes Lopes Castro,20,Ciencia da Computacao,Januaria,SP,6.75
20265049,Leticia Santos Fernandes,53,Agronomia,Uberlandia,RJ,8.1
20265050,Gabriel Barbosa Silva Medeiros,42,Engenharia Eletrica,Juiz de Fora,MG,7.77
20265051,Joao Carvalho Rodrigues,49,Ciencia da Computacao,Curvelo,ES,9.75
20265052,Guilherme Cavalcanti Monteiro Alves,32,Ciencia da Computacao,Diamantina,DF,8.07
20265053,Gustavo Alves Ribeiro,53,Engenharia Eletrica,Sao Francisco,MG,5.5
20265054,Samuel Marques Moreira,27,Medicina,Juiz de Fora,BA,5.55
20265055,Pedro Marques Alves Lima,46,Administracao,Curvelo,ES,7.22
20265056,Lucas Pinto,40,Direito,Curvelo,SP,7.39
20265057,Leticia Souza Medeiros,50,Matematica,Juiz de Fora,MG,7.28
20265058,Pedro Ferreira Dias,49,Engenharia Eletrica,Uberlandia,MG,9.38
20265059,Fernanda Soares,34,Direito,Salinas,RJ,6.63
20265060,Samuel Alves Andrade Ribeiro,45,Engenharia de Software,Brasilia de Minas,SP,8.34
20265061,Juliana Castro Marques,36,Quimica,Sao Francisco,SP,5.42
20265062,Thiago Pereira Almeida,47,Agronomia,Januaria,SP,7.92
20265063,Isabela Lima Santos,30,Agronomia,Belo Horizonte,RJ,6.21
20265064,Alexandre Costa Barbosa,29,Direito,Uberlandia,MG,8.45
20265065,Helena Barbosa Machado,34,Engenharia de Software,Montes Claros,DF,5.83
20265066,Nicolas Nascimento Martins,36,Sistemas de Informacao,Janauba,SP,6.67
20265067,Nicolas Gomes,45,Quimica,Almenara,DF,5.43
20265068,Helena Andrade Nascimento,22,Ciencia da Computacao,Curvelo,GO,6.72
20265069,Debora Gomes Cardoso Dias,18,Medicina,Coronel Fabriciano,ES,7.47
20265070,Tatiana Moura,29,Quimica,Montes Claros,RJ,5.77
20265071,Flavia Martins,31,Engenharia de Software,Januaria,GO,8.25
20265072,Olivia Ramos Moura,24,Quimica,Diamantina,BA,6.99
20265073,Rafaela Lopes,27,Administracao,Almenara,RJ,7.19
20265074,Joao Vieira Machado Brito,39,Agronomia,Lavras,DF,5.61
20265075,Vinicius Moreira Cavalcanti,46,Fisica,Juiz de Fora,DF,6.44
20265076,Thiago Vieira Fernandes,30,Engenharia Eletrica,Belo Horizonte,RJ,7.4
20265077,Natalia Costa Nunes,44,Agronomia,Porteirinha,GO,8.99
20265078,Ana Dias Almeida Nunes,45,Direito,Lavras,BA,8.74
20265079,Eduardo Nunes,25,Quimica,Belo Horizonte,DF,5.53
20265080,Ana Dias Lopes,37,Ciencia da Computacao,Belo Horizonte,ES,8.33
20265081,Nicolas Alves Rocha,24,Agronomia,Montes Claros,MG,6.95
20265082,Ana Costa Lopes,45,Sistemas de Informacao,Ouro Preto,MG,9.26
20265083,Pedro Teixeira Moura Brito,41,Analise e Desenvolvimento de Sistemas,Salinas,MG,6.73
20265084,Rafaela Medeiros Cardoso Cavalcanti,24,Medicina,Vicosa,BA,6.27
20265085,Alexandre Pinto,23,Ciencia da Computacao,Coronel Fabriciano,DF,7.09
20265086,Mariana Lopes Moreira,40,Ciencia da Computacao,Brasilia de Minas,RJ,5.19
20265087,Mariana Gomes,37,Direito,Ouro Preto,GO,7.97
20265088,Beatriz Alves,53,Quimica,Almenara,DF,9.7
20265089,Gabriel Lopes Dias,20,Administracao,Almenara,MG,5.3
20265090,Eduardo Rocha Cardoso,55,Direito,Montes Claros,RJ,5.67
20265091,Camila Rodrigues Oliveira,54,Matematica,Vicosa,GO,6.73
20265092,Isabela Moura Nunes Marques,41,Ciencia da Computacao,Ouro Preto,BA,7.05
20265093,Flavia Monteiro,28,Engenharia Eletrica,Brasilia de Minas,MG,7.17
20265094,Nicolas Souza Moura,47,Engenharia Eletrica,Porteirinha,DF,5.97
20265095,Luana Silva,27,Ciencia da Computacao,Januaria,SP,9.14
20265096,Flavia Ribeiro Nunes Oliveira,48,Ciencia da Computacao,Teofilo Otoni,GO,9.59
20265097,Rodrigo Rocha Mendes,51,Quimica,Ouro Preto,DF,7.6
20265098,Pedro Costa,47,Analise e Desenvolvimento de Sistemas,Ouro Preto,MG,9.36
20265099,Juliana Castro Carvalho Ribeiro,26,Matematica,Juiz de Fora,GO,8.33
20265100,Alexandre Soares Oliveira Pereira,36,Matematica,Diamantina,ES,8.35
20265101,Vinicius Ramos Andrade Vieira,33,Fisica,Salinas,ES,7.63
20265102,Debora Castro Fernandes Freitas,52,Ciencia da Computacao,Januaria,RJ,8.99
20265103,Thiago Ribeiro Fernandes Machado,31,Administracao,Uberlandia,ES,9.1
20265104,Caio Andrade Andrade,19,Engenharia de Software,Janauba,ES,6.2
20265105,Carlos Silva Ramos,47,Ciencia da Computacao,Governador Valadares,ES,5.27
20265106,Joao Gomes,24,Fisica,Salinas,DF,6.11
20265107,Amanda Teixeira Silva,36,Analise e Desenvolvimento de Sistemas,Belo Horizonte,BA,5.54
20265108,Guilherme Pinto Marques Soares,19,Engenharia Eletrica,Januaria,MG,6.53
20265109,Luana Martins,31,Medicina,Teofilo Otoni,MG,9.16
20265110,Mariana Moreira Souza,54,Analise e Desenvolvimento de Sistemas,Salinas,RJ,8.64
20265111,Enzo Nunes,32,Analise e Desenvolvimento de Sistemas,Pirapora,RJ,5.46
20265112,Leticia Gomes,30,Engenharia Eletrica,Montes Claros,MG,7.33
20265113,Helena Castro Pinto,36,Medicina,Juiz de Fora,GO,6.23
20265114,Helena Castro Medeiros,41,Ciencia da Computacao,Ouro Preto,MG,7.93
20265115,Ana Dias Marques Mendes,32,Fisica,Sao Francisco,BA,8.93
20265116,Debora Castro Andrade Ferreira,48,Administracao,Diamantina,SP,5.89
20265117,Bruno Gomes,29,Agronomia,Coronel Fabriciano,RJ,9.87
20265118,Guilherme Rocha,45,Ciencia da Computacao,Teofilo Otoni,SP,7.85
20265119,Debora Mendes Mendes Mendes,36,Engenharia Eletrica,Brasilia de Minas,ES,5.21
20265120,Natalia Dias Martins,27,Sistemas de Informacao,Vicosa,DF,8.34
20265121,Natalia Nascimento Costa Nunes,25,Medicina,Lavras,RJ,9.63
20265122,Camila Castro Pereira,43,Quimica,Ouro Preto,DF,6.22
20265123,Gabriel Rocha Pereira,23,Engenharia Eletrica,Porteirinha,BA,8.54
20265124,Vinicius Teixeira,37,Medicina,Brasilia de Minas,RJ,7.15
20265125,Olivia Mendes,22,Quimica,Vicosa,DF,9.34
20265126,Thiago Silva Marques,43,Matematica,Janauba,SP,9.43
20265127,Daniela Cavalcanti Nascimento,48,Quimica,Montes Claros,BA,6.25
20265128,Fernanda Ramos Nunes Ferreira,47,Ciencia da Computacao,Coronel Fabriciano,MG,6.01
20265129,Helena Alves Lima Mendes,31,Agronomia,Diamantina,DF,5.44
20265130,Fernanda Freitas Costa Santos,33,Medicina,Vicosa,ES,6.87
20265131,Isabela Soares Silva Santos,22,Matematica,Salinas,GO,8.8
20265132,Alexandre Vieira Lima,43,Quimica,Januaria,GO,9.38
20265133,Juliana Vieira Rodrigues,25,Administracao,Porteirinha,BA,6.33
20265134,Yasmin Rodrigues Pereira,34,Direito,Janauba,SP,8.23
20265135,Juliana Fernandes Moura Gomes,26,Analise e Desenvolvimento de Sistemas,Januaria,GO,7.08
20265136,Vinicius Lima Rodrigues Ferreira,45,Agronomia,Porteirinha,RJ,5.27
20265137,Gustavo Nascimento Alves,39,Matematica,Almenara,BA,6.37
20265138,Flavia Rocha Gomes,22,Direito,Brasilia de Minas,RJ,6.26
20265139,Pedro Alves,45,Engenharia de Software,Curvelo,DF,6.54
20265140,Alexandre Vieira Alves,24,Quimica,Belo Horizonte,RJ,9.8
20265141,Gabriel Almeida Vieira Machado,33,Fisica,Pirapora,DF,8.35
20265142,Felipe Castro Oliveira Cardoso,52,Administracao,Curvelo,DF,8.35
20265143,Enzo Souza Pereira,53,Agronomia,Diamantina,MG,6.34
20265144,Alexandre Fernandes Vieira,49,Engenharia de Software,Vicosa,BA,6.17
20265145,Debora Castro Cardoso Lopes,45,Matematica,Vicosa,MG,5.46
20265146,Debora Gomes Andrade,33,Engenharia Eletrica,Vicosa,DF,9.23
20265147,Ana Medeiros,31,Direito,Montes Claros,MG,9.47
20265148,Alexandre Brito,43,Agronomia,Curvelo,GO,7.19
20265149,Luana Nascimento Costa,54,Ciencia da Computacao,Janauba,GO,8.86
20265150,Carlos Castro Nascimento Cardoso,54,Sistemas de Informacao,Lavras,MG,7.6
20265151,Juliana Moreira Nunes,50,Ciencia da Computacao,Coronel Fabriciano,BA,8.63
20265152,Mariana Vieira Rodrigues,45,Fisica,Pirapora,MG,7.92
20265153,Carlos Moreira Ribeiro Ramos,50,Fisica,Governador Valadares,MG,7.5
20265154,Daniela Nunes Teixeira,30,Engenharia Eletrica,Pirapora,BA,9.7
20265155,Larissa Pinto Dias Castro,26,Agronomia,Almenara,DF,9.05
20265156,Rafaela Ferreira,29,Medicina,Coronel Fabriciano,RJ,7.44
20265157,Olivia Moura Nascimento,45,Engenharia Eletrica,Uberlandia,BA,8.38
20265158,Samuel Ferreira Martins,35,Sistemas de Informacao,Vicosa,GO,8.47
20265159,Nicolas Rocha,49,Analise e Desenvolvimento de Sistemas,Vicosa,DF,6.25
20265160,Gabriel Barbosa Gomes Silva,34,Sistemas de Informacao,Januaria,RJ,7.91
20265161,Samuel Pereira Andrade Teixeira,47,Engenharia Eletrica,Governador Valadares,GO,8.02
20265162,Daniela Dias,54,Sistemas de Informacao,Janauba,BA,9.67
20265163,Ana Medeiros Andrade Nascimento,53,Direito,Vicosa,ES,8.92
20265164,Pedro Nunes Vieira Ribeiro,49,Analise e Desenvolvimento de Sistemas,Juiz de Fora,ES,6.71
20265165,Camila Alves,45,Fisica,Salinas,BA,7.86
20265166,Alexandre Alves,24,Fisica,Salinas,BA,8.21
20265167,Bruno Cardoso,39,Analise e Desenvolvimento de Sistemas,Sao Francisco,DF,8.31
20265168,Samuel Nunes,54,Engenharia de Software,Lavras,DF,8.8
20265169,Gabriel Costa Carvalho,26,Quimica,Almenara,BA,6.12
20265170,Carlos Monteiro,48,Analise e Desenvolvimento de Sistemas,Lavras,DF,6.58
20265171,Matheus Souza Medeiros Barbosa,31,Matematica,Pirapora,BA,7.35
20265172,Caio Monteiro Mendes Moura,31,Direito,Governador Valadares,BA,5.61
20265173,Helena Machado Monteiro Ribeiro,26,Administracao,Januaria,ES,5.03
20265174,Gustavo Carvalho Mendes Rodrigues,41,Engenharia Eletrica,Governador Valadares,BA,5.37
20265175,Felipe Barbosa Fernandes,52,Agronomia,Diamantina,ES,5.02
20265176,Tatiana Mendes Almeida,52,Engenharia Eletrica,Pirapora,BA,8.89
20265177,Samuel Medeiros Fernandes,43,Sistemas de Informacao,Brasilia de Minas,DF,6.79
20265178,Joao Ramos Silva,18,Medicina,Diamantina,SP,6.58
20265179,Camila Lima Carvalho Soares,53,Quimica,Pirapora,GO,5.61
20265180,Leticia Ribeiro Medeiros,32,Agronomia,Janauba,MG,8.95
20265181,Felipe Fernandes,49,Direito,Curvelo,ES,8.74
20265182,Rodrigo Ramos Nascimento Almeida,47,Engenharia Eletrica,Sao Francisco,RJ,8.77
20265183,Rafaela Carvalho,20,Direito,Montes Claros,RJ,7.01
20265184,Natalia Souza Nunes,31,Analise e Desenvolvimento de Sistemas,Salinas,MG,7.81
20265185,Isabela Ferreira Alves Pinto,39,Medicina,Diamantina,MG,7.92
20265186,Helena Martins Soares,21,Analise e Desenvolvimento de Sistemas,Vicosa,RJ,8.05
20265187,Ana Carvalho Ramos Medeiros,31,Ciencia da Computacao,Uberlandia,MG,8.97
20265188,Daniela Silva Vieira,41,Agronomia,Almenara,MG,7.34
20265189,Flavia Ribeiro Fernandes Mendes,37,Sistemas de Informacao,Brasilia de Minas,RJ,7.74
20265190,Rafaela Gomes Andrade Rocha,21,Administracao,Janauba,DF,5.66
20265191,Bruno Dias Almeida,42,Direito,Governador Valadares,GO,5.59
20265192,Joao Costa,20,Matematica,Sao Francisco,RJ,7.69
20265193,Gustavo Santos Almeida,38,Quimica,Janauba,MG,9.51
20265194,Thiago Castro Marques,52,Quimica,Porteirinha,SP,6.58
20265195,Joao Cavalcanti Ferreira,46,Engenharia de Software,Brasilia de Minas,BA,5.16
20265196,Daniela Andrade Ferreira,41,Quimica,Janauba,RJ,7.37
20265197,Ana Medeiros Ribeiro Souza,25,Quimica,Coronel Fabriciano,GO,7.44
20265198,Gustavo Lopes Oliveira,19,Engenharia Eletrica,Diamantina,SP,9.23
20265199,Carlos Nascimento,52,Ciencia da Computacao,Coronel Fabriciano,GO,7.35
20265200,Samuel Fernandes Machado,40,Engenharia de Software,Lavras,SP,5.03
20265201,Carlos Vieira,20,Ciencia da Computacao,Brasilia de Minas,GO,7.02
20265202,Samuel Brito Freitas Moreira,51,Analise e Desenvolvimento de Sistemas,Brasilia de Minas,GO,9.74
20265203,Caio Costa Andrade Marques,19,Engenharia de Software,Ouro Preto,ES,7.96
20265204,Flavia Machado Lima Rocha,46,Administracao,Januaria,MG,9.73
20265205,Matheus Castro Dias,23,Engenharia Eletrica,Lavras,MG,5.84
20265206,Enzo Nascimento Ribeiro Andrade,21,Agronomia,Pirapora,SP,7.77
20265207,Yasmin Lopes Alves,39,Ciencia da Computacao,Juiz de Fora,DF,9.11
20265208,Natalia Soares Rodrigues Machado,35,Direito,Vicosa,DF,8.75
20265209,Enzo Martins Alves Oliveira,32,Sistemas de Informacao,Diamantina,MG,7.86
20265210,Daniela Costa Andrade,37,Administracao,Pirapora,RJ,7.5
20265211,Tatiana Moreira Pinto Marques,36,Medicina,Lavras,ES,9.42
20265212,Yasmin Ferreira,52,Analise e Desenvolvimento de Sistemas,Teofilo Otoni,ES,9.38
20265213,Fernanda Lopes,46,Fisica,Almenara,SP,9.61
20265214,Tatiana Ramos Castro,28,Matematica,Juiz de Fora,GO,8.51
20265215,Fernanda Fernandes Barbosa Moura,54,Engenharia de Software,Montes Claros,MG,7.81
20265216,Beatriz Cavalcanti Soares,43,Analise e Desenvolvimento de Sistemas,Curvelo,BA,8.16
20265217,Rodrigo Ramos Monteiro,19,Fisica,Vicosa,DF,6.2
20265218,Matheus Marques Soares,54,Direito,Belo Horizonte,RJ,7.6
20265219,Tatiana Gomes Nascimento,25,Matematica,Pirapora,DF,7.64
20265220,Igor Cavalcanti,54,Direito,Brasilia de Minas,RJ,7.13
20265221,Isabela Nunes Souza,23,Matematica,Pirapora,ES,5.93
20265222,Enzo Soares Lima,39,Matematica,Governador Valadares,BA,5.55
20265223,Amanda Ramos Silva,51,Medicina,Uberlandia,DF,9.2
20265224,Helena Santos Andrade,45,Quimica,Belo Horizonte,DF,9.37
20265225,Guilherme Ramos Oliveira,37,Engenharia de Software,Juiz de Fora,RJ,9.73
20265226,Helena Fernandes Oliveira Nascimento,46,Direito,Januaria,BA,9.75
20265227,Bruno Ferreira Andrade Andrade,36,Engenharia de Software,Governador Valadares,SP,5.18
20265228,Luana Brito Cavalcanti Rocha,47,Medicina,Almenara,SP,6.91
20265229,Natalia Soares Fernandes,53,Engenharia de Software,Sao Francisco,SP,8.59
20265230,Matheus Moreira Marques Carvalho,33,Medicina,Porteirinha,BA,5.02
20265231,Beatriz Santos Medeiros Dias,31,Ciencia da Computacao,Juiz de Fora,BA,7.31
20265232,Igor Moura Gomes Cardoso,42,Matematica,Janauba,GO,7.49
20265233,Daniela Monteiro Pinto,35,Sistemas de Informacao,Uberlandia,DF,6.98
20265234,Isabela Brito Cavalcanti,19,Fisica,Teofilo Otoni,DF,7.28
20265235,Yasmin Soares Cavalcanti,29,Fisica,Governador Valadares,DF,8.94
20265236,Debora Oliveira Souza,48,Matematica,Coronel Fabriciano,DF,5.5
20265237,Matheus Ramos Freitas,51,Engenharia de Software,Almenara,SP,7.41
20265238,Vinicius Medeiros Rodrigues,55,Engenharia Eletrica,Coronel Fabriciano,BA,9.63
20265239,Beatriz Santos Cardoso,29,Medicina,Governador Valadares,BA,6.69
20265240,Gustavo Rodrigues,40,Administracao,Governador Valadares,RJ,7.6
20265241,Rodrigo Gomes Carvalho,21,Direito,Januaria,MG,7.57
20265242,Yasmin Pinto,19,Sistemas de Informacao,Belo Horizonte,DF,7.35
20265243,Isabela Medeiros Ribeiro,35,Matematica,Brasilia de Minas,MG,7.71
20265244,Enzo Medeiros,40,Matematica,Governador Valadares,MG,5.58
20265245,Thiago Barbosa Marques,34,Ciencia da Computacao,Diamantina,MG,9.86
20265246,Leticia Freitas Castro,24,Engenharia de Software,Uberlandia,SP,7.89
20265247,Fernanda Gomes,19,Analise e Desenvolvimento de Sistemas,Diamantina,ES,8.99
20265248,Daniela Andrade Castro Moreira,45,Fisica,Uberlandia,GO,7.84
20265249,Thiago Vieira,30,Agronomia,Belo Horizonte,GO,7.36
20265250,Vinicius Costa Moura Teixeira,37,Administracao,Diamantina,RJ,8.53
20265251,Leticia Rocha Souza,33,Ciencia da Computacao,Teofilo Otoni,DF,7.2
20265252,Fernanda Freitas Medeiros Carvalho,22,Administracao,Teofilo Otoni,SP,5.23
20265253,Caio Martins Costa Machado,46,Matematica,Governador Valadares,BA,6.36
20265254,Yasmin Teixeira Lopes Freitas,27,Administracao,Ouro Preto,GO,7.26
20265255,Amanda Lopes Teixeira Moura,54,Engenharia de Software,Governador Valadares,MG,8.93
20265256,Isabela Mendes Costa Teixeira,49,Direito,Porteirinha,RJ,8.86
20265257,Luana Ferreira Souza,36,Ciencia da Computacao,Juiz de Fora,RJ,8.45
20265258,Lucas Castro Moreira Brito,42,Medicina,Teofilo Otoni,DF,8.67
20265259,Alexandre Ramos,32,Engenharia Eletrica,Lavras,MG,5.69
20265260,Samuel Rodrigues Silva,47,Engenharia Eletrica,Curvelo,MG,5.66
20265261,Tatiana Lopes Lopes Freitas,21,Sistemas de Informacao,Uberlandia,SP,7.15
20265262,Vinicius Brito Nunes Almeida,40,Medicina,Montes Claros,MG,7.85
20265263,Eduardo Ferreira Santos,25,Quimica,Janauba,ES,6.48
20265264,Pedro Ferreira Almeida,48,Ciencia da Computacao,Januaria,GO,8.42
20265265,Larissa Fernandes,54,Analise e Desenvolvimento de Sistemas,Salinas,RJ,6.76
20265266,Natalia Almeida Silva Ribeiro,24,Quimica,Juiz de Fora,BA,7.22
20265267,Gustavo Cardoso Oliveira,23,Ciencia da Computacao,Pirapora,GO,9.32
20265268,Lucas Marques Costa,22,Agronomia,Governador Valadares,DF,5.77
20265269,Samuel Silva Silva Marques,22,Analise e Desenvolvimento de Sistemas,Lavras,RJ,6.64
20265270,Amanda Machado Nunes Souza,28,Fisica,Janauba,DF,5.42
20265271,Rafaela Dias Cavalcanti Oliveira,35,Direito,Salinas,MG,9.07
20265272,Bruno Oliveira Barbosa Dias,21,Engenharia Eletrica,Janauba,GO,6.19
20265273,Helena Medeiros,38,Matematica,Uberlandia,MG,9.07
20265274,Flavia Castro,30,Quimica,Porteirinha,DF,9.54
20265275,Natalia Castro Machado Marques,21,Medicina,Porteirinha,ES,9.13
20265276,Juliana Rocha Cardoso,40,Ciencia da Computacao,Porteirinha,BA,5.88
20265277,Samuel Souza Moreira,55,Engenharia de Software,Lavras,RJ,8.71
20265278,Natalia Dias Soares Alves,51,Sistemas de Informacao,Vicosa,DF,7.45
20265279,Yasmin Monteiro Monteiro Alves,42,Ciencia da Computacao,Sao Francisco,ES,5.1
20265280,Natalia Dias,40,Direito,Januaria,ES,5.83
20265281,Leticia Moreira Rocha,20,Engenharia de Software,Porteirinha,GO,6.42
20265282,Tatiana Lima Brito Soares,27,Quimica,Coronel Fabriciano,RJ,8.88
20265283,Felipe Souza,40,Ciencia da Computacao,Salinas,SP,9.01
20265284,Rodrigo Marques Ribeiro,44,Agronomia,Porteirinha,ES,9.64
20265285,Vinicius Gomes Soares,22,Administracao,Curvelo,GO,7.47
20265286,Ana Mendes Moreira,52,Engenharia Eletrica,Juiz de Fora,GO,5.05
20265287,Eduardo Soares Almeida,45,Medicina,Curvelo,RJ,5.76
20265288,Gustavo Freitas Nunes Marques,24,Fisica,Januaria,SP,6.23
20265289,Fernanda Rocha Oliveira Santos,49,Administracao,Montes Claros,MG,8.37
20265290,Caio Pereira Cavalcanti Silva,18,Direito,Vicosa,ES,6.23
20265291,Debora Andrade Freitas,45,Engenharia Eletrica,Lavras,GO,7.1
20265292,Carlos Machado Machado,49,Sistemas de Informacao,Salinas,ES,8.56
20265293,Mariana Monteiro Almeida Barbosa,55,Engenharia Eletrica,Porteirinha,BA,5.05
20265294,Juliana Pereira Andrade,28,Direito,Teofilo Otoni,GO,6.78
20265295,Pedro Martins Machado,47,Engenharia de Software,Januaria,ES,8.32
20265296,Carlos Nascimento,55,Matematica,Porteirinha,DF,6.4
20265297,Flavia Pinto Cavalcanti,52,Ciencia da Computacao,Salinas,BA,8.29
20265298,Flavia Lima,21,Agronomia,Belo Horizonte,RJ,5.47
20265299,Leticia Cavalcanti,20,Sistemas de Informacao,Sao Francisco,RJ,9.04
20265300,Eduardo Nunes,28,Quimica,Januaria,GO,8.2
20265301,Larissa Souza Almeida Andrade,39,Matematica,Sao Francisco,ES,5.52
20265302,Joao Moreira,22,Administracao,Uberlandia,BA,9.81
20265303,Caio Cavalcanti Nunes,30,Administracao,Januaria,BA,8.82
20265304,Enzo Teixeira Ramos,30,Sistemas de Informacao,Januaria,ES,5.73
20265305,Tatiana Andrade Oliveira,53,Ciencia da Computacao,Coronel Fabriciano,ES,6.31
20265306,Leticia Freitas Carvalho,53,Direito,Pirapora,DF,9.12
20265307,Vinicius Pereira Souza Souza,18,Administracao,Coronel Fabriciano,SP,7.65
20265308,Rafaela Medeiros Almeida,19,Ciencia da Computacao,Porteirinha,RJ,5.3
20265309,Alexandre Marques Silva Cavalcanti,49,Ciencia da Computacao,Coronel Fabriciano,SP,7.77
20265310,Rafaela Cardoso Andrade Brito,18,Engenharia de Software,Brasilia de Minas,RJ,9.33
20265311,Alexandre Monteiro Lopes Souza,34,Direito,Montes Claros,BA,7.39
20265312,Bruno Costa Freitas,45,Engenharia de Software,Sao Francisco,MG,9.89
20265313,Daniela Rocha,21,Engenharia Eletrica,Governador Valadares,ES,9.55
20265314,Natalia Dias Barbosa,48,Analise e Desenvolvimento de Sistemas,Ouro Preto,ES,8.8
20265315,Mariana Ramos Barbosa,19,Administracao,Teofilo Otoni,ES,5.81
20265316,Ana Mendes Costa,40,Medicina,Diamantina,BA,5.06
20265317,Felipe Andrade Rodrigues,38,Medicina,Januaria,MG,5.92
20265318,Larissa Ferreira,23,Direito,Ouro Preto,ES,7.32
20265319,Caio Silva Andrade Pereira,31,Matematica,Pirapora,ES,8.11
20265320,Bruno Nascimento,23,Engenharia de Software,Pirapora,BA,5.11
20265321,Ana Ramos Soares Oliveira,35,Quimica,Sao Francisco,MG,6.62
20265322,Olivia Carvalho Gomes,48,Administracao,Governador Valadares,BA,8.84
20265323,Thiago Pinto Soares,46,Analise e Desenvolvimento de Sistemas,Lavras,RJ,9.1
20265324,Thiago Gomes Andrade,29,Analise e Desenvolvimento de Sistemas,Governador Valadares,MG,6.84
20265325,Guilherme Martins,44,Ciencia da Computacao,Juiz de Fora,MG,5.73
20265326,Helena Carvalho Cardoso Carvalho,37,Matematica,Salinas,BA,8.16
20265327,Eduardo Medeiros Almeida,45,Administracao,Curvelo,SP,9.26
20265328,Olivia Machado Nascimento,30,Engenharia Eletrica,Brasilia de Minas,GO,9.75
20265329,Gustavo Fernandes Andrade,44,Agronomia,Pirapora,SP,5.16
20265330,Alexandre Alves Vieira,42,Quimica,Diamantina,DF,8.2
20265331,Felipe Mendes Brito Monteiro,55,Direito,Uberlandia,DF,6.12
20265332,Carlos Lima Martins Silva,35,Sistemas de Informacao,Belo Horizonte,BA,8.98
20265333,Camila Lopes Alves,54,Administracao,Montes Claros,DF,5.71
20265334,Juliana Ramos,19,Engenharia de Software,Montes Claros,MG,8.81
20265335,Felipe Machado Moreira,45,Agronomia,Brasilia de Minas,RJ,5.2
20265336,Juliana Moreira Oliveira,28,Direito,Janauba,RJ,8.6
20265337,Isabela Martins Marques,50,Ciencia da Computacao,Sao Francisco,BA,9.76
20265338,Camila Souza Monteiro,51,Sistemas de Informacao,Belo Horizonte,BA,9.33
20265339,Larissa Santos,23,Matematica,Curvelo,ES,5.83
20265340,Daniela Freitas Andrade,24,Agronomia,Coronel Fabriciano,BA,5.51
20265341,Guilherme Martins Nunes,47,Agronomia,Teofilo Otoni,ES,8.18
20265342,Isabela Cavalcanti,54,Administracao,Montes Claros,MG,6.85
20265343,Flavia Teixeira Moura Rodrigues,28,Direito,Curvelo,MG,6.53
20265344,Debora Costa Cavalcanti Fernandes,42,Medicina,Lavras,MG,7.07
20265345,Joao Castro Lima Costa,36,Engenharia Eletrica,Governador Valadares,ES,8.85
20265346,Joao Silva Carvalho Pereira,20,Agronomia,Januaria,ES,6.04
20265347,Ana Brito Cavalcanti,40,Quimica,Porteirinha,SP,9.45
20265348,Leticia Medeiros Oliveira Fernandes,52,Analise e Desenvolvimento de Sistemas,Belo Horizonte,SP,7.04
20265349,Felipe Moreira Freitas Lima,42,Ciencia da Computacao,Teofilo Otoni,MG,6.06
20265350,Rodrigo Santos Machado,45,Quimica,Uberlandia,SP,5.27
20265351,Gustavo Medeiros Cardoso Barbosa,32,Fisica,Montes Claros,ES,7.44
20265352,Olivia Mendes Moura,29,Fisica,Janauba,GO,9.52
20265353,Gabriel Lima Marques,51,Agronomia,Vicosa,MG,6.41
20265354,Beatriz Rocha Ramos Cavalcanti,24,Analise e Desenvolvimento de Sistemas,Juiz de Fora,BA,8.5
20265355,Lucas Pereira Cardoso,39,Administracao,Almenara,SP,7.35
20265356,Samuel Lopes Martins,25,Direito,Ouro Preto,BA,7.2
20265357,Carlos Nascimento Brito Cardoso,44,Administracao,Almenara,MG,7.59
20265358,Joao Moura Fernandes Nunes,34,Ciencia da Computacao,Pirapora,SP,7.17
20265359,Enzo Lima Pereira,49,Agronomia,Janauba,DF,7.09
20265360,Alexandre Dias Barbosa,27,Engenharia de Software,Janauba,ES,8.86
20265361,Mariana Brito Ribeiro,54,Matematica,Januaria,RJ,5.79
20265362,Guilherme Cardoso Brito Fernandes,20,Administracao,Montes Claros,MG,6.54
20265363,Gabriel Almeida Moura Costa,46,Quimica,Diamantina,ES,7.0
20265364,Olivia Lopes Brito,26,Analise e Desenvolvimento de Sistemas,Ouro Preto,GO,8.68
20265365,Igor Gomes Nascimento,34,Administracao,Lavras,GO,7.06
20265366,Isabela Ferreira Souza,32,Medicina,Coronel Fabriciano,SP,7.44
20265367,Daniela Monteiro Barbosa,30,Direito,Salinas,GO,6.5
20265368,Lucas Marques Gomes Cardoso,32,Fisica,Sao Francisco,MG,8.17
20265369,Eduardo Gomes,45,Administracao,Brasilia de Minas,DF,6.91
20265370,Amanda Machado Rodrigues Vieira,20,Matematica,Salinas,MG,5.23
20265371,Flavia Nascimento,55,Medicina,Brasilia de Minas,SP,9.62
20265372,Rafaela Oliveira Souza Alves,48,Agronomia,Porteirinha,DF,6.96
20265373,Natalia Barbosa Costa,18,Fisica,Janauba,BA,9.02
20265374,Leticia Medeiros,50,Direito,Belo Horizonte,MG,7.45
20265375,Lucas Alves Marques Nunes,41,Administracao,Curvelo,MG,5.22
20265376,Felipe Nunes Rodrigues,25,Direito,Salinas,BA,8.28
20265377,Juliana Nascimento Oliveira,19,Administracao,Porteirinha,BA,5.72
20265378,Guilherme Soares Lopes,37,Matematica,Brasilia de Minas,DF,8.29
20265379,Isabela Nascimento Souza,38,Analise e Desenvolvimento de Sistemas,Brasilia de Minas,RJ,9.35
20265380,Samuel Ferreira Ferreira,44,Ciencia da Computacao,Teofilo Otoni,ES,6.83
20265381,Caio Martins Monteiro,52,Quimica,Vicosa,SP,6.76
20265382,Leticia Ramos Rocha,54,Quimica,Teofilo Otoni,MG,6.28
20265383,Caio Rocha,28,Agronomia,Teofilo Otoni,DF,6.12
20265384,Gabriel Nunes Fernandes Almeida,19,Fisica,Diamantina,GO,9.73
20265385,Natalia Freitas,35,Engenharia de Software,Brasilia de Minas,BA,6.12
20265386,Juliana Pinto Barbosa Nascimento,47,Agronomia,Uberlandia,RJ,8.4
20265387,Daniela Vieira Cardoso Freitas,26,Engenharia de Software,Coronel Fabriciano,GO,6.34
20265388,Juliana Teixeira Carvalho,36,Engenharia Eletrica,Curvelo,DF,5.05
20265389,Eduardo Santos Oliveira,54,Direito,Ouro Preto,SP,6.43
20265390,Rodrigo Costa,55,Matematica,Diamantina,MG,6.86
20265391,Helena Lima Teixeira,26,Administracao,Sao Francisco,ES,6.71
20265392,Daniela Ribeiro Vieira,51,Matematica,Salinas,MG,6.68
20265393,Thiago Medeiros Medeiros,23,Medicina,Lavras,GO,6.28
20265394,Caio Moreira Nascimento,25,Fisica,Almenara,DF,6.09
20265395,Samuel Fernandes Souza,47,Quimica,Montes Claros,ES,8.78
20265396,Olivia Rodrigues Lopes,55,Medicina,Governador Valadares,GO,6.43
20265397,Joao Cavalcanti Fernandes,38,Matematica,Montes Claros,GO,7.32
20265398,Helena Gomes Moura Costa,22,Fisica,Pirapora,DF,5.35
20265399,Juliana Alves Teixeira,23,Medicina,Porteirinha,SP,8.76
20265400,Rodrigo Pinto Carvalho Freitas,47,Ciencia da Computacao,Vicosa,MG,6.81
20265401,Bruno Brito,41,Fisica,Montes Claros,GO,6.97
20265402,Olivia Ribeiro,46,Administracao,Teofilo Otoni,SP,8.5
20265403,Nicolas Lima Machado Dias,46,Sistemas de Informacao,Montes Claros,DF,7.43
20265404,Samuel Ramos Oliveira,48,Agronomia,Governador Valadares,DF,8.64
20265405,Joao Castro Moura,49,Direito,Janauba,BA,8.43
20265406,Luana Pinto Brito,45,Analise e Desenvolvimento de Sistemas,Coronel Fabriciano,ES,8.95
20265407,Yasmin Andrade Fernandes Fernandes,24,Fisica,Curvelo,ES,8.3
20265408,Debora Mendes Medeiros Gomes,51,Sistemas de Informacao,Coronel Fabriciano,DF,5.72
20265409,Gabriel Marques Nascimento,24,Medicina,Governador Valadares,GO,7.83
20265410,Vinicius Mendes,52,Quimica,Vicosa,MG,6.77
20265411,Pedro Martins Carvalho,22,Fisica,Juiz de Fora,ES,9.61
20265412,Olivia Barbosa Ramos,39,Administracao,Salinas,ES,9.08
20265413,Larissa Moreira Andrade Souza,27,Engenharia Eletrica,Montes Claros,DF,5.1
20265414,Natalia Moura,45,Engenharia de Software,Governador Valadares,DF,7.76
20265415,Camila Freitas Souza Silva,40,Engenharia Eletrica,Almenara,SP,6.11
20265416,Daniela Marques Martins Alves,18,Medicina,Belo Horizonte,RJ,9.09
20265417,Gustavo Carvalho Costa,53,Direito,Curvelo,DF,8.35
20265418,Natalia Vieira Moreira Ribeiro,29,Administracao,Lavras,GO,7.99
20265419,Fernanda Rodrigues Nascimento,28,Fisica,Porteirinha,DF,8.89
20265420,Igor Santos Mendes,38,Direito,Governador Valadares,BA,8.59
20265421,Yasmin Soares Castro,35,Engenharia Eletrica,Curvelo,GO,7.77
20265422,Alexandre Medeiros Moreira,29,Fisica,Porteirinha,GO,5.99
20265423,Thiago Gomes Ramos,46,Fisica,Salinas,DF,6.74
20265424,Pedro Marques Moura Dias,18,Fisica,Juiz de Fora,MG,6.57
20265425,Felipe Gomes,40,Engenharia Eletrica,Pirapora,DF,5.15
20265426,Felipe Machado,46,Sistemas de Informacao,Montes Claros,RJ,6.74
20265427,Tatiana Andrade,44,Administracao,Salinas,ES,7.0
20265428,Larissa Moreira Silva,23,Quimica,Janauba,MG,8.51
20265429,Ana Ferreira Silva,29,Administracao,Sao Francisco,SP,7.22
20265430,Larissa Andrade Marques,43,Medicina,Juiz de Fora,BA,8.55
20265431,Matheus Cardoso Barbosa,23,Ciencia da Computacao,Janauba,MG,7.12
20265432,Bruno Gomes Lopes,33,Ciencia da Computacao,Governador Valadares,DF,6.46
20265433,Mariana Pereira Barbosa Ramos,19,Administracao,Pirapora,DF,6.84
20265434,Pedro Freitas Almeida Silva,38,Analise e Desenvolvimento de Sistemas,Brasilia de Minas,BA,7.66
20265435,Natalia Moura,22,Fisica,Uberlandia,BA,7.84
20265436,Thiago Moreira,25,Medicina,Januaria,RJ,5.55
20265437,Isabela Nunes Pereira Nunes,21,Analise e Desenvolvimento de Sistemas,Uberlandia,DF,9.26
20265438,Thiago Souza,35,Engenharia Eletrica,Pirapora,RJ,8.22
20265439,Matheus Mendes Castro,45,Fisica,Belo Horizonte,MG,7.91
20265440,Guilherme Mendes Oliveira Medeiros,42,Fisica,Januaria,ES,7.26
20265441,Eduardo Gomes Gomes,50,Analise e Desenvolvimento de Sistemas,Montes Claros,ES,8.28
20265442,Camila Barbosa Cardoso,46,Matematica,Ouro Preto,ES,9.44
20265443,Olivia Freitas,40,Matematica,Coronel Fabriciano,ES,8.63
20265444,Isabela Ribeiro Mendes,34,Agronomia,Teofilo Otoni,GO,6.15
20265445,Carlos Medeiros Mendes Rodrigues,38,Engenharia de Software,Vicosa,DF,6.63
20265446,Bruno Pereira Martins Carvalho,42,Direito,Almenara,GO,8.22
20265447,Alexandre Moreira,46,Quimica,Lavras,MG,6.36
20265448,Felipe Ribeiro Vieira,43,Engenharia de Software,Governador Valadares,GO,9.07
20265449,Helena Lopes Mendes Ferreira,44,Medicina,Januaria,ES,6.36
20265450,Olivia Alves Andrade,54,Administracao,Diamantina,RJ,9.82
20265451,Pedro Pereira,22,Medicina,Pirapora,ES,8.56
20265452,Enzo Pinto Santos Santos,35,Direito,Governador Valadares,MG,6.49
20265453,Vinicius Castro Soares Souza,40,Fisica,Ouro Preto,MG,6.61
20265454,Pedro Brito Soares,27,Direito,Ouro Preto,ES,9.34
20265455,Eduardo Brito Costa Machado,52,Matematica,Januaria,MG,8.06
20265456,Isabela Souza Machado Moura,22,Engenharia de Software,Brasilia de Minas,DF,5.4
20265457,Isabela Moreira Alves Alves,48,Direito,Almenara,DF,7.99
20265458,Ana Marques,48,Ciencia da Computacao,Ouro Preto,MG,6.68
20265459,Caio Monteiro Gomes,35,Fisica,Montes Claros,SP,8.05
20265460,Amanda Rocha Cardoso,29,Engenharia de Software,Montes Claros,MG,6.13
20265461,Debora Rodrigues,51,Administracao,Salinas,RJ,6.7
20265462,Isabela Ribeiro Gomes,37,Matematica,Brasilia de Minas,GO,9.56
20265463,Gabriel Brito Fernandes,55,Medicina,Lavras,BA,5.89
20265464,Gustavo Medeiros Oliveira,23,Ciencia da Computacao,Almenara,DF,9.22
20265465,Olivia Soares Brito,26,Sistemas de Informacao,Juiz de Fora,DF,7.38
20265466,Daniela Cavalcanti Rocha Medeiros,37,Fisica,Teofilo Otoni,RJ,7.48
20265467,Debora Andrade Soares,30,Quimica,Porteirinha,SP,7.64
20265468,Rafaela Moura,18,Engenharia Eletrica,Pirapora,SP,8.17
20265469,Flavia Castro Fernandes,24,Fisica,Sao Francisco,DF,9.77
20265470,Felipe Andrade Andrade,33,Sistemas de Informacao,Belo Horizonte,RJ,6.77
20265471,Olivia Brito Ramos,33,Engenharia Eletrica,Juiz de Fora,SP,9.4
20265472,Juliana Almeida Gomes Fernandes,33,Engenharia de Software,Almenara,MG,8.62
20265473,Matheus Medeiros Machado,38,Administracao,Teofilo Otoni,ES,5.03
20265474,Pedro Andrade,19,Ciencia da Computacao,Uberlandia,GO,6.27
20265475,Alexandre Moura Oliveira,37,Agronomia,Teofilo Otoni,ES,9.37
20265476,Felipe Costa,51,Administracao,Teofilo Otoni,SP,8.6
20265477,Mariana Medeiros Martins,46,Ciencia da Computacao,Uberlandia,DF,5.77
20265478,Rodrigo Freitas Carvalho,42,Ciencia da Computacao,Lavras,MG,6.8
20265479,Igor Marques Gomes,30,Quimica,Salinas,RJ,9.87
20265480,Bruno Rodrigues Ferreira,41,Analise e Desenvolvimento de Sistemas,Almenara,GO,9.61
20265481,Olivia Barbosa Alves Vieira,46,Direito,Janauba,DF,6.86
20265482,Rodrigo Marques Carvalho,49,Engenharia Eletrica,Diamantina,RJ,9.84
20265483,Matheus Silva Moura,19,Quimica,Janauba,BA,7.48
20265484,Amanda Monteiro Rodrigues,29,Quimica,Almenara,GO,8.84
20265485,Luana Moreira Dias,46,Quimica,Sao Francisco,DF,5.96
20265486,Enzo Fernandes Vieira,39,Engenharia Eletrica,Teofilo Otoni,GO,6.61
20265487,Lucas Gomes Silva,52,Fisica,Belo Horizonte,DF,6.38
20265488,Samuel Fernandes Lima,55,Matematica,Coronel Fabriciano,MG,6.03
20265489,Eduardo Monteiro,42,Ciencia da Computacao,Uberlandia,ES,7.9
20265490,Gustavo Castro Soares,39,Engenharia Eletrica,Januaria,RJ,8.22
20265491,Camila Gomes Brito,27,Engenharia Eletrica,Coronel Fabriciano,BA,9.77
20265492,Enzo Silva Barbosa,29,Direito,Lavras,SP,8.44
20265493,Gabriel Souza Lopes Marques,30,Fisica,Montes Claros,SP,6.85
20265494,Guilherme Ribeiro Rocha,20,Fisica,Curvelo,RJ,8.01
20265495,Olivia Rocha,28,Agronomia,Lavras,ES,8.01
20265496,Ana Monteiro Teixeira,51,Administracao,Montes Claros,ES,5.34
20265497,Ana Freitas Alves Vieira,29,Analise e Desenvolvimento de Sistemas,Coronel Fabriciano,MG,6.2
20265498,Rodrigo Santos Teixeira Dias,53,Fisica,Lavras,SP,6.28
20265499,Olivia Ramos Lima Pereira,30,Sistemas de Informacao,Uberlandia,DF,8.87
20265500,Natalia Marques Carvalho Monteiro,32,Engenharia Eletrica,Curvelo,MG,8.35
20265501,Yasmin Almeida Teixeira,37,Quimica,Diamantina,MG,8.78
20265502,Thiago Ramos Dias Moreira,50,Quimica,Porteirinha,BA,5.57
20265503,Carlos Rodrigues,51,Quimica,Vicosa,SP,7.27
20265504,Pedro Alves Pereira,28,Administracao,Sao Francisco,ES,8.39
20265505,Ana Carvalho Souza,26,Fisica,Belo Horizonte,MG,5.65
20265506,Helena Mendes Santos,37,Sistemas de Informacao,Diamantina,DF,5.69
20265507,Camila Cavalcanti Monteiro Ferreira,23,Agronomia,Janauba,ES,8.98
20265508,Olivia Santos,34,Engenharia Eletrica,Coronel Fabriciano,SP,5.64
20265509,Flavia Ferreira Monteiro,54,Engenharia Eletrica,Montes Claros,ES,6.69
20265510,Carlos Santos,22,Direito,Governador Valadares,GO,9.11
20265511,Eduardo Almeida Nunes Costa,27,Analise e Desenvolvimento de Sistemas,Ouro Preto,GO,5.09
20265512,Joao Oliveira Ribeiro,19,Matematica,Ouro Preto,DF,5.45
20265513,Ana Rodrigues Fernandes,42,Matematica,Coronel Fabriciano,MG,9.24
20265514,Flavia Oliveira Freitas,49,Sistemas de Informacao,Vicosa,BA,5.18
20265515,Debora Souza Medeiros Monteiro,18,Administracao,Belo Horizonte,GO,8.36
20265516,Pedro Lopes Carvalho Andrade,19,Engenharia Eletrica,Coronel Fabriciano,GO,5.92
20265517,Eduardo Oliveira,37,Matematica,Porteirinha,RJ,9.6
20265518,Carlos Andrade Rodrigues,39,Engenharia Eletrica,Belo Horizonte,BA,8.22
20265519,Flavia Mendes,30,Ciencia da Computacao,Curvelo,DF,9.59
20265520,Vinicius Silva Cardoso Barbosa,23,Fisica,Belo Horizonte,SP,7.78
20265521,Guilherme Dias Lopes,33,Matematica,Januaria,BA,8.9
20265522,Camila Andrade Cardoso,35,Analise e Desenvolvimento de Sistemas,Diamantina,ES,5.5
20265523,Rodrigo Santos Silva,19,Agronomia,Brasilia de Minas,MG,6.92
20265524,Natalia Andrade Oliveira,23,Quimica,Brasilia de Minas,RJ,7.55
20265525,Tatiana Nunes Andrade,18,Ciencia da Computacao,Diamantina,ES,6.25
20265526,Debora Andrade Teixeira,36,Administracao,Brasilia de Minas,GO,5.79
20265527,Gabriel Castro,19,Sistemas de Informacao,Belo Horizonte,BA,5.01
20265528,Caio Alves Castro,51,Agronomia,Governador Valadares,MG,6.99
20265529,Gustavo Pereira,49,Medicina,Januaria,RJ,9.75
20265530,Amanda Costa,42,Direito,Vicosa,GO,6.74
20265531,Flavia Alves,43,Fisica,Teofilo Otoni,GO,5.71
20265532,Rodrigo Vieira Martins,45,Medicina,Uberlandia,ES,9.31
20265533,Leticia Ramos Costa Silva,27,Ciencia da Computacao,Porteirinha,DF,9.75
20265534,Natalia Ferreira Santos,32,Administracao,Janauba,BA,6.39
20265535,Vinicius Ferreira Soares,36,Sistemas de Informacao,Vicosa,MG,8.36
20265536,Joao Vieira Dias,31,Engenharia Eletrica,Brasilia de Minas,SP,7.84
20265537,Leticia Souza Souza,27,Fisica,Governador Valadares,MG,9.8
20265538,Caio Barbosa Cardoso Martins,38,Administracao,Porteirinha,BA,8.98
20265539,Amanda Soares Carvalho,44,Fisica,Salinas,MG,9.67
20265540,Thiago Moura Costa,34,Medicina,Januaria,GO,7.56
20265541,Isabela Barbosa Mendes,20,Sistemas de Informacao,Belo Horizonte,RJ,5.03
20265542,Natalia Souza Machado,18,Sistemas de Informacao,Teofilo Otoni,SP,5.83
20265543,Nicolas Ferreira Martins,34,Quimica,Salinas,RJ,7.06
20265544,Felipe Santos Medeiros Nascimento,37,Engenharia Eletrica,Vicosa,SP,6.3
20265545,Enzo Lopes,46,Matematica,Januaria,SP,8.78
20265546,Lucas Monteiro Pereira,46,Analise e Desenvolvimento de Sistemas,Governador Valadares,BA,6.04
20265547,Flavia Brito Alves Santos,52,Sistemas de Informacao,Curvelo,RJ,8.19
20265548,Isabela Alves Lima Souza,42,Engenharia de Software,Coronel Fabriciano,SP,8.53
20265549,Matheus Moreira Soares Freitas,53,Medicina,Coronel Fabriciano,BA,6.62
20265550,Samuel Nascimento,21,Quimica,Salinas,GO,9.25
20265551,Yasmin Lopes Medeiros Pinto,54,Sistemas de Informacao,Sao Francisco,RJ,9.33
20265552,Amanda Costa Teixeira Machado,25,Ciencia da Computacao,Almenara,ES,6.69
20265553,Gabriel Soares Lopes,51,Fisica,Almenara,SP,8.35
20265554,Rafaela Ribeiro,52,Administracao,Janauba,DF,7.77
20265555,Helena Medeiros Moura,20,Medicina,Teofilo Otoni,ES,9.2
20265556,Carlos Dias Martins Silva,45,Direito,Diamantina,MG,8.6
20265557,Daniela Almeida Monteiro,51,Engenharia de Software,Montes Claros,MG,8.61
20265558,Larissa Nunes Pinto,27,Quimica,Salinas,ES,9.24
20265559,Bruno Dias,18,Direito,Pirapora,ES,7.25
20265560,Natalia Vieira Barbosa,40,Quimica,Porteirinha,MG,9.16
20265561,Helena Barbosa Lopes,50,Direito,Uberlandia,RJ,6.02
20265562,Rafaela Pereira Rocha,41,Administracao,Vicosa,RJ,7.98
20265563,Larissa Brito Costa,54,Administracao,Teofilo Otoni,GO,7.0
20265564,Matheus Carvalho,28,Engenharia de Software,Diamantina,RJ,8.7
20265565,Luana Ferreira,54,Fisica,Januaria,SP,7.0
20265566,Gabriel Soares Rodrigues Almeida,37,Analise e Desenvolvimento de Sistemas,Montes Claros,RJ,6.95
20265567,Pedro Gomes Medeiros,50,Direito,Coronel Fabriciano,DF,8.41
20265568,Isabela Oliveira,40,Quimica,Salinas,ES,5.51
20265569,Lucas Fernandes Ribeiro Lopes,45,Quimica,Diamantina,RJ,6.23
20265570,Larissa Lopes Cavalcanti,20,Engenharia Eletrica,Belo Horizonte,MG,7.58
20265571,Vinicius Rodrigues Martins,40,Fisica,Vicosa,GO,5.58
20265572,Leticia Gomes Marques,25,Engenharia Eletrica,Pirapora,GO,9.89
20265573,Lucas Santos Mendes,31,Engenharia de Software,Juiz de Fora,ES,7.36
20265574,Pedro Nascimento Barbosa Pereira,35,Medicina,Sao Francisco,DF,9.58
20265575,Joao Martins Rodrigues Alves,43,Agronomia,Ouro Preto,SP,7.9
20265576,Pedro Cardoso Santos,18,Agronomia,Lavras,ES,6.32
20265577,Carlos Pereira Barbosa,53,Fisica,Sao Francisco,RJ,7.48
20265578,Gabriel Nunes Andrade Machado,18,Agronomia,Lavras,MG,9.36
20265579,Samuel Rodrigues Teixeira Brito,20,Fisica,Almenara,SP,6.39
20265580,Mariana Monteiro Moura,28,Administracao,Salinas,RJ,6.01
20265581,Carlos Cavalcanti Freitas,31,Administracao,Belo Horizonte,MG,6.28
20265582,Fernanda Moura,23,Analise e Desenvolvimento de Sistemas,Juiz de Fora,BA,8.74
20265583,Nicolas Moura Silva,37,Medicina,Montes Claros,GO,6.12
20265584,Camila Almeida Fernandes Medeiros,25,Fisica,Salinas,RJ,6.4
20265585,Amanda Ribeiro Cardoso,30,Agronomia,Uberlandia,ES,8.97
20265586,Pedro Cardoso Lima,28,Fisica,Vicosa,DF,8.41
20265587,Leticia Rodrigues Andrade,40,Analise e Desenvolvimento de Sistemas,Curvelo,BA,6.79
20265588,Rafaela Oliveira Ribeiro,23,Analise e Desenvolvimento de Sistemas,Coronel Fabriciano,RJ,5.31
20265589,Rafaela Lopes,50,Engenharia de Software,Salinas,GO,7.32
20265590,Flavia Silva Gomes,50,Direito,Brasilia de Minas,ES,9.87
20265591,Guilherme Soares Moura,50,Engenharia Eletrica,Montes Claros,SP,8.4
20265592,Fernanda Marques Cardoso,52,Engenharia Eletrica,Teofilo Otoni,ES,7.5
20265593,Luana Almeida Castro,52,Medicina,Curvelo,BA,9.61
20265594,Leticia Gomes Ribeiro Mendes,51,Engenharia Eletrica,Porteirinha,RJ,7.8
20265595,Alexandre Lopes Marques,55,Agronomia,Almenara,BA,9.64
20265596,Carlos Mendes Costa Barbosa,50,Administracao,Pirapora,DF,8.33
20265597,Lucas Almeida Souza,42,Direito,Ouro Preto,MG,5.32
20265598,Enzo Ramos Oliveira,23,Engenharia de Software,Salinas,DF,5.74
20265599,Ana Soares Vieira Mendes,24,Sistemas de Informacao,Januaria,ES,5.99
20265600,Vinicius Monteiro Mendes,37,Agronomia,Janauba,RJ,5.91
20265601,Felipe Monteiro Machado Rodrigues,48,Analise e Desenvolvimento de Sistemas,Almenara,DF,7.22
20265602,Bruno Marques Martins Brito,39,Fisica,Salinas,GO,6.18
20265603,Amanda Souza Machado,41,Direito,Brasilia de Minas,MG,8.42
20265604,Samuel Almeida Marques,43,Quimica,Diamantina,GO,6.21
20265605,Debora Marques Ferreira Teixeira,35,Medicina,Diamantina,SP,7.36
20265606,Natalia Moura Andrade,54,Sistemas de Informacao,Governador Valadares,SP,9.73
20265607,Guilherme Rodrigues Cavalcanti,50,Quimica,Belo Horizonte,RJ,6.43
20265608,Thiago Costa Martins,42,Ciencia da Computacao,Brasilia de Minas,BA,6.32
20265609,Mariana Nascimento Moreira,49,Fisica,Januaria,BA,5.59
20265610,Camila Ribeiro Brito,39,Matematica,Ouro Preto,ES,9.47
20265611,Gabriel Silva Almeida Mendes,44,Analise e Desenvolvimento de Sistemas,Teofilo Otoni,ES,6.43
20265612,Rodrigo Santos Barbosa,31,Direito,Porteirinha,MG,8.06
20265613,Leticia Silva Teixeira,42,Medicina,Janauba,DF,5.59
20265614,Gabriel Brito Pinto,47,Ciencia da Computacao,Vicosa,DF,8.55
20265615,Luana Carvalho Ferreira,33,Sistemas de Informacao,Governador Valadares,SP,5.16
20265616,Debora Pinto Vieira,29,Medicina,Januaria,MG,9.35
20265617,Joao Andrade Andrade,38,Direito,Brasilia de Minas,ES,6.85
20265618,Leticia Rodrigues Silva,49,Fisica,Montes Claros,DF,6.67
20265619,Beatriz Rocha,48,Analise e Desenvolvimento de Sistemas,Lavras,GO,8.07
20265620,Vinicius Pereira Souza Medeiros,43,Ciencia da Computacao,Montes Claros,GO,7.11
20265621,Helena Marques Rodrigues,39,Analise e Desenvolvimento de Sistemas,Salinas,RJ,6.85
20265622,Lucas Vieira,36,Quimica,Sao Francisco,RJ,7.94
20265623,Fernanda Teixeira Ferreira Vieira,31,Analise e Desenvolvimento de Sistemas,Coronel Fabriciano,DF,8.04
20265624,Larissa Dias Andrade,34,Administracao,Montes Claros,RJ,7.73
20265625,Mariana Marques Santos,41,Analise e Desenvolvimento de Sistemas,Diamantina,DF,7.57
20265626,Yasmin Castro,55,Administracao,Curvelo,RJ,6.85
20265627,Helena Teixeira,47,Medicina,Lavras,ES,5.18
20265628,Bruno Martins,44,Analise e Desenvolvimento de Sistemas,Brasilia de Minas,ES,7.18
20265629,Igor Moreira Pereira,54,Analise e Desenvolvimento de Sistemas,Juiz de Fora,ES,5.28
20265630,Gustavo Carvalho,19,Matematica,Brasilia de Minas,SP,6.06
20265631,Lucas Ferreira Martins Fernandes,38,Medicina,Juiz de Fora,ES,7.99
20265632,Carlos Cardoso,29,Medicina,Coronel Fabriciano,RJ,8.83
20265633,Leticia Ramos Lima Lopes,21,Administracao,Belo Horizonte,RJ,6.71
20265634,Nicolas Mendes Rodrigues Andrade,24,Ciencia da Computacao,Brasilia de Minas,MG,6.16
20265635,Matheus Moreira Ramos,41,Matematica,Belo Horizonte,GO,5.63
20265636,Tatiana Castro Moreira Cardoso,31,Direito,Salinas,ES,7.07
20265637,Joao Pinto Pereira,26,Ciencia da Computacao,Governador Valadares,SP,6.64
20265638,Lucas Cavalcanti Brito,35,Engenharia de Software,Belo Horizonte,ES,9.54
20265639,Enzo Pinto Mendes,43,Matematica,Porteirinha,MG,6.15
20265640,Natalia Fernandes Cavalcanti,51,Administracao,Lavras,ES,9.85
20265641,Ana Moura Cardoso,51,Administracao,Diamantina,ES,9.47
20265642,Yasmin Pereira Cavalcanti Lopes,38,Matematica,Januaria,GO,8.55
20265643,Luana Souza Vieira,36,Engenharia de Software,Juiz de Fora,SP,5.91
20265644,Igor Andrade,37,Engenharia de Software,Janauba,GO,5.74
20265645,Eduardo Souza Castro,39,Engenharia de Software,Juiz de Fora,DF,8.18
20265646,Tatiana Souza Freitas,38,Engenharia Eletrica,Governador Valadares,BA,7.99
20265647,Enzo Silva Lopes Mendes,52,Sistemas de Informacao,Ouro Preto,MG,6.12
20265648,Gustavo Castro Pereira,19,Agronomia,Sao Francisco,ES,7.42
20265649,Matheus Nascimento Santos,24,Analise e Desenvolvimento de Sistemas,Curvelo,GO,8.29
20265650,Gustavo Ribeiro Rocha,43,Direito,Governador Valadares,RJ,8.39
20265651,Flavia Lopes Ferreira,48,Direito,Salinas,ES,6.98
20265652,Joao Moura Marques,22,Administracao,Diamantina,DF,6.11
20265653,Olivia Cavalcanti Pereira,33,Ciencia da Computacao,Belo Horizonte,BA,8.65
20265654,Yasmin Brito Moura,44,Engenharia de Software,Montes Claros,ES,6.24
20265655,Tatiana Medeiros Ramos,46,Ciencia da Computacao,Janauba,BA,6.93
20265656,Rafaela Soares Medeiros,39,Engenharia de Software,Pirapora,BA,5.53
20265657,Lucas Souza Cavalcanti,20,Engenharia Eletrica,Teofilo Otoni,DF,7.6
20265658,Samuel Teixeira Costa,52,Ciencia da Computacao,Montes Claros,DF,8.3
20265659,Bruno Nascimento,33,Administracao,Janauba,MG,6.42
20265660,Camila Machado Brito,44,Matematica,Januaria,MG,9.54
20265661,Olivia Martins Ferreira,38,Sistemas de Informacao,Brasilia de Minas,MG,9.65
20265662,Helena Rocha Freitas Rocha,50,Quimica,Porteirinha,GO,8.93
20265663,Camila Marques Ferreira,29,Direito,Juiz de Fora,DF,9.49
20265664,Thiago Martins Lopes Almeida,33,Medicina,Uberlandia,DF,8.02
20265665,Bruno Ferreira Monteiro Fernandes,34,Medicina,Juiz de Fora,RJ,9.72
20265666,Mariana Medeiros,41,Ciencia da Computacao,Uberlandia,SP,5.32
20265667,Felipe Barbosa Rodrigues,49,Analise e Desenvolvimento de Sistemas,Teofilo Otoni,GO,7.0
20265668,Olivia Soares Machado Andrade,41,Engenharia de Software,Uberlandia,GO,5.31
20265669,Daniela Almeida Cavalcanti Fernandes,44,Direito,Teofilo Otoni,RJ,6.28
20265670,Eduardo Castro Teixeira,29,Quimica,Lavras,ES,5.56
20265671,Olivia Dias Carvalho,39,Fisica,Porteirinha,DF,5.88
20265672,Isabela Lima Cavalcanti,45,Quimica,Montes Claros,RJ,8.4
20265673,Rafaela Teixeira Vieira,47,Medicina,Salinas,BA,8.62
20265674,Carlos Freitas Fernandes,23,Agronomia,Janauba,MG,6.83
20265675,Igor Soares Souza Nascimento,38,Engenharia de Software,Uberlandia,GO,6.72
20265676,Flavia Brito,19,Fisica,Uberlandia,MG,5.47
20265677,Caio Pinto Freitas Carvalho,46,Sistemas de Informacao,Janauba,BA,8.87
20265678,Alexandre Cavalcanti Fernandes,42,Engenharia de Software,Diamantina,DF,7.92
20265679,Igor Monteiro Santos,38,Engenharia de Software,Montes Claros,MG,7.86
20265680,Olivia Alves,54,Medicina,Januaria,RJ,7.74
20265681,Beatriz Martins Pinto,19,Ciencia da Computacao,Diamantina,DF,6.33
20265682,Olivia Ribeiro Brito Costa,42,Sistemas de Informacao,Montes Claros,SP,8.34
20265683,Debora Nascimento Moreira Gomes,50,Engenharia de Software,Governador Valadares,RJ,6.82
20265684,Joao Cavalcanti Almeida Almeida,33,Matematica,Curvelo,DF,6.42
20265685,Amanda Nascimento,23,Agronomia,Lavras,ES,6.73
20265686,Joao Moura Ribeiro,51,Ciencia da Computacao,Curvelo,SP,7.36
20265687,Rodrigo Lopes Castro Mendes,51,Analise e Desenvolvimento de Sistemas,Montes Claros,GO,9.18
20265688,Leticia Machado Andrade,55,Fisica,Lavras,SP,6.98
20265689,Bruno Mendes Vieira Dias,44,Sistemas de Informacao,Janauba,GO,8.66
20265690,Ana Carvalho Costa,46,Engenharia Eletrica,Ouro Preto,DF,8.13
20265691,Camila Mendes Dias,21,Matematica,Ouro Preto,DF,5.16
20265692,Natalia Dias,26,Ciencia da Computacao,Porteirinha,RJ,8.89
20265693,Daniela Freitas Vieira,31,Matematica,Montes Claros,GO,6.95
20265694,Felipe Soares Cardoso,49,Analise e Desenvolvimento de Sistemas,Governador Valadares,BA,5.2
20265695,Samuel Fernandes Silva,48,Analise e Desenvolvimento de Sistemas,Pirapora,ES,7.37
20265696,Luana Silva Pereira Rodrigues,29,Ciencia da Computacao,Belo Horizonte,DF,6.95
20265697,Luana Rodrigues Nunes Brito,34,Sistemas de Informacao,Uberlandia,MG,9.8
20265698,Flavia Marques Marques Fernandes,48,Engenharia Eletrica,Montes Claros,RJ,8.4
20265699,Mariana Mendes Dias,44,Medicina,Almenara,GO,8.47
20265700,Gabriel Martins Silva,18,Engenharia Eletrica,Coronel Fabriciano,MG,8.11
20265701,Mariana Ferreira Dias,28,Matematica,Januaria,MG,9.11
20265702,Eduardo Moreira Moreira,35,Analise e Desenvolvimento de Sistemas,Januaria,ES,6.85
20265703,Juliana Monteiro Lopes Alves,43,Direito,Almenara,BA,5.64
20265704,Enzo Soares Fernandes Cardoso,25,Ciencia da Computacao,Coronel Fabriciano,MG,8.87
20265705,Larissa Lopes,49,Direito,Lavras,ES,9.34
20265706,Samuel Pereira,52,Engenharia Eletrica,Januaria,MG,7.25
20265707,Bruno Teixeira Soares Cardoso,52,Quimica,Januaria,GO,5.51
20265708,Daniela Nascimento,43,Engenharia de Software,Juiz de Fora,GO,9.26
20265709,Beatriz Cavalcanti Andrade,47,Medicina,Juiz de Fora,ES,5.1
20265710,Pedro Nunes Freitas,38,Fisica,Curvelo,DF,8.57
20265711,Natalia Castro Ferreira,19,Matematica,Governador Valadares,GO,8.03
20265712,Olivia Cardoso Moura Vieira,52,Quimica,Coronel Fabriciano,SP,5.79
20265713,Felipe Silva Vieira Rocha,31,Analise e Desenvolvimento de Sistemas,Porteirinha,BA,5.12
20265714,Felipe Ribeiro Santos,47,Ciencia da Computacao,Montes Claros,MG,5.75
20265715,Larissa Nascimento Dias Soares,46,Medicina,Belo Horizonte,DF,8.47
20265716,Vinicius Ferreira Machado,31,Agronomia,Almenara,SP,5.4
20265717,Juliana Martins Souza,30,Medicina,Lavras,BA,5.44
20265718,Mariana Moreira Almeida Lopes,19,Agronomia,Januaria,DF,9.64
20265719,Leticia Silva Cavalcanti Teixeira,45,Quimica,Salinas,MG,5.81
20265720,Bruno Barbosa Barbosa,32,Ciencia da Computacao,Coronel Fabriciano,SP,8.34
20265721,Matheus Lima Ferreira Alves,26,Direito,Pirapora,GO,6.98
20265722,Thiago Moura,24,Fisica,Juiz de Fora,RJ,9.41
20265723,Debora Lima Ferreira Dias,27,Administracao,Vicosa,BA,9.06
20265724,Eduardo Silva Mendes,18,Administracao,Ouro Preto,RJ,7.58
20265725,Guilherme Barbosa Alves,36,Direito,Diamantina,SP,9.29
20265726,Isabela Monteiro Medeiros Dias,30,Fisica,Juiz de Fora,SP,9.79
20265727,Alexandre Freitas Mendes,42,Agronomia,Curvelo,DF,7.79
20265728,Matheus Almeida Medeiros,41,Engenharia Eletrica,Coronel Fabriciano,GO,9.41
20265729,Lucas Lopes,48,Quimica,Montes Claros,MG,6.3
20265730,Luana Nascimento Souza Mendes,22,Medicina,Pirapora,ES,7.99
20265731,Pedro Gomes Almeida,21,Fisica,Brasilia de Minas,RJ,9.46
20265732,Amanda Marques,22,Quimica,Salinas,SP,8.13
20265733,Caio Almeida Almeida,50,Engenharia de Software,Salinas,RJ,5.62
20265734,Amanda Santos Machado Ribeiro,53,Quimica,Lavras,MG,6.57
20265735,Guilherme Nunes Souza,30,Ciencia da Computacao,Curvelo,ES,5.28
20265736,Camila Carvalho Soares Martins,35,Matematica,Belo Horizonte,RJ,6.22
20265737,Daniela Moura Ramos,46,Matematica,Diamantina,SP,7.39
20265738,Samuel Alves Machado,47,Administracao,Almenara,MG,8.92
20265739,Vinicius Lopes Santos,44,Engenharia de Software,Vicosa,SP,5.64
20265740,Igor Nunes Moura,33,Quimica,Brasilia de Minas,ES,7.37
20265741,Mariana Pinto Dias,24,Administracao,Teofilo Otoni,ES,8.48
20265742,Yasmin Nascimento,34,Agronomia,Almenara,RJ,5.69
20265743,Olivia Almeida Alves,29,Medicina,Lavras,MG,5.64
20265744,Leticia Freitas Nunes Nunes,32,Engenharia de Software,Montes Claros,SP,8.91
20265745,Samuel Soares Freitas,45,Medicina,Teofilo Otoni,DF,8.77
20265746,Luana Nunes Moura,39,Engenharia Eletrica,Uberlandia,ES,5.87
20265747,Eduardo Freitas Alves,33,Medicina,Almenara,GO,7.71
20265748,Larissa Santos Rocha,18,Fisica,Montes Claros,SP,8.95
20265749,Beatriz Moura Oliveira,49,Administracao,Uberlandia,SP,7.62
20265750,Helena Almeida Cavalcanti,33,Engenharia Eletrica,Teofilo Otoni,RJ,7.13
20265751,Rafaela Martins Nascimento,36,Agronomia,Teofilo Otoni,GO,9.49
20265752,Samuel Andrade Lima Vieira,52,Agronomia,Pirapora,RJ,9.28
20265753,Debora Lopes Barbosa,24,Direito,Uberlandia,GO,9.07
20265754,Gabriel Soares Alves,24,Fisica,Curvelo,GO,5.54
20265755,Vinicius Freitas Almeida,54,Fisica,Salinas,GO,5.83
20265756,Rafaela Rocha Moura,34,Engenharia de Software,Ouro Preto,GO,5.04
20265757,Larissa Cardoso,22,Sistemas de Informacao,Juiz de Fora,RJ,8.42
20265758,Enzo Teixeira Dias Martins,18,Matematica,Pirapora,GO,7.21
20265759,Thiago Soares Silva,51,Ciencia da Computacao,Belo Horizonte,MG,8.89
20265760,Felipe Castro Costa Costa,54,Fisica,Januaria,DF,6.97
20265761,Gustavo Brito Moreira Rocha,53,Quimica,Brasilia de Minas,MG,5.76
20265762,Larissa Marques Soares,38,Sistemas de Informacao,Uberlandia,GO,6.56
20265763,Igor Moura Silva,28,Analise e Desenvolvimento de Sistemas,Ouro Preto,RJ,6.57
20265764,Guilherme Oliveira,18,Agronomia,Montes Claros,SP,7.84
20265765,Helena Moura,53,Agronomia,Montes Claros,MG,8.43
20265766,Beatriz Martins,47,Agronomia,Almenara,ES,9.76
20265767,Matheus Costa Gomes Souza,30,Ciencia da Computacao,Juiz de Fora,MG,5.3
20265768,Eduardo Machado Medeiros Costa,28,Analise e Desenvolvimento de Sistemas,Curvelo,RJ,6.85
20265769,Lucas Pereira Andrade,35,Engenharia Eletrica,Sao Francisco,DF,9.79
20265770,Amanda Monteiro,21,Direito,Montes Claros,DF,8.82
20265771,Larissa Lima Brito Costa,37,Sistemas de Informacao,Ouro Preto,RJ,6.06
20265772,Rafaela Barbosa Pinto,28,Quimica,Coronel Fabriciano,BA,7.74
20265773,Felipe Ramos Fernandes Brito,38,Medicina,Governador Valadares,MG,5.26
20265774,Pedro Lopes,41,Medicina,Lavras,ES,6.71
20265775,Juliana Teixeira Almeida Soares,43,Fisica,Belo Horizonte,GO,7.53
20265776,Isabela Ferreira Castro,19,Medicina,Janauba,ES,7.39
20265777,Juliana Pinto Marques,23,Engenharia de Software,Curvelo,ES,8.28
20265778,Luana Barbosa,22,Administracao,Juiz de Fora,ES,6.61
20265779,Carlos Ribeiro Freitas,50,Matematica,Pirapora,SP,6.61
20265780,Felipe Ferreira Rodrigues,53,Matematica,Pirapora,RJ,8.07
20265781,Beatriz Moura Barbosa,52,Quimica,Vicosa,SP,7.88
20265782,Carlos Medeiros,29,Administracao,Teofilo Otoni,ES,9.47
20265783,Flavia Nascimento Cavalcanti,19,Direito,Teofilo Otoni,MG,9.06
20265784,Bruno Nascimento Freitas,19,Engenharia Eletrica,Curvelo,RJ,6.4
20265785,Alexandre Mendes Rocha,27,Fisica,Governador Valadares,BA,6.62
20265786,Debora Marques Teixeira Santos,53,Engenharia de Software,Uberlandia,DF,7.94
20265787,Gabriel Dias,53,Engenharia Eletrica,Almenara,DF,6.03
20265788,Tatiana Ribeiro Vieira Brito,36,Direito,Januaria,MG,5.66
20265789,Helena Medeiros Oliveira Nunes,46,Sistemas de Informacao,Brasilia de Minas,GO,6.32
20265790,Luana Andrade Cardoso,49,Sistemas de Informacao,Brasilia de Minas,ES,7.35
20265791,Enzo Lopes Souza,52,Analise e Desenvolvimento de Sistemas,Janauba,RJ,5.65
20265792,Bruno Brito Alves,21,Ciencia da Computacao,Uberlandia,BA,6.31
20265793,Fernanda Teixeira Silva,34,Sistemas de Informacao,Januaria,GO,5.75
20265794,Alexandre Medeiros,48,Medicina,Juiz de Fora,BA,6.05
20265795,Isabela Monteiro Ribeiro Teixeira,48,Administracao,Sao Francisco,RJ,6.76
20265796,Igor Dias Teixeira,44,Agronomia,Janauba,RJ,9.3
20265797,Isabela Moreira Fernandes,50,Direito,Lavras,BA,8.22
20265798,Rodrigo Cardoso Pereira,32,Ciencia da Computacao,Januaria,MG,5.86
20265799,Flavia Soares Dias,33,Analise e Desenvolvimento de Sistemas,Brasilia de Minas,RJ,8.05
20265800,Amanda Soares Teixeira,36,Engenharia de Software,Juiz de Fora,MG,6.4
20265801,Yasmin Andrade,20,Medicina,Coronel Fabriciano,BA,8.75
20265802,Isabela Castro Dias,24,Engenharia Eletrica,Lavras,MG,7.89
20265803,Nicolas Cavalcanti Mendes,41,Fisica,Governador Valadares,SP,6.6
20265804,Mariana Medeiros Moura,24,Fisica,Belo Horizonte,BA,9.33
20265805,Vinicius Rodrigues Brito,47,Direito,Salinas,MG,7.55
20265806,Enzo Mendes Freitas Vieira,30,Administracao,Januaria,DF,6.29
20265807,Ana Pinto Moura,39,Matematica,Almenara,RJ,5.49
20265808,Guilherme Medeiros Fernandes,48,Engenharia de Software,Governador Valadares,BA,9.75
20265809,Matheus Moreira Moura,52,Matematica,Belo Horizonte,GO,7.48
20265810,Fernanda Moura,48,Direito,Coronel Fabriciano,SP,9.74
20265811,Daniela Cavalcanti Vieira,30,Engenharia Eletrica,Governador Valadares,RJ,8.11
20265812,Eduardo Mendes,54,Quimica,Januaria,GO,8.86
20265813,Nicolas Rodrigues Lima Marques,19,Medicina,Janauba,GO,9.14
20265814,Igor Cavalcanti Barbosa,39,Matematica,Sao Francisco,ES,8.74
20265815,Isabela Medeiros Rocha Andrade,54,Engenharia Eletrica,Teofilo Otoni,RJ,7.53
20265816,Natalia Moura Lopes,46,Analise e Desenvolvimento de Sistemas,Pirapora,DF,7.55
20265817,Caio Pinto Barbosa,24,Sistemas de Informacao,Diamantina,DF,8.64
20265818,Amanda Ribeiro Martins,29,Medicina,Lavras,MG,9.73
20265819,Caio Rocha,49,Engenharia Eletrica,Pirapora,DF,6.88
20265820,Larissa Fernandes,31,Medicina,Pirapora,DF,6.39
20265821,Guilherme Martins,26,Direito,Januaria,BA,6.01
20265822,Carlos Lima Moura,22,Ciencia da Computacao,Coronel Fabriciano,MG,8.83
20265823,Enzo Almeida Vieira Fernandes,31,Analise e Desenvolvimento de Sistemas,Porteirinha,GO,7.03
20265824,Enzo Carvalho,33,Quimica,Sao Francisco,RJ,6.36
20265825,Mariana Pinto Monteiro Ramos,20,Sistemas de Informacao,Janauba,BA,5.46
20265826,Fernanda Fernandes Almeida Nascimento,24,Direito,Almenara,GO,5.97
20265827,Rodrigo Andrade Oliveira,34,Quimica,Brasilia de Minas,ES,6.78
20265828,Juliana Lopes Dias,36,Fisica,Vicosa,BA,9.3
20265829,Alexandre Andrade Lopes,20,Administracao,Salinas,MG,9.87
20265830,Ana Fernandes Andrade,51,Matematica,Almenara,RJ,6.78
20265831,Nicolas Fernandes Souza,50,Direito,Januaria,DF,6.83
20265832,Pedro Almeida Dias,41,Medicina,Coronel Fabriciano,BA,7.49
20265833,Eduardo Moura Gomes,53,Engenharia de Software,Belo Horizonte,ES,7.76
20265834,Camila Moreira Pinto,53,Ciencia da Computacao,Januaria,DF,6.69
20265835,Olivia Martins Moura,18,Direito,Governador Valadares,GO,9.75
20265836,Enzo Silva Medeiros,36,Ciencia da Computacao,Brasilia de Minas,SP,7.23
20265837,Bruno Alves Freitas Rocha,18,Medicina,Uberlandia,GO,9.11
20265838,Alexandre Moura Castro,20,Fisica,Coronel Fabriciano,SP,7.62
20265839,Amanda Ramos Lima,28,Analise e Desenvolvimento de Sistemas,Teofilo Otoni,SP,5.89
20265840,Bruno Souza Nunes,33,Quimica,Salinas,ES,5.51
20265841,Isabela Medeiros,48,Engenharia Eletrica,Diamantina,RJ,8.72
20265842,Fernanda Ferreira Barbosa,27,Ciencia da Computacao,Almenara,ES,6.95
20265843,Juliana Carvalho,28,Agronomia,Uberlandia,GO,9.2
20265844,Helena Fernandes Silva Lima,36,Medicina,Brasilia de Minas,BA,5.71
20265845,Juliana Costa Vieira Lopes,19,Sistemas de Informacao,Diamantina,GO,5.64
20265846,Ana Santos Alves Martins,26,Direito,Lavras,ES,5.84
20265847,Lucas Soares Lopes,39,Ciencia da Computacao,Curvelo,DF,7.39
20265848,Pedro Dias,32,Sistemas de Informacao,Governador Valadares,SP,9.77
20265849,Natalia Marques,29,Matematica,Porteirinha,GO,8.41
20265850,Natalia Moreira Vieira,21,Agronomia,Governador Valadares,DF,7.23
20265851,Debora Carvalho Moreira,22,Engenharia de Software,Montes Claros,ES,5.93
20265852,Carlos Castro Souza,43,Analise e Desenvolvimento de Sistemas,Diamantina,RJ,5.27
20265853,Nicolas Pereira Dias,45,Direito,Teofilo Otoni,RJ,5.34
20265854,Nicolas Machado Ribeiro Pinto,27,Engenharia de Software,Janauba,DF,7.93
20265855,Matheus Mendes Freitas,30,Agronomia,Teofilo Otoni,GO,6.47
20265856,Juliana Rodrigues Fernandes Machado,28,Matematica,Teofilo Otoni,BA,5.91
20265857,Camila Almeida,30,Agronomia,Salinas,BA,7.45
20265858,Mariana Costa Carvalho Dias,19,Administracao,Almenara,RJ,8.34
20265859,Vinicius Oliveira Alves Fernandes,37,Engenharia Eletrica,Teofilo Otoni,SP,6.66
20265860,Amanda Gomes,34,Medicina,Coronel Fabriciano,RJ,8.31
20265861,Thiago Almeida Medeiros,32,Quimica,Sao Francisco,MG,6.37
20265862,Luana Martins Martins Freitas,35,Engenharia Eletrica,Sao Francisco,BA,9.21
20265863,Pedro Carvalho Moura,46,Agronomia,Curvelo,SP,8.86
20265864,Luana Santos,39,Analise e Desenvolvimento de Sistemas,Januaria,ES,8.13
20265865,Leticia Cardoso Andrade,54,Medicina,Januaria,ES,8.43
20265866,Matheus Lima,32,Sistemas de Informacao,Belo Horizonte,MG,5.03
20265867,Guilherme Rodrigues,53,Administracao,Governador Valadares,DF,6.49
20265868,Flavia Freitas Vieira Freitas,40,Sistemas de Informacao,Governador Valadares,MG,6.32
20265869,Debora Moreira Andrade,20,Agronomia,Coronel Fabriciano,ES,5.67
20265870,Larissa Silva Ribeiro Dias,26,Fisica,Sao Francisco,DF,8.93
20265871,Samuel Alves Pereira,21,Medicina,Sao Francisco,GO,7.01
20265872,Eduardo Gomes Machado,44,Direito,Uberlandia,GO,7.49
20265873,Thiago Soares Souza Rocha,54,Administracao,Brasilia de Minas,RJ,5.17
20265874,Tatiana Costa Vieira,38,Analise e Desenvolvimento de Sistemas,Almenara,MG,7.11
20265875,Pedro Lima Marques,22,Engenharia de Software,Diamantina,SP,9.26
20265876,Olivia Cardoso Rodrigues,40,Sistemas de Informacao,Porteirinha,BA,8.89
20265877,Eduardo Dias,44,Agronomia,Diamantina,GO,9.46
20265878,Debora Lopes Rodrigues,29,Sistemas de Informacao,Sao Francisco,BA,8.61
20265879,Tatiana Pinto Mendes Vieira,46,Agronomia,Juiz de Fora,MG,7.13
20265880,Enzo Vieira Vieira,28,Agronomia,Uberlandia,GO,9.59
20265881,Larissa Santos Freitas,51,Engenharia Eletrica,Januaria,GO,5.34
20265882,Igor Vieira,36,Agronomia,Montes Claros,SP,6.92
20265883,Igor Alves Pereira,50,Direito,Brasilia de Minas,GO,7.87
20265884,Tatiana Soares,55,Engenharia Eletrica,Januaria,GO,9.75
20265885,Joao Costa Martins Rodrigues,36,Matematica,Teofilo Otoni,MG,6.39
20265886,Bruno Marques Vieira,21,Engenharia de Software,Salinas,BA,5.36
20265887,Tatiana Carvalho Rodrigues,19,Medicina,Sao Francisco,DF,5.05
20265888,Camila Teixeira,47,Agronomia,Janauba,MG,6.9
20265889,Isabela Mendes,40,Fisica,Pirapora,SP,5.57
20265890,Caio Rodrigues Dias,43,Ciencia da Computacao,Curvelo,SP,5.59
20265891,Larissa Cardoso Souza Gomes,22,Medicina,Diamantina,ES,6.9
20265892,Beatriz Pereira,25,Engenharia Eletrica,Uberlandia,BA,9.24
20265893,Gabriel Soares Carvalho,41,Matematica,Belo Horizonte,SP,5.55
20265894,Guilherme Rocha Silva,34,Quimica,Vicosa,BA,9.64
20265895,Helena Oliveira Ramos,30,Direito,Salinas,BA,5.71
20265896,Alexandre Oliveira Cavalcanti,37,Medicina,Teofilo Otoni,SP,9.54
20265897,Isabela Oliveira Brito,45,Fisica,Curvelo,BA,6.56
20265898,Rafaela Marques Oliveira Alves,18,Matematica,Governador Valadares,ES,6.16
20265899,Amanda Alves,35,Ciencia da Computacao,Montes Claros,DF,7.92
20265900,Helena Costa Brito,46,Quimica,Pirapora,DF,7.88
20265901,Mariana Moura Moura,46,Engenharia de Software,Salinas,SP,8.48
20265902,Samuel Brito Gomes Nascimento,34,Fisica,Belo Horizonte,SP,8.47
20265903,Juliana Nunes Machado Soares,29,Direito,Diamantina,ES,9.59
20265904,Gustavo Nunes Machado,35,Agronomia,Salinas,MG,5.18
20265905,Lucas Medeiros,26,Quimica,Juiz de Fora,BA,9.01
20265906,Isabela Ramos,48,Direito,Governador Valadares,ES,6.14
20265907,Larissa Teixeira Rodrigues,18,Direito,Montes Claros,ES,8.39
20265908,Daniela Teixeira,32,Fisica,Sao Francisco,MG,8.51
20265909,Pedro Martins Alves Nascimento,47,Matematica,Teofilo Otoni,MG,7.75
20265910,Isabela Moreira Ferreira,42,Fisica,Teofilo Otoni,MG,5.4
20265911,Juliana Pinto Rocha Pereira,26,Administracao,Coronel Fabriciano,MG,9.32
20265912,Guilherme Pinto Machado,25,Engenharia Eletrica,Montes Claros,ES,6.33
20265913,Luana Santos Medeiros,29,Fisica,Vicosa,RJ,9.4
20265914,Guilherme Santos Moura,44,Analise e Desenvolvimento de Sistemas,Belo Horizonte,BA,9.0
20265915,Caio Oliveira Nunes,43,Quimica,Coronel Fabriciano,GO,9.89
20265916,Beatriz Nascimento Santos,51,Fisica,Montes Claros,GO,5.18
20265917,Daniela Castro Souza Monteiro,31,Ciencia da Computacao,Uberlandia,GO,8.05
20265918,Amanda Teixeira Oliveira,40,Medicina,Uberlandia,SP,6.53
20265919,Thiago Vieira,22,Sistemas de Informacao,Porteirinha,BA,7.05
20265920,Debora Silva Ribeiro,55,Matematica,Januaria,RJ,6.95
20265921,Rodrigo Pereira Barbosa,52,Analise e Desenvolvimento de Sistemas,Uberlandia,RJ,7.56
20265922,Rafaela Lima Ferreira,46,Direito,Porteirinha,ES,9.08
20265923,Helena Cardoso Machado,46,Medicina,Sao Francisco,MG,9.75
20265924,Carlos Fernandes Martins Ramos,39,Fisica,Belo Horizonte,GO,9.29
20265925,Joao Nascimento Lima,29,Matematica,Janauba,MG,8.51
20265926,Leticia Nunes Oliveira,30,Matematica,Januaria,BA,7.08
20265927,Isabela Mendes Andrade,43,Direito,Sao Francisco,DF,6.0
20265928,Eduardo Rocha Lopes Soares,49,Engenharia de Software,Belo Horizonte,ES,9.58
20265929,Camila Alves Costa,21,Direito,Ouro Preto,MG,8.74
20265930,Olivia Ramos Cavalcanti Ferreira,18,Engenharia Eletrica,Montes Claros,BA,8.11
20265931,Ana Teixeira Gomes Lopes,34,Engenharia Eletrica,Coronel Fabriciano,MG,7.93
20265932,Thiago Freitas Nascimento,49,Quimica,Lavras,ES,8.95
20265933,Flavia Nunes Ferreira,54,Ciencia da Computacao,Vicosa,RJ,6.28
20265934,Gustavo Souza Fernandes,32,Matematica,Brasilia de Minas,GO,8.29
20265935,Flavia Rodrigues Machado Gomes,26,Quimica,Teofilo Otoni,RJ,8.38
20265936,Igor Machado Alves Santos,39,Engenharia de Software,Januaria,BA,8.55
20265937,Mariana Moura,37,Administracao,Sao Francisco,GO,6.62
20265938,Fernanda Moura,55,Medicina,Coronel Fabriciano,ES,7.48
20265939,Samuel Brito Medeiros,31,Analise e Desenvolvimento de Sistemas,Curvelo,RJ,9.8
20265940,Gustavo Rodrigues Cavalcanti,20,Sistemas de Informacao,Diamantina,ES,6.44
20265941,Fernanda Barbosa Barbosa,34,Analise e Desenvolvimento de Sistemas,Diamantina,GO,8.31
20265942,Pedro Moreira Oliveira,21,Agronomia,Janauba,RJ,6.66
20265943,Larissa Castro Barbosa Mendes,43,Analise e Desenvolvimento de Sistemas,Pirapora,ES,8.51
20265944,Mariana Medeiros Santos,18,Sistemas de Informacao,Brasilia de Minas,ES,5.81
20265945,Beatriz Costa Martins,36,Administracao,Salinas,SP,5.34
20265946,Lucas Pereira Machado Ramos,43,Quimica,Montes Claros,DF,7.56
20265947,Carlos Ferreira Santos,42,Administracao,Janauba,ES,9.34
20265948,Lucas Barbosa Lima,41,Administracao,Sao Francisco,ES,5.64
20265949,Leticia Dias Soares,20,Fisica,Brasilia de Minas,GO,6.44
20265950,Pedro Medeiros Monteiro,43,Analise e Desenvolvimento de Sistemas,Lavras,BA,8.66
20265951,Enzo Castro Santos,51,Engenharia Eletrica,Porteirinha,SP,7.98
20265952,Carlos Lima Castro,43,Medicina,Diamantina,BA,8.37
20265953,Pedro Rodrigues Nascimento Martins,19,Direito,Montes Claros,RJ,9.37
20265954,Gabriel Brito Oliveira Vieira,51,Quimica,Vicosa,ES,7.08
20265955,Caio Souza,50,Quimica,Diamantina,BA,9.56
20265956,Alexandre Rodrigues Ribeiro,51,Sistemas de Informacao,Governador Valadares,GO,8.64
20265957,Fernanda Teixeira Carvalho,30,Direito,Ouro Preto,ES,5.53
20265958,Yasmin Gomes Nascimento,19,Direito,Brasilia de Minas,BA,7.58
20265959,Nicolas Castro,40,Fisica,Januaria,GO,8.48
20265960,Rodrigo Machado,46,Direito,Janauba,SP,5.0
20265961,Nicolas Rocha Cardoso Moreira,21,Fisica,Diamantina,RJ,9.21
20265962,Enzo Rodrigues Fernandes,29,Engenharia de Software,Vicosa,SP,5.41
20265963,Fernanda Machado Almeida,27,Matematica,Janauba,RJ,7.04
20265964,Tatiana Teixeira,28,Quimica,Porteirinha,GO,6.19
20265965,Beatriz Rodrigues Mendes,51,Sistemas de Informacao,Juiz de Fora,GO,6.77
20265966,Nicolas Souza Moreira,22,Engenharia de Software,Coronel Fabriciano,MG,5.39
20265967,Fernanda Castro Moreira,37,Ciencia da Computacao,Januaria,MG,9.04
20265968,Alexandre Marques Teixeira,30,Fisica,Janauba,ES,8.21
20265969,Igor Mendes Moura,33,Fisica,Ouro Preto,RJ,7.34
20265970,Samuel Silva Lima,32,Engenharia de Software,Vicosa,DF,5.59
20265971,Nicolas Mendes Fernandes,18,Sistemas de Informacao,Ouro Preto,GO,8.83
20265972,Caio Machado Dias,29,Matematica,Diamantina,GO,6.84
20265973,Mariana Freitas Andrade,34,Medicina,Porteirinha,MG,6.15
20265974,Rodrigo Medeiros Lopes,46,Medicina,Governador Valadares,SP,6.61
20265975,Yasmin Costa Ribeiro,21,Matematica,Porteirinha,RJ,5.16
20265976,Samuel Ramos Nunes,40,Agronomia,Belo Horizonte,ES,8.24
20265977,Ana Rodrigues Monteiro Freitas,42,Quimica,Governador Valadares,BA,9.09
20265978,Rafaela Teixeira,52,Medicina,Almenara,DF,9.27
20265979,Caio Moura Almeida,35,Fisica,Porteirinha,BA,5.12
20265980,Luana Freitas Lopes Monteiro,38,Engenharia de Software,Porteirinha,DF,9.15
20265981,Daniela Gomes Brito Soares,52,Ciencia da Computacao,Brasilia de Minas,GO,7.08
20265982,Luana Monteiro Brito,20,Agronomia,Juiz de Fora,RJ,5.98
20265983,Samuel Ribeiro Ramos Costa,37,Direito,Juiz de Fora,MG,5.55
20265984,Larissa Martins Cardoso,52,Engenharia Eletrica,Janauba,RJ,5.6
20265985,Lucas Rodrigues Ramos Carvalho,42,Direito,Salinas,BA,8.64
20265986,Nicolas Rodrigues Vieira Santos,31,Engenharia Eletrica,Curvelo,GO,9.13
20265987,Guilherme Pereira Machado,28,Engenharia de Software,Coronel Fabriciano,ES,8.55
20265988,Thiago Machado Cardoso,43,Sistemas de Informacao,Salinas,ES,5.68
20265989,Thiago Ribeiro Lima,34,Direito,Coronel Fabriciano,GO,9.78
20265990,Isabela Mendes Oliveira Freitas,24,Administracao,Juiz de Fora,MG,8.13
20265991,Thiago Nascimento Freitas,27,Medicina,Juiz de Fora,ES,6.82
20265992,Alexandre Gomes,50,Ciencia da Computacao,Montes Claros,DF,8.04
20265993,Eduardo Almeida Mendes,33,Engenharia de Software,Janauba,SP,5.63
20265994,Gabriel Rodrigues Nascimento,38,Agronomia,Teofilo Otoni,DF,5.89
20265995,Helena Medeiros,39,Engenharia Eletrica,Juiz de Fora,MG,8.83
20265996,Joao Santos Machado Freitas,48,Fisica,Uberlandia,GO,7.97
20265997,Helena Carvalho Alves Nunes,37,Medicina,Diamantina,ES,5.96
20265998,Vinicius Costa Nascimento,38,Ciencia da Computacao,Diamantina,SP,6.2
20265999,Mariana Ferreira Oliveira,24,Sistemas de Informacao,Janauba,SP,8.42
20266000,Gustavo Rodrigues Vieira,55,Matematica,Governador Valadares,SP,9.16
20266001,Joao Cardoso Oliveira Almeida,24,Quimica,Vicosa,MG,6.77
20266002,Igor Andrade Monteiro,30,Sistemas de Informacao,Januaria,MG,9.4
20266003,Olivia Dias Barbosa Andrade,42,Analise e Desenvolvimento de Sistemas,Coronel Fabriciano,DF,7.31
20266004,Pedro Machado Teixeira,45,Analise e Desenvolvimento de Sistemas,Uberlandia,GO,9.17
20266005,Yasmin Barbosa Pinto,50,Engenharia Eletrica,Montes Claros,GO,6.98
20266006,Igor Marques Mendes Martins,54,Sistemas de Informacao,Montes Claros,RJ,9.02
20266007,Tatiana Lima Pinto Vieira,27,Matematica,Governador Valadares,DF,5.69
20266008,Luana Ribeiro,35,Direito,Porteirinha,BA,8.15
20266009,Beatriz Souza Machado Castro,48,Agronomia,Teofilo Otoni,MG,7.82
20266010,Rodrigo Cardoso Lima Pereira,24,Sistemas de Informacao,Montes Claros,BA,7.51
20266011,Luana Teixeira Martins Pinto,20,Engenharia Eletrica,Sao Francisco,MG,8.83
20266012,Debora Brito Nascimento Barbosa,49,Administracao,Salinas,RJ,7.74
20266013,Enzo Teixeira Oliveira Lopes,20,Engenharia de Software,Montes Claros,MG,9.24
20266014,Tatiana Marques Moura,19,Engenharia Eletrica,Belo Horizonte,MG,9.02
20266015,Olivia Lopes Marques Silva,40,Direito,Porteirinha,BA,5.91
20266016,Gabriel Pereira Nascimento Fernandes,54,Medicina,Governador Valadares,GO,8.62
20266017,Igor Medeiros Ferreira,48,Matematica,Pirapora,ES,6.86
20266018,Luana Souza Castro Rodrigues,33,Administracao,Brasilia de Minas,MG,7.4
20266019,Thiago Lima Santos,41,Matematica,Brasilia de Minas,ES,8.11
20266020,Bruno Medeiros Santos Rodrigues,44,Agronomia,Montes Claros,MG,8.71
20266021,Olivia Marques Santos,42,Engenharia de Software,Belo Horizonte,ES,6.47
20266022,Nicolas Fernandes Castro,49,Analise e Desenvolvimento de Sistemas,Almenara,MG,5.01
20266023,Carlos Pereira Andrade,30,Medicina,Belo Horizonte,DF,8.09
20266024,Bruno Nascimento Almeida Ribeiro,40,Administracao,Teofilo Otoni,SP,8.32
20266025,Felipe Monteiro Cavalcanti Santos,37,Matematica,Vicosa,MG,6.3
20266026,Beatriz Rocha Nascimento,24,Fisica,Coronel Fabriciano,ES,8.59
20266027,Vinicius Oliveira,39,Fisica,Juiz de Fora,DF,8.88
20266028,Vinicius Alves Ferreira Medeiros,31,Medicina,Belo Horizonte,ES,5.48
20266029,Rodrigo Pinto,22,Quimica,Coronel Fabriciano,DF,8.77
20266030,Bruno Brito Andrade,27,Engenharia Eletrica,Lavras,DF,6.63
20266031,Enzo Moura Oliveira,34,Quimica,Belo Horizonte,ES,6.28
20266032,Carlos Teixeira Moura,55,Sistemas de Informacao,Janauba,DF,9.47
20266033,Alexandre Cardoso Teixeira,30,Matematica,Ouro Preto,MG,5.94
20266034,Joao Cardoso,31,Engenharia Eletrica,Almenara,MG,6.8
20266035,Leticia Marques Medeiros,37,Agronomia,Sao Francisco,BA,8.39
20266036,Camila Freitas Monteiro,22,Analise e Desenvolvimento de Sistemas,Porteirinha,MG,8.54
20266037,Helena Fernandes Silva,38,Ciencia da Computacao,Salinas,ES,5.49
20266038,Enzo Rodrigues Ramos Oliveira,18,Ciencia da Computacao,Porteirinha,ES,9.02
20266039,Gabriel Lima Martins,34,Agronomia,Pirapora,MG,9.29
20266040,Alexandre Costa Rocha,38,Analise e Desenvolvimento de Sistemas,Curvelo,RJ,5.72
20266041,Isabela Ferreira Fernandes Fernandes,24,Sistemas de Informacao,Curvelo,ES,7.18
20266042,Daniela Brito,30,Fisica,Almenara,MG,6.63
20266043,Gabriel Ramos Machado,25,Engenharia Eletrica,Pirapora,DF,6.51
20266044,Lucas Soares Oliveira Castro,43,Quimica,Janauba,DF,5.66
20266045,Eduardo Lima Pereira,42,Administracao,Curvelo,SP,7.53
20266046,Daniela Silva Rodrigues Rodrigues,28,Quimica,Belo Horizonte,BA,9.79
20266047,Guilherme Freitas,55,Administracao,Janauba,SP,8.07
20266048,Larissa Lopes Ribeiro,32,Agronomia,Belo Horizonte,RJ,7.47
20266049,Rafaela Barbosa,36,Administracao,Teofilo Otoni,BA,8.93
20266050,Natalia Soares,21,Medicina,Belo Horizonte,ES,8.3
20266051,Thiago Silva Dias Brito,41,Ciencia da Computacao,Governador Valadares,DF,9.43
20266052,Tatiana Costa Moura Rodrigues,45,Agronomia,Diamantina,RJ,5.75
20266053,Natalia Ribeiro Ferreira Santos,50,Direito,Teofilo Otoni,RJ,6.4
20266054,Daniela Andrade Pinto Ferreira,40,Quimica,Juiz de Fora,DF,7.81
20266055,Fernanda Andrade Dias Dias,23,Agronomia,Brasilia de Minas,ES,6.75
20266056,Debora Costa Brito Machado,34,Analise e Desenvolvimento de Sistemas,Janauba,BA,5.67
20266057,Igor Monteiro Barbosa,27,Engenharia de Software,Lavras,RJ,9.54
20266058,Thiago Cavalcanti Souza,28,Ciencia da Computacao,Almenara,ES,5.37
20266059,Mariana Moreira Rocha Alves,33,Quimica,Porteirinha,BA,5.16
20266060,Natalia Moura Pereira,33,Engenharia Eletrica,Brasilia de Minas,SP,9.7
20266061,Igor Andrade Almeida Souza,31,Ciencia da Computacao,Almenara,SP,9.16
20266062,Ana Pereira Pereira,31,Engenharia Eletrica,Brasilia de Minas,RJ,6.48
20266063,Fernanda Vieira Lopes,47,Fisica,Vicosa,ES,8.32
20266064,Debora Dias Brito,26,Quimica,Almenara,RJ,9.73
20266065,Igor Machado,21,Quimica,Brasilia de Minas,ES,7.29
20266066,Matheus Brito Pinto,51,Direito,Teofilo Otoni,SP,6.97
20266067,Yasmin Rodrigues Rodrigues,31,Medicina,Montes Claros,DF,7.19
20266068,Vinicius Brito Brito,42,Direito,Teofilo Otoni,GO,7.19
20266069,Olivia Medeiros Marques,50,Ciencia da Computacao,Januaria,RJ,5.55
20266070,Vinicius Ramos,38,Ciencia da Computacao,Sao Francisco,GO,5.9
20266071,Eduardo Gomes,48,Ciencia da Computacao,Brasilia de Minas,BA,5.63
20266072,Thiago Almeida Lopes,26,Analise e Desenvolvimento de Sistemas,Ouro Preto,MG,8.96
20266073,Helena Marques Rodrigues,45,Administracao,Governador Valadares,GO,7.31
20266074,Guilherme Pinto Ramos,20,Direito,Pirapora,MG,7.96
20266075,Amanda Dias Rodrigues,25,Engenharia Eletrica,Sao Francisco,RJ,7.67
20266076,Rafaela Pinto Souza,30,Direito,Pirapora,SP,8.17
20266077,Camila Nunes Silva Ribeiro,43,Engenharia de Software,Almenara,BA,6.98
20266078,Yasmin Dias,50,Agronomia,Brasilia de Minas,GO,6.84
20266079,Olivia Mendes Rodrigues,35,Direito,Ouro Preto,RJ,6.7
20266080,Bruno Nascimento,47,Fisica,Salinas,MG,9.36
20266081,Natalia Moura Soares Barbosa,35,Ciencia da Computacao,Januaria,BA,8.59
20266082,Rodrigo Castro Soares Costa,35,Engenharia de Software,Diamantina,RJ,7.98
20266083,Enzo Machado Souza,36,Engenharia de Software,Ouro Preto,DF,6.95
20266084,Larissa Pereira Pereira Cavalcanti,51,Engenharia Eletrica,Uberlandia,MG,7.58
20266085,Joao Almeida Vieira Mendes,47,Engenharia de Software,Curvelo,RJ,7.15
20266086,Vinicius Andrade Lima,47,Analise e Desenvolvimento de Sistemas,Diamantina,GO,8.11
20266087,Camila Moura,24,Medicina,Uberlandia,RJ,6.6
20266088,Olivia Dias Fernandes,40,Medicina,Juiz de Fora,ES,7.24
20266089,Larissa Castro Souza Cardoso,46,Fisica,Januaria,DF,6.51
20266090,Beatriz Carvalho Santos,19,Engenharia Eletrica,Vicosa,BA,5.51
20266091,Gabriel Gomes Cardoso Ribeiro,40,Matematica,Teofilo Otoni,MG,8.13
20266092,Leticia Nascimento Moreira,46,Quimica,Almenara,SP,5.26
20266093,Lucas Rocha Alves,49,Direito,Brasilia de Minas,GO,7.61
20266094,Juliana Nunes Barbosa,27,Quimica,Porteirinha,BA,7.15
20266095,Igor Gomes,19,Sistemas de Informacao,Almenara,MG,6.35
20266096,Vinicius Medeiros,43,Ciencia da Computacao,Juiz de Fora,BA,6.84
20266097,Daniela Alves,35,Agronomia,Juiz de Fora,RJ,5.23
20266098,Pedro Mendes Costa,41,Ciencia da Computacao,Januaria,ES,6.17
20266099,Helena Medeiros,39,Administracao,Governador Valadares,BA,8.87
20266100,Ana Machado,40,Ciencia da Computacao,Coronel Fabriciano,ES,6.9
20266101,Beatriz Cavalcanti Moura,34,Engenharia de Software,Sao Francisco,BA,6.07
20266102,Samuel Rodrigues Alves,19,Ciencia da Computacao,Teofilo Otoni,MG,7.64
20266103,Flavia Oliveira Barbosa,21,Administracao,Almenara,BA,9.63
20266104,Debora Pereira,47,Medicina,Pirapora,ES,6.84
20266105,Mariana Medeiros Marques,19,Medicina,Lavras,RJ,6.73
20266106,Tatiana Carvalho,35,Sistemas de Informacao,Teofilo Otoni,MG,7.43
20266107,Vinicius Carvalho,23,Fisica,Januaria,RJ,7.24
20266108,Leticia Freitas,34,Matematica,Governador Valadares,DF,6.63
20266109,Nicolas Nunes Ramos,36,Sistemas de Informacao,Ouro Preto,GO,6.95
20266110,Flavia Cardoso,51,Direito,Belo Horizonte,ES,8.74
20266111,Helena Alves Rodrigues,31,Ciencia da Computacao,Sao Francisco,BA,8.37
20266112,Olivia Moura Almeida,41,Sistemas de Informacao,Almenara,BA,7.28
20266113,Tatiana Vieira Moura,19,Administracao,Diamantina,GO,5.92
20266114,Luana Nunes Monteiro,34,Administracao,Januaria,SP,9.14
20266115,Lucas Marques Alves Nunes,41,Medicina,Brasilia de Minas,BA,7.29
20266116,Amanda Medeiros Cardoso,21,Sistemas de Informacao,Pirapora,SP,8.28
20266117,Enzo Brito,20,Engenharia de Software,Vicosa,GO,6.86
20266118,Luana Machado,41,Engenharia de Software,Brasilia de Minas,MG,7.88
20266119,Samuel Martins,49,Direito,Januaria,BA,8.03
20266120,Carlos Dias Silva,31,Medicina,Uberlandia,DF,9.05
20266121,Joao Ribeiro,35,Administracao,Porteirinha,DF,6.59
20266122,Flavia Silva Vieira Cavalcanti,40,Engenharia Eletrica,Salinas,ES,7.91
20266123,Alexandre Nunes Lopes Ribeiro,29,Fisica,Coronel Fabriciano,RJ,7.97
20266124,Eduardo Ramos Teixeira Dias,25,Sistemas de Informacao,Sao Francisco,ES,8.49
20266125,Mariana Pinto Rodrigues,43,Matematica,Brasilia de Minas,BA,8.74
20266126,Gustavo Gomes,40,Analise e Desenvolvimento de Sistemas,Ouro Preto,SP,5.35
20266127,Matheus Moreira Ferreira,49,Administracao,Sao Francisco,GO,7.37
20266128,Samuel Andrade,51,Agronomia,Diamantina,RJ,7.12
20266129,Leticia Carvalho Lopes,36,Ciencia da Computacao,Lavras,BA,8.59
20266130,Matheus Teixeira Carvalho Nunes,25,Medicina,Curvelo,BA,9.17
20266131,Flavia Moreira Moura,19,Agronomia,Montes Claros,RJ,7.89
20266132,Rafaela Souza Santos,21,Sistemas de Informacao,Almenara,RJ,9.89
20266133,Nicolas Marques,19,Engenharia de Software,Vicosa,DF,5.03
20266134,Carlos Lopes,32,Direito,Salinas,SP,5.7
20266135,Matheus Vieira,46,Sistemas de Informacao,Vicosa,DF,7.79
20266136,Juliana Marques Teixeira,35,Matematica,Janauba,SP,5.77
20266137,Igor Brito Lopes Lopes,43,Quimica,Curvelo,DF,9.73
20266138,Yasmin Santos Cardoso,29,Agronomia,Salinas,DF,9.86
20266139,Luana Teixeira Alves Marques,22,Fisica,Lavras,MG,7.89
20266140,Bruno Castro Cavalcanti,53,Quimica,Januaria,SP,5.1
20266141,Flavia Ribeiro Mendes,27,Engenharia de Software,Brasilia de Minas,SP,9.06
20266142,Debora Castro,34,Sistemas de Informacao,Coronel Fabriciano,RJ,6.14
20266143,Matheus Ribeiro,29,Sistemas de Informacao,Pirapora,DF,6.55
20266144,Juliana Rocha Souza,24,Administracao,Governador Valadares,DF,7.83
20266145,Mariana Medeiros Mendes Soares,41,Engenharia Eletrica,Salinas,GO,8.26
20266146,Eduardo Machado Silva,52,Administracao,Teofilo Otoni,DF,9.7
20266147,Alexandre Alves Almeida Martins,55,Administracao,Uberlandia,DF,8.54
20266148,Beatriz Freitas Rocha Gomes,54,Administracao,Coronel Fabriciano,GO,6.49
20266149,Eduardo Ferreira Teixeira Ferreira,31,Sistemas de Informacao,Montes Claros,RJ,5.76
20266150,Helena Pinto Ferreira Cavalcanti,34,Administracao,Janauba,SP,9.22
20266151,Olivia Machado Pinto Teixeira,39,Engenharia Eletrica,Coronel Fabriciano,RJ,9.32
20266152,Debora Nascimento Brito Brito,55,Engenharia Eletrica,Governador Valadares,RJ,9.89
20266153,Joao Nunes Souza,29,Sistemas de Informacao,Belo Horizonte,RJ,6.35
20266154,Thiago Nascimento Alves,36,Analise e Desenvolvimento de Sistemas,Juiz de Fora,GO,5.02
20266155,Samuel Gomes Vieira,24,Administracao,Almenara,RJ,5.97
20266156,Matheus Fernandes Fernandes,27,Sistemas de Informacao,Almenara,MG,9.2
20266157,Igor Alves Pinto,48,Analise e Desenvolvimento de Sistemas,Lavras,MG,8.27
20266158,Thiago Santos Almeida Soares,46,Analise e Desenvolvimento de Sistemas,Pirapora,RJ,6.6
20266159,Mariana Pinto,41,Agronomia,Diamantina,GO,7.74
20266160,Olivia Lopes,28,Direito,Pirapora,MG,6.46
20266161,Alexandre Ferreira Carvalho,38,Fisica,Uberlandia,GO,5.99
20266162,Vinicius Almeida Rodrigues,46,Engenharia Eletrica,Governador Valadares,GO,9.72
20266163,Enzo Almeida Martins Nascimento,34,Direito,Salinas,GO,6.76
20266164,Olivia Lopes Teixeira,28,Medicina,Brasilia de Minas,MG,7.38
20266165,Thiago Gomes Gomes,20,Administracao,Ouro Preto,BA,7.79
20266166,Samuel Dias Monteiro,20,Sistemas de Informacao,Lavras,SP,6.7
20266167,Leticia Marques,54,Fisica,Pirapora,DF,7.76
20266168,Fernanda Machado Ribeiro,41,Engenharia de Software,Governador Valadares,ES,5.96
20266169,Alexandre Lopes Marques Dias,24,Analise e Desenvolvimento de Sistemas,Belo Horizonte,ES,9.74
20266170,Pedro Marques,47,Quimica,Brasilia de Minas,DF,6.89
20266171,Isabela Silva Rocha,35,Analise e Desenvolvimento de Sistemas,Diamantina,RJ,8.34
20266172,Rafaela Moreira Cardoso,23,Sistemas de Informacao,Vicosa,GO,6.27
20266173,Gustavo Andrade,33,Engenharia Eletrica,Teofilo Otoni,MG,7.22
20266174,Gustavo Barbosa Silva,42,Matematica,Juiz de Fora,BA,9.84
20266175,Juliana Souza Fernandes,23,Agronomia,Uberlandia,BA,8.0
20266176,Gabriel Moreira,46,Agronomia,Juiz de Fora,SP,8.64
20266177,Enzo Soares Ramos Soares,18,Engenharia Eletrica,Governador Valadares,DF,5.7
20266178,Rafaela Pereira Mendes,39,Medicina,Montes Claros,SP,6.92
20266179,Helena Vieira,32,Agronomia,Porteirinha,MG,6.11
20266180,Igor Moreira Cardoso Dias,36,Medicina,Juiz de Fora,RJ,9.01
20266181,Amanda Vieira Ferreira,34,Sistemas de Informacao,Sao Francisco,GO,8.69
20266182,Flavia Martins Marques,21,Analise e Desenvolvimento de Sistemas,Lavras,SP,8.17
20266183,Camila Ribeiro,30,Engenharia Eletrica,Belo Horizonte,BA,8.03
20266184,Natalia Teixeira Carvalho Barbosa,30,Medicina,Ouro Preto,GO,8.35
20266185,Amanda Alves Castro,47,Direito,Uberlandia,BA,7.51
20266186,Flavia Medeiros Gomes,27,Medicina,Porteirinha,BA,7.39
20266187,Guilherme Nunes Ribeiro,50,Direito,Pirapora,MG,7.26
20266188,Isabela Andrade,31,Fisica,Janauba,ES,8.71
20266189,Nicolas Castro Fernandes,41,Ciencia da Computacao,Uberlandia,GO,7.78
20266190,Rodrigo Lima Castro,34,Agronomia,Uberlandia,BA,8.83
20266191,Thiago Freitas,27,Agronomia,Janauba,SP,8.4
20266192,Joao Pinto Carvalho,37,Analise e Desenvolvimento de Sistemas,Salinas,SP,9.4
20266193,Samuel Costa Rodrigues Nascimento,34,Engenharia de Software,Januaria,ES,6.97
20266194,Juliana Barbosa Gomes Monteiro,41,Direito,Porteirinha,MG,6.52
20266195,Debora Costa Ramos Freitas,19,Analise e Desenvolvimento de Sistemas,Sao Francisco,SP,9.51
20266196,Pedro Souza Mendes,46,Matematica,Governador Valadares,RJ,6.57
20266197,Ana Pinto Santos,43,Quimica,Sao Francisco,DF,9.0
20266198,Luana Vieira Santos Ramos,28,Analise e Desenvolvimento de Sistemas,Porteirinha,DF,7.0
20266199,Carlos Fernandes Pereira,22,Direito,Januaria,ES,5.75
20266200,Daniela Pinto,27,Medicina,Salinas,DF,8.43
20266201,Ana Ribeiro Pinto,40,Ciencia da Computacao,Salinas,DF,8.61
20266202,Samuel Mendes Ribeiro,54,Ciencia da Computacao,Sao Francisco,SP,6.58
20266203,Rodrigo Martins Brito,19,Engenharia de Software,Governador Valadares,RJ,6.69
20266204,Vinicius Rocha Moreira Cavalcanti,36,Engenharia de Software,Almenara,DF,6.87
20266205,Rafaela Monteiro,52,Engenharia de Software,Uberlandia,SP,5.32
20266206,Olivia Vieira Monteiro Martins,21,Agronomia,Almenara,SP,5.44
20266207,Isabela Souza,43,Fisica,Porteirinha,GO,9.2
20266208,Amanda Oliveira Martins,41,Fisica,Curvelo,BA,9.28
20266209,Helena Ramos Cardoso,30,Analise e Desenvolvimento de Sistemas,Brasilia de Minas,GO,8.37
20266210,Carlos Freitas Pereira,53,Quimica,Almenara,DF,9.78
20266211,Felipe Costa Ferreira,42,Fisica,Montes Claros,RJ,8.26
20266212,Pedro Rodrigues Moura,42,Direito,Lavras,MG,8.31
20266213,Bruno Cavalcanti Souza,27,Analise e Desenvolvimento de Sistemas,Ouro Preto,ES,6.18
20266214,Thiago Cardoso Silva,26,Fisica,Sao Francisco,RJ,7.98
20266215,Caio Machado Barbosa,35,Fisica,Salinas,MG,7.97
20266216,Caio Vieira Mendes,29,Agronomia,Coronel Fabriciano,BA,7.9
20266217,Flavia Costa Barbosa,19,Fisica,Teofilo Otoni,BA,7.46
20266218,Luana Gomes Souza,32,Engenharia Eletrica,Vicosa,GO,6.69
20266219,Alexandre Silva,20,Matematica,Montes Claros,GO,5.94
20266220,Matheus Lima Moura,42,Matematica,Diamantina,ES,6.67
20266221,Fernanda Santos Moreira,48,Analise e Desenvolvimento de Sistemas,Diamantina,BA,9.51
20266222,Enzo Rocha,31,Engenharia de Software,Ouro Preto,GO,5.26
20266223,Yasmin Medeiros,42,Administracao,Lavras,ES,7.82
20266224,Leticia Andrade,53,Medicina,Janauba,GO,5.89
20266225,Helena Andrade,37,Engenharia de Software,Brasilia de Minas,ES,9.16
20266226,Juliana Silva Mendes,35,Ciencia da Computacao,Sao Francisco,MG,8.91
20266227,Leticia Freitas Silva Martins,26,Sistemas de Informacao,Pirapora,GO,8.19
20266228,Luana Brito Souza,26,Medicina,Porteirinha,GO,9.39
20266229,Camila Lopes Medeiros,22,Ciencia da Computacao,Belo Horizonte,BA,5.03
20266230,Daniela Almeida Ramos,26,Agronomia,Salinas,MG,9.84
20266231,Gustavo Freitas Ribeiro Castro,39,Direito,Janauba,SP,9.33
20266232,Isabela Carvalho,47,Ciencia da Computacao,Januaria,RJ,8.74
20266233,Olivia Carvalho Santos,29,Sistemas de Informacao,Sao Francisco,MG,7.29
20266234,Felipe Brito Brito,29,Engenharia Eletrica,Teofilo Otoni,RJ,6.4
20266235,Olivia Carvalho,37,Medicina,Curvelo,GO,6.7
20266236,Luana Andrade,43,Medicina,Coronel Fabriciano,BA,5.31
20266237,Gustavo Rocha Castro Oliveira,55,Quimica,Curvelo,SP,9.29
20266238,Yasmin Ramos,41,Analise e Desenvolvimento de Sistemas,Juiz de Fora,RJ,9.15
20266239,Leticia Ribeiro Nascimento Marques,36,Agronomia,Sao Francisco,ES,7.1
20266240,Natalia Machado Marques,55,Medicina,Janauba,GO,7.43
20266241,Alexandre Pereira Monteiro Marques,41,Ciencia da Computacao,Coronel Fabriciano,RJ,7.94
20266242,Guilherme Fernandes Dias Rodrigues,24,Medicina,Curvelo,GO,5.03
20266243,Beatriz Marques Teixeira,47,Ciencia da Computacao,Brasilia de Minas,DF,5.81
20266244,Luana Ramos Brito,40,Ciencia da Computacao,Ouro Preto,MG,8.85
20266245,Flavia Marques Silva,42,Analise e Desenvolvimento de Sistemas,Lavras,GO,8.83
20266246,Rodrigo Andrade Oliveira Vieira,24,Administracao,Almenara,DF,7.28
20266247,Lucas Santos,28,Sistemas de Informacao,Janauba,BA,5.54
20266248,Pedro Monteiro Silva Ribeiro,55,Fisica,Brasilia de Minas,SP,8.43
20266249,Igor Ramos Moreira,33,Medicina,Pirapora,DF,6.44
20266250,Amanda Cardoso Ferreira,38,Fisica,Pirapora,BA,8.3
20266251,Tatiana Andrade Monteiro Castro,33,Quimica,Ouro Preto,SP,6.1
20266252,Pedro Dias Teixeira,36,Matematica,Governador Valadares,GO,9.1
20266253,Eduardo Machado Pinto,40,Analise e Desenvolvimento de Sistemas,Sao Francisco,DF,8.16
20266254,Beatriz Gomes Lima,53,Quimica,Vicosa,GO,8.33
20266255,Ana Medeiros,20,Engenharia Eletrica,Ouro Preto,MG,7.43
20266256,Thiago Freitas Lopes,22,Engenharia Eletrica,Salinas,SP,9.38
20266257,Olivia Machado Santos,54,Agronomia,Governador Valadares,GO,5.47
20266258,Alexandre Silva Vieira Rocha,42,Fisica,Pirapora,ES,8.21
20266259,Tatiana Souza Santos Andrade,49,Medicina,Lavras,BA,6.28
20266260,Vinicius Nascimento Castro,35,Sistemas de Informacao,Salinas,MG,8.51
20266261,Rodrigo Vieira,23,Agronomia,Teofilo Otoni,ES,8.07
20266262,Alexandre Fernandes Medeiros Oliveira,47,Agronomia,Juiz de Fora,BA,6.59
20266263,Debora Barbosa,25,Medicina,Pirapora,ES,5.24
20266264,Debora Mendes Freitas,18,Direito,Curvelo,RJ,8.22
20266265,Flavia Ferreira,45,Matematica,Porteirinha,MG,6.04
20266266,Gabriel Costa Cavalcanti,34,Agronomia,Belo Horizonte,RJ,9.15
20266267,Debora Pinto Andrade,52,Sistemas de Informacao,Vicosa,RJ,8.61
20266268,Amanda Brito Lima,26,Administracao,Governador Valadares,DF,8.22
20266269,Enzo Medeiros Soares Castro,19,Administracao,Montes Claros,DF,7.57
20266270,Isabela Pereira,19,Ciencia da Computacao,Teofilo Otoni,GO,6.1
20266271,Igor Santos Brito Soares,41,Matematica,Coronel Fabriciano,ES,5.54
20266272,Matheus Carvalho Soares Castro,34,Analise e Desenvolvimento de Sistemas,Ouro Preto,SP,9.54
20266273,Nicolas Carvalho Cardoso,40,Matematica,Lavras,GO,8.53
20266274,Fernanda Lopes Cavalcanti,48,Quimica,Lavras,RJ,9.27
20266275,Camila Ferreira,23,Engenharia Eletrica,Diamantina,BA,8.9
20266276,Lucas Carvalho Martins,24,Engenharia de Software,Diamantina,BA,6.35
20266277,Joao Silva Freitas,24,Sistemas de Informacao,Vicosa,ES,7.38
20266278,Rafaela Lopes Teixeira,49,Matematica,Januaria,DF,7.51
20266279,Mariana Ribeiro,21,Agronomia,Almenara,BA,9.31
20266280,Camila Vieira Lopes,38,Engenharia Eletrica,Governador Valadares,RJ,7.52
20266281,Leticia Alves Marques Soares,55,Medicina,Vicosa,MG,8.94
20266282,Vinicius Gomes,39,Matematica,Curvelo,MG,5.07
20266283,Mariana Teixeira Vieira Costa,26,Engenharia de Software,Pirapora,RJ,5.21
20266284,Pedro Alves,33,Direito,Vicosa,GO,6.35
20266285,Pedro Souza Dias,48,Matematica,Teofilo Otoni,SP,8.47
20266286,Natalia Almeida Almeida,33,Medicina,Lavras,MG,6.14
20266287,Lucas Souza Ferreira,39,Sistemas de Informacao,Governador Valadares,GO,7.38
20266288,Debora Vieira Nunes,29,Engenharia Eletrica,Salinas,RJ,9.67
20266289,Daniela Marques,28,Ciencia da Computacao,Lavras,BA,9.63
20266290,Tatiana Silva Freitas Moreira,45,Engenharia de Software,Janauba,GO,9.0
20266291,Thiago Lima Pereira,33,Quimica,Janauba,MG,8.1
20266292,Rafaela Fernandes,34,Matematica,Coronel Fabriciano,ES,9.5
20266293,Amanda Rocha Santos Pinto,26,Matematica,Salinas,DF,9.04
20266294,Amanda Pinto Soares,40,Engenharia de Software,Curvelo,SP,8.6
20266295,Caio Vieira Freitas,27,Fisica,Januaria,SP,7.4
20266296,Yasmin Lima Alves Mendes,41,Administracao,Diamantina,ES,6.26
20266297,Samuel Moreira,38,Engenharia Eletrica,Brasilia de Minas,SP,6.27
20266298,Debora Ramos Barbosa,51,Engenharia Eletrica,Brasilia de Minas,GO,6.56
20266299,Rodrigo Teixeira Cavalcanti,43,Engenharia de Software,Coronel Fabriciano,SP,9.24
20266300,Luana Almeida Santos Soares,33,Engenharia Eletrica,Vicosa,ES,6.44
20266301,Gustavo Alves,32,Administracao,Governador Valadares,ES,9.65
20266302,Camila Almeida Brito,31,Direito,Vicosa,RJ,9.39
20266303,Joao Pereira,41,Engenharia de Software,Almenara,BA,6.26
20266304,Alexandre Silva,31,Agronomia,Belo Horizonte,SP,8.71
20266305,Matheus Lima,29,Analise e Desenvolvimento de Sistemas,Juiz de Fora,BA,5.21
20266306,Eduardo Castro Cardoso,40,Analise e Desenvolvimento de Sistemas,Vicosa,MG,9.62
20266307,Isabela Lopes,28,Analise e Desenvolvimento de Sistemas,Governador Valadares,ES,7.73
20266308,Natalia Freitas Carvalho,32,Medicina,Teofilo Otoni,MG,9.86
20266309,Camila Martins Freitas,41,Medicina,Ouro Preto,DF,8.85
20266310,Pedro Costa Ferreira Moura,35,Medicina,Pirapora,GO,5.3
20266311,Rodrigo Medeiros Pinto,51,Quimica,Salinas,ES,5.6
20266312,Gustavo Brito,35,Sistemas de Informacao,Ouro Preto,MG,7.43
20266313,Leticia Lopes Vieira Lima,18,Administracao,Porteirinha,BA,5.98
20266314,Alexandre Dias Martins Barbosa,30,Analise e Desenvolvimento de Sistemas,Brasilia de Minas,ES,8.32
20266315,Gustavo Mendes Lima Silva,35,Ciencia da Computacao,Curvelo,GO,9.62
20266316,Juliana Fernandes,30,Fisica,Januaria,DF,5.12
20266317,Larissa Almeida Pereira,42,Analise e Desenvolvimento de Sistemas,Diamantina,BA,6.44
20266318,Camila Ramos Costa,37,Engenharia de Software,Vicosa,ES,6.17
20266319,Bruno Ramos Pereira,26,Engenharia Eletrica,Teofilo Otoni,SP,7.43
20266320,Amanda Machado Castro Rodrigues,21,Sistemas de Informacao,Brasilia de Minas,DF,5.55
20266321,Mariana Cardoso Costa Fernandes,36,Fisica,Governador Valadares,SP,5.86
20266322,Enzo Medeiros,55,Fisica,Salinas,SP,5.7
20266323,Olivia Ferreira Ferreira Medeiros,47,Direito,Lavras,ES,6.75
20266324,Caio Souza Alves,52,Ciencia da Computacao,Januaria,SP,6.35
20266325,Juliana Freitas Mendes Moreira,21,Engenharia Eletrica,Almenara,BA,5.48
20266326,Matheus Andrade,23,Ciencia da Computacao,Januaria,MG,6.06
20266327,Felipe Nascimento Cardoso Barbosa,33,Matematica,Vicosa,GO,6.16
20266328,Joao Ferreira Cavalcanti,35,Medicina,Lavras,MG,9.24
20266329,Daniela Ribeiro Alves,29,Matematica,Salinas,ES,5.78
20266330,Matheus Lima Dias,25,Engenharia Eletrica,Almenara,ES,8.25
20266331,Olivia Ferreira Souza Gomes,42,Sistemas de Informacao,Diamantina,RJ,5.12
20266332,Larissa Vieira,53,Quimica,Teofilo Otoni,GO,6.72
20266333,Juliana Medeiros Costa Rocha,36,Administracao,Janauba,DF,8.7
20266334,Natalia Moreira Almeida,22,Administracao,Governador Valadares,MG,6.45
20266335,Gustavo Souza Carvalho,42,Medicina,Diamantina,SP,9.9
20266336,Vinicius Costa Carvalho Mendes,28,Engenharia de Software,Uberlandia,RJ,7.21
20266337,Igor Costa Marques,48,Administracao,Salinas,RJ,6.49
20266338,Ana Fernandes Nascimento,39,Sistemas de Informacao,Almenara,SP,8.55
20266339,Carlos Andrade,45,Engenharia de Software,Almenara,SP,6.42
20266340,Daniela Moreira Fernandes,32,Direito,Salinas,ES,9.13
20266341,Flavia Oliveira Martins Vieira,50,Matematica,Vicosa,BA,5.34
20266342,Helena Nascimento Moreira,39,Analise e Desenvolvimento de Sistemas,Curvelo,ES,6.82
20266343,Gabriel Rocha Fernandes Ribeiro,34,Ciencia da Computacao,Salinas,SP,5.11
20266344,Olivia Freitas Brito Souza,51,Administracao,Ouro Preto,MG,7.6
20266345,Beatriz Moura Andrade,40,Agronomia,Diamantina,RJ,6.28
20266346,Leticia Mendes Andrade,46,Matematica,Curvelo,DF,8.73
20266347,Igor Nascimento Vieira,28,Fisica,Curvelo,GO,9.82
20266348,Yasmin Carvalho Moreira Moura,28,Direito,Janauba,RJ,7.52
20266349,Natalia Moura Rocha,21,Quimica,Juiz de Fora,ES,9.22
20266350,Matheus Ribeiro Rocha Almeida,21,Agronomia,Pirapora,SP,7.6
20266351,Flavia Mendes Moura,34,Medicina,Pirapora,MG,9.15
20266352,Pedro Costa Vieira Marques,48,Engenharia Eletrica,Curvelo,ES,7.91
20266353,Lucas Carvalho Mendes,24,Ciencia da Computacao,Montes Claros,GO,5.72
20266354,Debora Brito Moreira Martins,38,Engenharia Eletrica,Ouro Preto,DF,7.38
20266355,Debora Carvalho Ribeiro,20,Matematica,Diamantina,RJ,5.37
20266356,Bruno Rodrigues Vieira,37,Administracao,Porteirinha,DF,9.73
20266357,Matheus Costa Medeiros,36,Engenharia Eletrica,Januaria,BA,7.09
20266358,Ana Moreira Medeiros,32,Sistemas de Informacao,Lavras,ES,6.3
20266359,Fernanda Freitas,22,Analise e Desenvolvimento de Sistemas,Januaria,DF,6.22
20266360,Bruno Brito Freitas Alves,51,Engenharia de Software,Uberlandia,DF,7.25
20266361,Larissa Cardoso,32,Direito,Belo Horizonte,GO,5.52
20266362,Thiago Gomes Mendes,40,Matematica,Teofilo Otoni,RJ,6.52
20266363,Fernanda Oliveira Santos Nunes,46,Direito,Brasilia de Minas,MG,5.01
20266364,Daniela Rodrigues Teixeira,31,Sistemas de Informacao,Sao Francisco,GO,8.31
20266365,Enzo Rodrigues Cavalcanti Silva,42,Engenharia Eletrica,Montes Claros,ES,9.46
20266366,Larissa Oliveira Silva Ramos,21,Ciencia da Computacao,Pirapora,MG,9.5
20266367,Igor Pereira Costa Nunes,53,Analise e Desenvolvimento de Sistemas,Governador Valadares,MG,6.56
20266368,Carlos Pereira Rodrigues Cavalcanti,22,Quimica,Coronel Fabriciano,ES,5.96
20266369,Amanda Pereira Silva,42,Direito,Uberlandia,ES,7.54
20266370,Eduardo Oliveira Pereira,36,Matematica,Brasilia de Minas,MG,5.4
20266371,Isabela Almeida Ribeiro Monteiro,27,Quimica,Almenara,SP,5.55
20266372,Igor Pinto Dias,50,Fisica,Coronel Fabriciano,MG,7.12
20266373,Eduardo Ramos,19,Sistemas de Informacao,Janauba,SP,9.18
20266374,Gustavo Moreira Rocha Rocha,20,Sistemas de Informacao,Porteirinha,GO,5.77
20266375,Camila Gomes Rocha Soares,51,Ciencia da Computacao,Janauba,GO,7.29
20266376,Beatriz Silva Costa,36,Sistemas de Informacao,Porteirinha,GO,8.76
20266377,Rafaela Andrade Ribeiro,32,Engenharia Eletrica,Juiz de Fora,GO,6.57
20266378,Natalia Pereira Martins,27,Ciencia da Computacao,Almenara,MG,6.96
20266379,Luana Lima Silva,33,Engenharia Eletrica,Lavras,RJ,7.2
20266380,Larissa Fernandes Barbosa Moura,28,Sistemas de Informacao,Lavras,GO,7.4
20266381,Nicolas Brito,21,Ciencia da Computacao,Brasilia de Minas,ES,7.12
20266382,Amanda Moreira,44,Administracao,Juiz de Fora,DF,9.1
20266383,Enzo Oliveira,28,Quimica,Governador Valadares,DF,7.13
20266384,Luana Castro Rodrigues,20,Engenharia de Software,Vicosa,MG,9.82
20266385,Gustavo Rocha Soares,38,Fisica,Lavras,DF,6.3
20266386,Guilherme Nascimento Freitas,47,Quimica,Pirapora,BA,8.37
20266387,Joao Pereira Nascimento Martins,34,Sistemas de Informacao,Juiz de Fora,ES,8.66
20266388,Mariana Moura Freitas,31,Sistemas de Informacao,Teofilo Otoni,DF,7.3
20266389,Alexandre Soares Cavalcanti,36,Sistemas de Informacao,Vicosa,DF,6.5
20266390,Vinicius Machado Barbosa,39,Fisica,Porteirinha,GO,5.29
20266391,Bruno Santos Gomes Alves,37,Analise e Desenvolvimento de Sistemas,Coronel Fabriciano,RJ,6.6
20266392,Thiago Vieira Nascimento Martins,53,Agronomia,Teofilo Otoni,BA,5.67
20266393,Beatriz Lopes Carvalho,40,Administracao,Uberlandia,ES,8.96
20266394,Camila Castro Marques Andrade,48,Fisica,Sao Francisco,SP,7.96
20266395,Ana Almeida Brito,53,Ciencia da Computacao,Pirapora,BA,6.14
20266396,Flavia Rodrigues Brito,22,Medicina,Juiz de Fora,RJ,9.76
20266397,Yasmin Ferreira,25,Engenharia Eletrica,Sao Francisco,GO,8.78
20266398,Enzo Gomes,31,Engenharia Eletrica,Sao Francisco,BA,7.99
20266399,Eduardo Pereira,40,Agronomia,Juiz de Fora,GO,9.51
20266400,Thiago Rodrigues Moreira,30,Matematica,Juiz de Fora,GO,6.79
20266401,Joao Castro Lima,25,Medicina,Salinas,MG,8.21
20266402,Fernanda Souza Santos,55,Engenharia de Software,Brasilia de Minas,BA,5.07
20266403,Natalia Almeida,26,Ciencia da Computacao,Coronel Fabriciano,SP,6.95
20266404,Joao Marques Martins,53,Ciencia da Computacao,Lavras,BA,6.87
20266405,Lucas Nunes,46,Administracao,Diamantina,GO,8.14
20266406,Rafaela Ferreira,21,Direito,Janauba,BA,9.21
20266407,Matheus Ferreira Fernandes,24,Engenharia de Software,Teofilo Otoni,RJ,8.53
20266408,Amanda Almeida Santos,42,Fisica,Porteirinha,GO,6.87
20266409,Nicolas Teixeira,30,Quimica,Lavras,DF,8.66
20266410,Yasmin Lima Cavalcanti,38,Engenharia de Software,Januaria,SP,7.61
20266411,Samuel Lopes Monteiro,55,Engenharia de Software,Vicosa,SP,5.65
20266412,Amanda Cardoso Costa,37,Medicina,Governador Valadares,RJ,9.47
20266413,Amanda Cavalcanti Ribeiro,29,Engenharia de Software,Janauba,SP,8.39
20266414,Tatiana Gomes,25,Ciencia da Computacao,Montes Claros,MG,6.47
20266415,Flavia Pereira Pereira,48,Direito,Lavras,SP,8.92
20266416,Thiago Oliveira Nascimento,46,Quimica,Governador Valadares,ES,6.86
20266417,Isabela Castro Ribeiro Carvalho,33,Matematica,Janauba,DF,6.18
20266418,Ana Oliveira Lima Nascimento,40,Analise e Desenvolvimento de Sistemas,Governador Valadares,SP,9.22
20266419,Debora Nunes,31,Direito,Vicosa,GO,8.66
20266420,Caio Costa,37,Medicina,Lavras,GO,9.12
20266421,Helena Almeida Alves Pereira,22,Direito,Sao Francisco,MG,7.4
20266422,Debora Monteiro Martins,44,Sistemas de Informacao,Brasilia de Minas,DF,7.76
20266423,Beatriz Ferreira,39,Administracao,Curvelo,SP,6.53
20266424,Leticia Cardoso Rodrigues,47,Engenharia Eletrica,Diamantina,SP,9.66
20266425,Olivia Nascimento Teixeira Pinto,23,Ciencia da Computacao,Sao Francisco,DF,9.02
20266426,Mariana Dias Machado,28,Quimica,Vicosa,BA,7.99
20266427,Nicolas Martins Pereira Machado,23,Sistemas de Informacao,Montes Claros,GO,7.94
20266428,Leticia Marques,52,Fisica,Vicosa,ES,6.44
20266429,Matheus Cardoso Dias,24,Medicina,Diamantina,RJ,8.22
20266430,Daniela Pinto Mendes Nascimento,20,Administracao,Coronel Fabriciano,ES,7.9
20266431,Igor Cavalcanti Rocha,43,Agronomia,Janauba,ES,9.22
20266432,Guilherme Vieira Medeiros,33,Analise e Desenvolvimento de Sistemas,Pirapora,DF,9.44
20266433,Enzo Cavalcanti,38,Engenharia de Software,Montes Claros,BA,6.9
20266434,Gabriel Moura Oliveira Nunes,18,Quimica,Diamantina,DF,9.79
20266435,Pedro Andrade Pereira,53,Medicina,Teofilo Otoni,BA,7.91
20266436,Caio Nunes,23,Analise e Desenvolvimento de Sistemas,Januaria,DF,7.16
20266437,Luana Teixeira Mendes Ferreira,36,Agronomia,Brasilia de Minas,GO,6.57
20266438,Nicolas Santos Silva,47,Fisica,Brasilia de Minas,DF,6.65
20266439,Joao Ramos Cardoso,36,Engenharia Eletrica,Brasilia de Minas,RJ,9.03
20266440,Caio Alves Teixeira Carvalho,24,Administracao,Diamantina,BA,8.71
20266441,Pedro Lopes Machado Martins,20,Medicina,Juiz de Fora,GO,6.73
20266442,Enzo Nunes Souza,47,Ciencia da Computacao,Teofilo Otoni,DF,9.44
20266443,Larissa Moreira Machado,45,Ciencia da Computacao,Coronel Fabriciano,ES,8.14
20266444,Rodrigo Andrade Gomes,45,Engenharia Eletrica,Januaria,RJ,7.51
20266445,Caio Carvalho Lima,42,Engenharia de Software,Vicosa,SP,9.24
20266446,Samuel Rodrigues Ribeiro,35,Ciencia da Computacao,Porteirinha,BA,7.79
20266447,Rodrigo Carvalho Rocha,55,Administracao,Januaria,MG,5.03
20266448,Juliana Silva,50,Direito,Pirapora,RJ,8.1
20266449,Leticia Pereira Pinto,31,Quimica,Curvelo,GO,8.14
20266450,Thiago Alves Teixeira,55,Matematica,Diamantina,ES,9.12
20266451,Luana Cavalcanti,48,Matematica,Almenara,MG,7.03
20266452,Camila Rodrigues,47,Quimica,Sao Francisco,RJ,7.06
20266453,Rodrigo Oliveira,51,Administracao,Juiz de Fora,GO,9.13
20266454,Igor Marques Lima Barbosa,23,Medicina,Almenara,GO,7.54
20266455,Rodrigo Alves Nunes,45,Medicina,Salinas,RJ,9.65
20266456,Olivia Ferreira Brito,47,Engenharia de Software,Curvelo,BA,5.57
20266457,Natalia Machado Ribeiro,40,Medicina,Governador Valadares,BA,9.67
20266458,Debora Rodrigues Ferreira,51,Sistemas de Informacao,Janauba,RJ,8.69
20266459,Beatriz Pereira Moreira,31,Matematica,Pirapora,RJ,5.83
20266460,Beatriz Soares,52,Quimica,Belo Horizonte,RJ,5.84
20266461,Nicolas Vieira,25,Analise e Desenvolvimento de Sistemas,Janauba,MG,5.92
20266462,Ana Cardoso Barbosa,55,Administracao,Lavras,RJ,6.6
20266463,Vinicius Machado Rocha,37,Quimica,Porteirinha,ES,5.7
20266464,Natalia Carvalho Brito,53,Fisica,Teofilo Otoni,MG,8.71
20266465,Alexandre Teixeira Cavalcanti Ramos,48,Engenharia de Software,Januaria,DF,6.72
20266466,Eduardo Dias Rodrigues,31,Engenharia de Software,Coronel Fabriciano,SP,5.26
20266467,Guilherme Rocha Marques Brito,54,Administracao,Diamantina,ES,7.4
20266468,Matheus Ramos Ferreira,32,Engenharia de Software,Salinas,BA,6.66
20266469,Camila Lopes Soares,23,Ciencia da Computacao,Uberlandia,SP,8.81
20266470,Igor Brito Brito Mendes,44,Administracao,Sao Francisco,RJ,8.75
20266471,Carlos Marques Ramos Souza,33,Matematica,Diamantina,BA,9.8
20266472,Natalia Freitas Soares,37,Engenharia Eletrica,Januaria,DF,8.6
20266473,Leticia Soares Martins Pinto,48,Engenharia Eletrica,Pirapora,ES,5.91
20266474,Ana Carvalho Fernandes Oliveira,33,Medicina,Lavras,BA,7.34
20266475,Natalia Martins Lima,21,Analise e Desenvolvimento de Sistemas,Salinas,GO,5.05
20266476,Vinicius Machado Andrade,24,Agronomia,Porteirinha,RJ,7.49
20266477,Luana Freitas Moura,53,Agronomia,Brasilia de Minas,SP,9.18
20266478,Natalia Brito Nascimento,47,Quimica,Curvelo,RJ,5.42
20266479,Gustavo Ferreira Freitas,36,Administracao,Salinas,GO,9.25
20266480,Enzo Pinto,29,Analise e Desenvolvimento de Sistemas,Curvelo,DF,6.74
20266481,Olivia Lima,49,Fisica,Lavras,RJ,6.92
20266482,Felipe Castro Medeiros Moura,37,Sistemas de Informacao,Montes Claros,MG,6.12
20266483,Beatriz Souza Almeida Souza,38,Sistemas de Informacao,Porteirinha,MG,5.47
20266484,Carlos Mendes Marques Andrade,24,Analise e Desenvolvimento de Sistemas,Belo Horizonte,SP,5.87
20266485,Gustavo Andrade Cardoso,45,Ciencia da Computacao,Diamantina,GO,9.85
20266486,Guilherme Rodrigues Santos Cavalcanti,35,Fisica,Curvelo,BA,8.7
20266487,Daniela Barbosa Rocha,31,Agronomia,Uberlandia,ES,7.18
20266488,Thiago Mendes,44,Direito,Coronel Fabriciano,BA,5.56
20266489,Nicolas Dias Barbosa,38,Administracao,Salinas,SP,8.53
20266490,Helena Nascimento Martins Teixeira,30,Fisica,Brasilia de Minas,ES,9.03
20266491,Amanda Andrade Lopes,22,Sistemas de Informacao,Januaria,MG,7.55
20266492,Carlos Barbosa Souza,19,Sistemas de Informacao,Porteirinha,MG,9.79
20266493,Olivia Nunes Soares,29,Analise e Desenvolvimento de Sistemas,Vicosa,GO,6.22
20266494,Yasmin Gomes,37,Engenharia Eletrica,Brasilia de Minas,GO,7.16
20266495,Thiago Cardoso Nunes Costa,22,Direito,Vicosa,ES,9.18
20266496,Vinicius Gomes Brito,29,Engenharia Eletrica,Januaria,DF,5.51
20266497,Tatiana Cavalcanti,26,Engenharia Eletrica,Janauba,MG,9.42
20266498,Bruno Ramos Medeiros Marques,33,Engenharia Eletrica,Diamantina,BA,6.34
20266499,Tatiana Pinto,42,Engenharia Eletrica,Governador Valadares,RJ,8.43
20266500,Alexandre Ferreira Brito Nunes,43,Sistemas de Informacao,Vicosa,MG,6.35
20266501,Isabela Rocha Cavalcanti,45,Agronomia,Uberlandia,BA,9.1
20266502,Olivia Mendes Teixeira Andrade,46,Direito,Pirapora,GO,9.33
20266503,Mariana Rodrigues Medeiros,55,Matematica,Belo Horizonte,DF,8.4
20266504,Fernanda Ramos Moreira Cardoso,18,Fisica,Vicosa,GO,5.06
20266505,Joao Medeiros,45,Sistemas de Informacao,Porteirinha,SP,6.65
20266506,Vinicius Martins Silva,18,Analise e Desenvolvimento de Sistemas,Governador Valadares,ES,7.44
20266507,Carlos Marques Vieira,45,Medicina,Curvelo,SP,8.62
20266508,Felipe Marques,52,Fisica,Brasilia de Minas,ES,8.19
20266509,Tatiana Castro Martins,29,Ciencia da Computacao,Belo Horizonte,GO,7.85
20266510,Leticia Nunes,50,Direito,Montes Claros,GO,8.36
20266511,Debora Ramos Cavalcanti,41,Engenharia de Software,Janauba,RJ,8.46
20266512,Alexandre Carvalho Silva Pinto,27,Engenharia de Software,Uberlandia,SP,6.01
20266513,Helena Almeida Lima Gomes,29,Medicina,Juiz de Fora,SP,5.09
20266514,Lucas Marques,43,Engenharia de Software,Diamantina,GO,8.91
20266515,Ana Medeiros Fernandes Rocha,41,Quimica,Juiz de Fora,BA,5.48
20266516,Juliana Machado Machado Ribeiro,27,Fisica,Porteirinha,RJ,7.15
20266517,Leticia Gomes,50,Ciencia da Computacao,Vicosa,MG,5.3
20266518,Alexandre Moura,51,Fisica,Uberlandia,SP,5.55
20266519,Amanda Lopes Castro,42,Matematica,Vicosa,ES,6.2
20266520,Pedro Brito Martins Lopes,50,Analise e Desenvolvimento de Sistemas,Belo Horizonte,ES,7.19
20266521,Rodrigo Carvalho Monteiro,43,Agronomia,Curvelo,DF,7.59
20266522,Helena Mendes Carvalho,53,Quimica,Uberlandia,ES,5.5
20266523,Caio Ribeiro Gomes Lopes,39,Ciencia da Computacao,Vicosa,DF,9.06
20266524,Luana Lopes Cardoso,52,Direito,Diamantina,GO,8.1
20266525,Amanda Castro,51,Ciencia da Computacao,Coronel Fabriciano,ES,6.25
20266526,Flavia Santos Martins Carvalho,36,Sistemas de Informacao,Governador Valadares,DF,8.82
20266527,Daniela Cavalcanti Nunes Freitas,27,Quimica,Almenara,RJ,8.25
20266528,Felipe Ferreira Souza,46,Administracao,Juiz de Fora,RJ,8.63
20266529,Felipe Marques Mendes,32,Quimica,Governador Valadares,RJ,5.37
20266530,Gustavo Oliveira Nascimento Medeiros,46,Engenharia de Software,Uberlandia,ES,9.65
20266531,Thiago Almeida Carvalho,20,Medicina,Belo Horizonte,GO,7.38
20266532,Isabela Costa,34,Sistemas de Informacao,Coronel Fabriciano,MG,5.27
20266533,Juliana Fernandes Monteiro,48,Direito,Belo Horizonte,RJ,6.72
20266534,Tatiana Castro Pereira,52,Administracao,Coronel Fabriciano,MG,6.04
20266535,Bruno Nunes Lopes,41,Direito,Teofilo Otoni,SP,7.29
20266536,Gustavo Monteiro Nascimento Cardoso,27,Administracao,Lavras,SP,5.17
20266537,Leticia Barbosa Almeida,50,Fisica,Sao Francisco,ES,8.8
20266538,Bruno Pinto Brito Pinto,50,Administracao,Uberlandia,GO,9.57
20266539,Tatiana Rocha Santos,38,Engenharia Eletrica,Porteirinha,ES,5.14
20266540,Larissa Almeida Nascimento,49,Medicina,Porteirinha,BA,9.1
20266541,Alexandre Lopes Moreira Vieira,54,Administracao,Pirapora,GO,5.3
20266542,Thiago Castro Mendes,47,Sistemas de Informacao,Almenara,BA,5.69
20266543,Enzo Ferreira Rocha,33,Analise e Desenvolvimento de Sistemas,Januaria,MG,5.72
20266544,Larissa Andrade,21,Direito,Uberlandia,DF,9.28
20266545,Matheus Machado Medeiros Lopes,52,Quimica,Januaria,SP,5.53
20266546,Leticia Moreira Castro,18,Engenharia Eletrica,Uberlandia,ES,9.37
20266547,Carlos Ramos,39,Ciencia da Computacao,Januaria,MG,6.97
20266548,Luana Ferreira Nascimento Andrade,51,Medicina,Curvelo,BA,9.25
20266549,Lucas Gomes Soares Soares,38,Medicina,Uberlandia,SP,5.9
20266550,Gabriel Barbosa,52,Matematica,Brasilia de Minas,SP,8.76
20266551,Thiago Medeiros,41,Fisica,Salinas,RJ,6.97
20266552,Olivia Souza Lopes,53,Engenharia Eletrica,Janauba,RJ,7.86
20266553,Carlos Cardoso Silva,40,Quimica,Uberlandia,ES,6.81
20266554,Isabela Carvalho,44,Engenharia Eletrica,Salinas,DF,5.69
20266555,Vinicius Oliveira Teixeira Pereira,22,Direito,Belo Horizonte,MG,8.37
20266556,Gustavo Almeida Moura,27,Engenharia Eletrica,Porteirinha,SP,5.65
20266557,Camila Pinto Castro,55,Matematica,Coronel Fabriciano,BA,7.48
20266558,Rafaela Silva Ribeiro Monteiro,36,Ciencia da Computacao,Sao Francisco,BA,5.37
20266559,Alexandre Moreira Souza,53,Analise e Desenvolvimento de Sistemas,Pirapora,ES,5.47
20266560,Daniela Soares Cavalcanti,40,Quimica,Lavras,ES,7.06
20266561,Leticia Rodrigues Monteiro,35,Engenharia de Software,Montes Claros,ES,9.28
20266562,Isabela Nascimento Barbosa,47,Engenharia Eletrica,Governador Valadares,DF,5.92
20266563,Daniela Andrade Soares,50,Direito,Brasilia de Minas,ES,7.31
20266564,Enzo Gomes Almeida,19,Quimica,Januaria,DF,6.82
20266565,Amanda Barbosa Fernandes Nunes,24,Medicina,Montes Claros,DF,5.48
20266566,Pedro Dias Souza Marques,43,Fisica,Sao Francisco,DF,6.84
20266567,Debora Santos Nascimento Brito,19,Agronomia,Sao Francisco,GO,6.83
20266568,Beatriz Ramos Cavalcanti,54,Analise e Desenvolvimento de Sistemas,Vicosa,ES,8.43
20266569,Gabriel Castro Barbosa,49,Engenharia de Software,Diamantina,RJ,5.74
20266570,Amanda Oliveira Martins,38,Sistemas de Informacao,Salinas,GO,8.87
20266571,Enzo Santos Pinto Pereira,19,Sistemas de Informacao,Juiz de Fora,RJ,9.44
20266572,Eduardo Barbosa Ribeiro,34,Fisica,Diamantina,BA,5.4
20266573,Amanda Souza,26,Administracao,Uberlandia,DF,8.3
20266574,Joao Martins Monteiro,24,Analise e Desenvolvimento de Sistemas,Diamantina,MG,8.0
20266575,Rafaela Alves Soares Andrade,28,Analise e Desenvolvimento de Sistemas,Vicosa,ES,9.51
20266576,Olivia Barbosa Moreira Carvalho,30,Quimica,Teofilo Otoni,ES,7.17
20266577,Debora Marques Rocha,43,Agronomia,Coronel Fabriciano,RJ,8.73
20266578,Beatriz Monteiro,20,Ciencia da Computacao,Januaria,GO,6.77
20266579,Caio Carvalho Cavalcanti,25,Medicina,Vicosa,DF,6.83
20266580,Fernanda Rocha Fernandes Almeida,52,Quimica,Janauba,RJ,7.65
20266581,Daniela Cardoso Freitas,35,Matematica,Pirapora,DF,6.38
20266582,Camila Pereira Nascimento,25,Engenharia de Software,Porteirinha,RJ,6.99
20266583,Gustavo Dias Soares Pereira,47,Engenharia Eletrica,Januaria,MG,9.25
20266584,Debora Marques Gomes,43,Administracao,Uberlandia,ES,7.71
20266585,Alexandre Dias Lopes,43,Analise e Desenvolvimento de Sistemas,Vicosa,DF,7.43
20266586,Gustavo Brito Nascimento,20,Sistemas de Informacao,Diamantina,SP,6.38
20266587,Igor Almeida Monteiro Alves,45,Sistemas de Informacao,Teofilo Otoni,RJ,7.1
20266588,Yasmin Brito Alves,51,Fisica,Coronel Fabriciano,MG,6.53
20266589,Leticia Moura Almeida Nunes,31,Quimica,Janauba,ES,9.61
20266590,Olivia Martins Ferreira,41,Engenharia Eletrica,Belo Horizonte,MG,8.32
20266591,Isabela Pereira,24,Direito,Montes Claros,BA,7.38
20266592,Nicolas Barbosa Barbosa,47,Matematica,Belo Horizonte,RJ,5.84
20266593,Luana Pereira,48,Administracao,Salinas,ES,8.42
20266594,Leticia Costa Costa Nascimento,51,Agronomia,Janauba,GO,9.64
20266595,Tatiana Martins Pereira Carvalho,38,Quimica,Vicosa,SP,5.07
20266596,Joao Fernandes Santos,46,Analise e Desenvolvimento de Sistemas,Governador Valadares,RJ,5.74
20266597,Gabriel Ramos Nascimento,44,Medicina,Juiz de Fora,RJ,7.89
20266598,Daniela Moreira Pereira Teixeira,33,Quimica,Brasilia de Minas,SP,5.73
20266599,Rodrigo Oliveira,38,Engenharia de Software,Janauba,SP,5.38
20266600,Igor Vieira Alves Andrade,26,Agronomia,Uberlandia,BA,6.53
20266601,Eduardo Machado Ferreira,46,Ciencia da Computacao,Coronel Fabriciano,SP,7.97
20266602,Yasmin Rocha,31,Analise e Desenvolvimento de Sistemas,Vicosa,GO,9.71
20266603,Bruno Alves Andrade Moreira,24,Engenharia de Software,Uberlandia,GO,5.53
20266604,Yasmin Rodrigues Nascimento,48,Analise e Desenvolvimento de Sistemas,Belo Horizonte,RJ,7.08
20266605,Tatiana Silva Brito Ferreira,30,Engenharia de Software,Salinas,GO,7.41
20266606,Luana Silva,49,Engenharia Eletrica,Curvelo,SP,7.36
20266607,Yasmin Nascimento,24,Engenharia de Software,Curvelo,SP,5.48
20266608,Caio Rocha Cavalcanti,30,Agronomia,Vicosa,DF,6.04
20266609,Larissa Ribeiro Castro,43,Administracao,Salinas,DF,9.26
20266610,Samuel Lopes,51,Agronomia,Salinas,RJ,9.06
20266611,Igor Freitas Costa,30,Fisica,Montes Claros,DF,7.91
20266612,Bruno Barbosa,42,Engenharia de Software,Porteirinha,SP,5.02
20266613,Ana Moreira,18,Engenharia de Software,Sao Francisco,GO,8.55
20266614,Luana Souza Teixeira,23,Agronomia,Vicosa,BA,6.03
20266615,Natalia Moreira,33,Quimica,Almenara,DF,9.89
20266616,Olivia Ramos,32,Administracao,Governador Valadares,DF,6.59
20266617,Olivia Gomes Moreira,20,Medicina,Curvelo,MG,6.28
20266618,Olivia Rocha Gomes,28,Administracao,Sao Francisco,SP,7.89
20266619,Caio Carvalho,54,Direito,Belo Horizonte,DF,6.5
20266620,Nicolas Nascimento Brito,55,Administracao,Brasilia de Minas,BA,7.06
20266621,Daniela Santos Brito,53,Matematica,Juiz de Fora,BA,7.29
20266622,Alexandre Ferreira Soares Lopes,25,Administracao,Brasilia de Minas,MG,8.88
20266623,Fernanda Martins Machado,41,Administracao,Brasilia de Minas,GO,5.24
20266624,Lucas Andrade Vieira,29,Administracao,Januaria,MG,7.02
20266625,Thiago Ribeiro Costa,30,Agronomia,Porteirinha,BA,6.76
20266626,Luana Martins Cavalcanti,38,Matematica,Brasilia de Minas,SP,9.29
20266627,Lucas Gomes Rocha,22,Fisica,Vicosa,SP,9.25
20266628,Gustavo Fernandes Brito,46,Direito,Sao Francisco,RJ,6.79
20266629,Rodrigo Teixeira,39,Administracao,Belo Horizonte,ES,5.92
20266630,Isabela Nascimento Freitas,21,Analise e Desenvolvimento de Sistemas,Salinas,GO,5.02
20266631,Eduardo Lopes,32,Fisica,Lavras,RJ,6.75
20266632,Samuel Ribeiro Rodrigues,37,Engenharia de Software,Lavras,BA,9.04
20266633,Beatriz Freitas Vieira,54,Agronomia,Lavras,GO,8.08
20266634,Camila Martins Monteiro,26,Medicina,Almenara,SP,9.25
20266635,Luana Martins Dias,33,Medicina,Teofilo Otoni,MG,6.72
20266636,Vinicius Moreira Marques,19,Administracao,Ouro Preto,GO,7.81
20266637,Juliana Soares Cardoso,24,Medicina,Vicosa,DF,6.57
20266638,Bruno Cavalcanti Oliveira Rodrigues,20,Analise e Desenvolvimento de Sistemas,Montes Claros,BA,5.88
20266639,Igor Carvalho,55,Medicina,Sao Francisco,MG,5.88
20266640,Guilherme Castro Teixeira Almeida,26,Analise e Desenvolvimento de Sistemas,Almenara,ES,6.74
20266641,Samuel Lima Costa,44,Analise e Desenvolvimento de Sistemas,Almenara,RJ,8.64
20266642,Helena Vieira Soares Rocha,30,Direito,Pirapora,SP,8.17
20266643,Helena Brito Nunes,49,Agronomia,Juiz de Fora,RJ,7.7
20266644,Fernanda Pereira Nascimento Castro,24,Analise e Desenvolvimento de Sistemas,Teofilo Otoni,RJ,7.63
20266645,Mariana Nunes,30,Medicina,Sao Francisco,DF,6.32
20266646,Carlos Carvalho Martins,42,Quimica,Curvelo,GO,5.92
20266647,Beatriz Mendes,23,Matematica,Juiz de Fora,BA,5.86
20266648,Gabriel Nascimento Vieira Dias,39,Sistemas de Informacao,Juiz de Fora,ES,8.57
20266649,Lucas Moreira Silva,29,Analise e Desenvolvimento de Sistemas,Janauba,RJ,6.39
20266650,Amanda Almeida Silva Brito,52,Administracao,Lavras,ES,9.79
20266651,Debora Silva Cardoso,53,Administracao,Vicosa,ES,9.86
20266652,Gustavo Medeiros Carvalho,51,Engenharia Eletrica,Curvelo,GO,5.6
20266653,Thiago Vieira Monteiro Freitas,35,Administracao,Pirapora,BA,6.15
20266654,Gustavo Silva Oliveira,27,Engenharia de Software,Salinas,SP,6.65
20266655,Alexandre Moura Nunes,31,Direito,Belo Horizonte,SP,6.0
20266656,Matheus Oliveira,26,Agronomia,Curvelo,ES,6.97
20266657,Rodrigo Machado Cavalcanti Andrade,52,Quimica,Porteirinha,BA,5.34
20266658,Eduardo Souza Nunes,40,Engenharia Eletrica,Brasilia de Minas,GO,8.02
20266659,Olivia Brito Nunes Andrade,36,Quimica,Belo Horizonte,MG,5.09
20266660,Natalia Rodrigues Oliveira,31,Fisica,Januaria,GO,8.79
20266661,Thiago Marques Oliveira,53,Fisica,Ouro Preto,ES,8.74
20266662,Luana Mendes Castro,30,Medicina,Lavras,SP,6.0
20266663,Nicolas Alves Soares Medeiros,35,Medicina,Teofilo Otoni,GO,5.5
20266664,Leticia Machado Oliveira,45,Sistemas de Informacao,Montes Claros,DF,8.06
20266665,Leticia Oliveira Fernandes,21,Fisica,Curvelo,DF,9.26
20266666,Luana Pinto Pereira Rocha,25,Engenharia de Software,Pirapora,SP,5.01
20266667,Leticia Nascimento Silva Ferreira,33,Fisica,Porteirinha,RJ,8.08
20266668,Gustavo Nunes Almeida Marques,34,Engenharia Eletrica,Teofilo Otoni,BA,8.94
20266669,Igor Rocha Fernandes,32,Quimica,Curvelo,GO,9.23
20266670,Olivia Castro Nunes,18,Engenharia de Software,Almenara,SP,5.13
20266671,Larissa Vieira Fernandes Lima,41,Fisica,Diamantina,ES,8.43
20266672,Flavia Moura Dias Ribeiro,46,Administracao,Lavras,DF,5.87
20266673,Leticia Monteiro Alves,28,Sistemas de Informacao,Brasilia de Minas,DF,9.8
20266674,Helena Soares Costa,52,Ciencia da Computacao,Governador Valadares,DF,7.39
20266675,Gustavo Freitas,55,Quimica,Montes Claros,ES,7.13
20266676,Gabriel Rocha Brito,22,Engenharia Eletrica,Vicosa,SP,8.18
20266677,Joao Souza Lima,40,Analise e Desenvolvimento de Sistemas,Diamantina,RJ,7.93
20266678,Enzo Souza,37,Fisica,Diamantina,RJ,8.74
20266679,Leticia Freitas Ribeiro Andrade,30,Direito,Salinas,RJ,5.68
20266680,Alexandre Almeida Lopes,32,Ciencia da Computacao,Montes Claros,BA,9.53
20266681,Enzo Medeiros,44,Engenharia de Software,Juiz de Fora,DF,6.23
20266682,Nicolas Lopes Rodrigues Alves,40,Engenharia Eletrica,Governador Valadares,RJ,7.47
20266683,Felipe Barbosa Costa,27,Administracao,Uberlandia,BA,5.43
20266684,Olivia Santos Pinto,19,Analise e Desenvolvimento de Sistemas,Brasilia de Minas,GO,7.79
20266685,Caio Moreira Dias,30,Quimica,Coronel Fabriciano,RJ,7.43
20266686,Yasmin Marques Martins,39,Engenharia Eletrica,Brasilia de Minas,SP,5.83
20266687,Igor Carvalho Lima,38,Fisica,Belo Horizonte,DF,6.51
20266688,Mariana Castro Mendes,54,Analise e Desenvolvimento de Sistemas,Porteirinha,ES,9.16
20266689,Joao Freitas Rocha,53,Analise e Desenvolvimento de Sistemas,Diamantina,SP,5.86
20266690,Natalia Silva Moreira,36,Ciencia da Computacao,Uberlandia,SP,5.43
20266691,Eduardo Rocha,35,Ciencia da Computacao,Almenara,SP,6.28
20266692,Olivia Silva Mendes,39,Ciencia da Computacao,Pirapora,RJ,5.96
20266693,Bruno Martins Fernandes,54,Engenharia Eletrica,Porteirinha,MG,9.24
20266694,Igor Moreira Castro,43,Analise e Desenvolvimento de Sistemas,Uberlandia,SP,5.82
20266695,Eduardo Ribeiro Nunes Soares,38,Engenharia de Software,Belo Horizonte,RJ,7.38
20266696,Matheus Brito Machado,48,Fisica,Brasilia de Minas,RJ,7.35
20266697,Mariana Moreira Castro Teixeira,44,Quimica,Belo Horizonte,MG,9.37
20266698,Pedro Carvalho,32,Sistemas de Informacao,Vicosa,ES,8.8
20266699,Leticia Lima Alves Mendes,18,Sistemas de Informacao,Uberlandia,GO,9.22
20266700,Thiago Moreira,22,Engenharia de Software,Governador Valadares,SP,8.05
20266701,Caio Pereira Barbosa Freitas,40,Administracao,Pirapora,RJ,8.62
20266702,Felipe Vieira Pinto Rocha,27,Administracao,Montes Claros,DF,7.05
20266703,Lucas Teixeira Freitas Medeiros,38,Quimica,Coronel Fabriciano,MG,6.5
20266704,Ana Medeiros,42,Administracao,Salinas,GO,9.58
20266705,Luana Martins Costa,39,Direito,Lavras,ES,5.23
20266706,Beatriz Oliveira Machado,54,Ciencia da Computacao,Belo Horizonte,MG,8.99
20266707,Pedro Vieira Cardoso Rodrigues,23,Sistemas de Informacao,Januaria,BA,7.3
20266708,Igor Almeida,51,Fisica,Sao Francisco,GO,7.81
20266709,Gabriel Lima Pinto,27,Ciencia da Computacao,Juiz de Fora,BA,5.72
20266710,Olivia Lopes,41,Quimica,Ouro Preto,BA,6.09
20266711,Luana Nascimento Rodrigues,24,Quimica,Pirapora,BA,8.07
20266712,Amanda Ramos Cardoso Lopes,52,Fisica,Juiz de Fora,ES,5.77
20266713,Larissa Moreira Mendes,52,Sistemas de Informacao,Diamantina,RJ,5.04
20266714,Vinicius Ribeiro Lima,55,Administracao,Uberlandia,SP,5.51
20266715,Samuel Teixeira Moreira,39,Direito,Porteirinha,BA,5.12
20266716,Bruno Moreira Moura,22,Engenharia de Software,Ouro Preto,GO,6.46
20266717,Helena Pinto Teixeira,46,Sistemas de Informacao,Januaria,BA,9.13
20266718,Eduardo Carvalho Silva,18,Agronomia,Porteirinha,BA,9.52
20266719,Helena Vieira Ferreira,55,Quimica,Ouro Preto,MG,8.7
20266720,Joao Pinto,44,Analise e Desenvolvimento de Sistemas,Belo Horizonte,MG,8.07
20266721,Larissa Fernandes Medeiros Dias,21,Engenharia de Software,Brasilia de Minas,BA,9.15
20266722,Gabriel Pinto,28,Matematica,Ouro Preto,GO,9.73
20266723,Camila Fernandes,34,Engenharia Eletrica,Uberlandia,MG,8.3
20266724,Guilherme Ribeiro Fernandes,21,Agronomia,Lavras,DF,6.62
20266725,Isabela Almeida Lima Lopes,50,Engenharia Eletrica,Belo Horizonte,RJ,5.07
20266726,Alexandre Cardoso Vieira Rodrigues,20,Analise e Desenvolvimento de Sistemas,Vicosa,RJ,9.54
20266727,Beatriz Castro,35,Engenharia Eletrica,Janauba,BA,6.76
20266728,Felipe Carvalho Moura Nascimento,23,Administracao,Diamantina,SP,7.42
20266729,Helena Marques,36,Engenharia de Software,Uberlandia,RJ,9.03
20266730,Matheus Alves Martins,28,Fisica,Governador Valadares,MG,8.88
20266731,Daniela Ribeiro,24,Medicina,Lavras,DF,9.21
20266732,Beatriz Pereira Alves Monteiro,41,Agronomia,Salinas,MG,9.05
20266733,Vinicius Moreira,20,Sistemas de Informacao,Belo Horizonte,DF,8.65
20266734,Beatriz Pinto Nunes,50,Sistemas de Informacao,Lavras,ES,5.07
20266735,Daniela Cavalcanti Pereira Lima,33,Medicina,Uberlandia,BA,8.98
20266736,Enzo Nunes Souza,27,Direito,Pirapora,RJ,7.75
20266737,Camila Monteiro,53,Engenharia de Software,Juiz de Fora,ES,8.78
20266738,Fernanda Cavalcanti Rodrigues Brito,30,Agronomia,Diamantina,SP,7.44
20266739,Carlos Nascimento Ferreira Silva,34,Direito,Diamantina,MG,9.85
20266740,Mariana Moura Costa,24,Analise e Desenvolvimento de Sistemas,Pirapora,GO,5.39
20266741,Rodrigo Ribeiro Barbosa,23,Quimica,Brasilia de Minas,GO,6.15
20266742,Vinicius Barbosa Moreira,54,Direito,Ouro Preto,GO,7.88
20266743,Alexandre Medeiros,44,Analise e Desenvolvimento de Sistemas,Brasilia de Minas,ES,9.57
20266744,Bruno Ferreira Pinto Mendes,44,Agronomia,Governador Valadares,BA,6.21
20266745,Daniela Soares Alves,41,Engenharia Eletrica,Salinas,BA,8.09
20266746,Joao Moreira Moreira,22,Direito,Montes Claros,RJ,8.44
20266747,Flavia Monteiro,35,Administracao,Brasilia de Minas,DF,8.38
20266748,Igor Santos Castro,51,Direito,Almenara,ES,6.52
20266749,Eduardo Teixeira Alves,52,Administracao,Curvelo,RJ,7.96
20266750,Tatiana Soares Soares,21,Medicina,Sao Francisco,RJ,5.7
20266751,Natalia Freitas Costa Ferreira,32,Matematica,Uberlandia,DF,5.96
20266752,Juliana Santos Pinto Rodrigues,44,Ciencia da Computacao,Porteirinha,ES,8.32
20266753,Helena Cardoso Costa,30,Engenharia Eletrica,Governador Valadares,MG,5.31
20266754,Enzo Machado,51,Administracao,Diamantina,DF,7.15
20266755,Felipe Andrade,53,Matematica,Belo Horizonte,DF,6.69
20266756,Daniela Barbosa Cardoso Oliveira,41,Quimica,Juiz de Fora,MG,9.05
20266757,Guilherme Rocha Moreira Nascimento,42,Quimica,Porteirinha,MG,8.33
20266758,Enzo Marques Freitas,24,Medicina,Juiz de Fora,DF,8.88
20266759,Fernanda Pereira,26,Ciencia da Computacao,Vicosa,MG,5.51
20266760,Bruno Dias Moura,54,Analise e Desenvolvimento de Sistemas,Sao Francisco,ES,7.07
20266761,Mariana Marques Ribeiro,41,Quimica,Janauba,BA,6.69
20266762,Caio Santos Lopes,30,Medicina,Governador Valadares,DF,8.08
20266763,Felipe Souza Moura,44,Engenharia Eletrica,Lavras,RJ,8.29
20266764,Camila Martins Silva,34,Analise e Desenvolvimento de Sistemas,Porteirinha,BA,5.79
20266765,Natalia Cavalcanti Andrade,31,Sistemas de Informacao,Pirapora,GO,8.38
20266766,Rafaela Almeida,55,Agronomia,Curvelo,DF,6.06
20266767,Tatiana Silva Souza,33,Direito,Uberlandia,SP,7.72
20266768,Thiago Santos Alves Barbosa,20,Medicina,Uberlandia,SP,8.61
20266769,Caio Mendes,53,Direito,Januaria,GO,8.62
20266770,Carlos Brito Rocha Brito,21,Sistemas de Informacao,Juiz de Fora,GO,7.95
20266771,Flavia Martins,43,Matematica,Salinas,DF,7.91
20266772,Helena Moura Martins,51,Administracao,Porteirinha,ES,8.7
20266773,Igor Marques,55,Administracao,Salinas,RJ,8.43
20266774,Joao Cardoso Rodrigues,47,Quimica,Juiz de Fora,SP,5.91
20266775,Thiago Barbosa Ribeiro,42,Matematica,Pirapora,SP,9.19
20266776,Luana Freitas Cavalcanti Cavalcanti,23,Fisica,Porteirinha,MG,8.38
20266777,Lucas Mendes Cardoso,20,Medicina,Januaria,DF,7.61
20266778,Beatriz Dias Oliveira Rocha,45,Sistemas de Informacao,Porteirinha,SP,9.13
20266779,Felipe Cavalcanti Cavalcanti,42,Direito,Lavras,ES,8.51
20266780,Gabriel Almeida Medeiros Pereira,54,Analise e Desenvolvimento de Sistemas,Lavras,RJ,5.3
20266781,Fernanda Barbosa Costa Santos,24,Analise e Desenvolvimento de Sistemas,Porteirinha,DF,8.05
20266782,Felipe Barbosa Carvalho,53,Quimica,Teofilo Otoni,ES,8.25
20266783,Yasmin Santos Vieira Moreira,29,Engenharia de Software,Vicosa,ES,7.14
20266784,Caio Mendes Ribeiro Carvalho,44,Fisica,Teofilo Otoni,RJ,9.49
20266785,Rodrigo Medeiros Silva,33,Engenharia de Software,Janauba,DF,6.45
20266786,Rodrigo Vieira Lopes,29,Engenharia Eletrica,Januaria,DF,9.49
20266787,Gustavo Moreira Monteiro,44,Engenharia Eletrica,Vicosa,RJ,8.93
20266788,Daniela Cardoso Medeiros,18,Matematica,Governador Valadares,MG,8.41
20266789,Luana Teixeira Fernandes Nunes,46,Administracao,Salinas,RJ,5.09
20266790,Helena Ferreira Oliveira,31,Quimica,Sao Francisco,RJ,8.57
20266791,Matheus Nunes,26,Engenharia Eletrica,Januaria,GO,8.07
20266792,Camila Santos,40,Direito,Curvelo,GO,6.68
20266793,Daniela Soares,37,Engenharia de Software,Salinas,SP,7.09
20266794,Enzo Lopes Oliveira Andrade,46,Sistemas de Informacao,Vicosa,SP,7.13
20266795,Mariana Santos Costa Pereira,46,Medicina,Ouro Preto,ES,5.88
20266796,Olivia Medeiros Santos Rocha,30,Direito,Montes Claros,MG,8.65
20266797,Flavia Santos Freitas,29,Ciencia da Computacao,Belo Horizonte,BA,9.37
20266798,Gustavo Martins Gomes,32,Fisica,Juiz de Fora,RJ,9.49
20266799,Matheus Brito Fernandes,42,Administracao,Ouro Preto,SP,6.0
20266800,Helena Vieira,50,Engenharia de Software,Almenara,RJ,8.18
20266801,Rodrigo Monteiro Oliveira,49,Direito,Sao Francisco,RJ,9.25
20266802,Isabela Nascimento Moura Dias,46,Agronomia,Sao Francisco,RJ,9.03
20266803,Amanda Ribeiro Fernandes,26,Direito,Curvelo,BA,6.3
20266804,Igor Brito Monteiro,41,Engenharia Eletrica,Coronel Fabriciano,SP,5.71
20266805,Natalia Carvalho Rocha,24,Engenharia Eletrica,Ouro Preto,RJ,7.35
20266806,Samuel Rodrigues Fernandes,36,Agronomia,Vicosa,GO,7.38
20266807,Guilherme Martins Pinto,46,Fisica,Salinas,MG,5.95
20266808,Joao Ribeiro Ramos,49,Matematica,Uberlandia,MG,9.29
20266809,Rodrigo Moura Moreira,46,Fisica,Brasilia de Minas,GO,9.5
20266810,Beatriz Santos Rocha Cardoso,52,Engenharia de Software,Coronel Fabriciano,BA,5.71
20266811,Olivia Soares,44,Medicina,Salinas,ES,8.53
20266812,Helena Nascimento Almeida Ferreira,26,Engenharia Eletrica,Brasilia de Minas,MG,8.32
20266813,Camila Lima Brito,50,Fisica,Vicosa,ES,5.23
20266814,Isabela Teixeira Machado Rocha,24,Fisica,Porteirinha,RJ,9.11
20266815,Gabriel Ramos Silva Nascimento,54,Analise e Desenvolvimento de Sistemas,Governador Valadares,RJ,7.27
20266816,Beatriz Andrade,28,Sistemas de Informacao,Coronel Fabriciano,SP,5.38
20266817,Enzo Andrade,39,Sistemas de Informacao,Governador Valadares,SP,8.52
20266818,Nicolas Rocha Pereira,42,Agronomia,Diamantina,BA,5.03
20266819,Lucas Freitas Pereira Ferreira,31,Fisica,Salinas,ES,5.25
20266820,Tatiana Castro,51,Ciencia da Computacao,Januaria,GO,8.75
20266821,Joao Rocha Dias,41,Direito,Vicosa,BA,6.42
20266822,Juliana Monteiro Ribeiro,32,Matematica,Salinas,BA,5.62
20266823,Eduardo Monteiro Lopes,44,Administracao,Curvelo,DF,8.56
20266824,Camila Lopes Nascimento,55,Agronomia,Montes Claros,ES,6.33
20266825,Natalia Carvalho Lima,54,Direito,Janauba,ES,6.34
20266826,Juliana Cardoso Alves,30,Direito,Januaria,GO,5.7
20266827,Flavia Brito Moura Fernandes,40,Matematica,Ouro Preto,ES,8.56
20266828,Enzo Nunes Santos,54,Engenharia de Software,Juiz de Fora,ES,5.97
20266829,Guilherme Gomes,45,Engenharia de Software,Coronel Fabriciano,GO,9.83
20266830,Felipe Medeiros Pinto,53,Direito,Teofilo Otoni,SP,6.31
20266831,Rafaela Ferreira Gomes,51,Fisica,Porteirinha,DF,5.68
20266832,Amanda Ribeiro Freitas Barbosa,55,Analise e Desenvolvimento de Sistemas,Curvelo,DF,5.22
20266833,Fernanda Gomes Lima,20,Sistemas de Informacao,Salinas,SP,8.21
20266834,Rodrigo Nascimento Ferreira Carvalho,42,Agronomia,Porteirinha,MG,6.59
20266835,Enzo Dias Costa Almeida,49,Ciencia da Computacao,Montes Claros,DF,7.63
20266836,Natalia Cardoso Andrade Rodrigues,21,Ciencia da Computacao,Belo Horizonte,BA,5.78
20266837,Bruno Cardoso Lopes Vieira,47,Agronomia,Brasilia de Minas,BA,5.79
20266838,Samuel Cavalcanti Barbosa,45,Engenharia de Software,Diamantina,MG,8.8
20266839,Olivia Lima Carvalho Almeida,52,Fisica,Sao Francisco,DF,6.26
20266840,Isabela Cardoso Lopes,21,Quimica,Sao Francisco,ES,6.68
20266841,Luana Machado,35,Medicina,Governador Valadares,ES,7.06
20266842,Tatiana Carvalho,23,Sistemas de Informacao,Salinas,BA,6.74
20266843,Rodrigo Teixeira Brito Moura,30,Quimica,Governador Valadares,BA,8.38
20266844,Felipe Pereira,35,Engenharia Eletrica,Almenara,DF,8.76
20266845,Guilherme Mendes Souza,47,Direito,Governador Valadares,GO,8.31
20266846,Mariana Barbosa Soares Dias,37,Quimica,Vicosa,SP,8.21
20266847,Eduardo Alves Almeida Pereira,41,Quimica,Uberlandia,DF,7.58
20266848,Helena Oliveira Lima,37,Sistemas de Informacao,Coronel Fabriciano,DF,6.45
20266849,Isabela Almeida Medeiros,35,Administracao,Lavras,SP,6.82
20266850,Gabriel Silva Medeiros,18,Analise e Desenvolvimento de Sistemas,Sao Francisco,ES,8.33
20266851,Matheus Lima Moreira,30,Fisica,Teofilo Otoni,GO,8.93
20266852,Mariana Ramos Rodrigues,27,Administracao,Brasilia de Minas,BA,5.54
20266853,Rafaela Monteiro,46,Sistemas de Informacao,Lavras,DF,7.68
20266854,Isabela Marques Barbosa,54,Direito,Januaria,RJ,8.18
20266855,Amanda Brito Silva Pereira,54,Administracao,Porteirinha,BA,8.65
20266856,Rafaela Nascimento Marques Gomes,30,Matematica,Janauba,DF,5.13
20266857,Eduardo Pereira,50,Direito,Montes Claros,GO,5.22
20266858,Felipe Lima,29,Sistemas de Informacao,Januaria,SP,6.16
20266859,Carlos Cavalcanti Pinto Lopes,54,Quimica,Sao Francisco,RJ,9.83
20266860,Thiago Moura,19,Engenharia de Software,Uberlandia,RJ,5.35
20266861,Ana Ferreira Vieira,48,Agronomia,Teofilo Otoni,SP,8.96
20266862,Thiago Brito Alves Pereira,49,Analise e Desenvolvimento de Sistemas,Curvelo,MG,8.87
20266863,Daniela Nunes Teixeira,51,Fisica,Lavras,SP,7.26
20266864,Carlos Ribeiro Freitas,30,Engenharia Eletrica,Uberlandia,MG,6.17
20266865,Daniela Gomes Barbosa Dias,18,Administracao,Belo Horizonte,BA,8.64
20266866,Daniela Nascimento Gomes Fernandes,23,Fisica,Uberlandia,ES,8.99
20266867,Alexandre Machado Barbosa Moreira,52,Administracao,Coronel Fabriciano,RJ,6.94
20266868,Samuel Marques Brito,25,Engenharia de Software,Teofilo Otoni,GO,7.47
20266869,Ana Silva,25,Analise e Desenvolvimento de Sistemas,Juiz de Fora,SP,5.94
20266870,Natalia Alves Santos,48,Analise e Desenvolvimento de Sistemas,Lavras,DF,5.87
20266871,Juliana Rocha Cavalcanti Almeida,32,Direito,Uberlandia,DF,8.78
20266872,Juliana Carvalho,33,Engenharia de Software,Janauba,MG,5.57
20266873,Matheus Ramos Nunes,41,Direito,Ouro Preto,RJ,9.89
20266874,Carlos Souza Oliveira,19,Medicina,Governador Valadares,MG,9.18
20266875,Enzo Costa,35,Direito,Governador Valadares,DF,6.17
20266876,Olivia Barbosa Teixeira,54,Engenharia Eletrica,Brasilia de Minas,MG,5.63
20266877,Enzo Almeida Ferreira Rocha,40,Fisica,Sao Francisco,GO,7.58
20266878,Rodrigo Cardoso Andrade,49,Medicina,Juiz de Fora,SP,5.48
20266879,Helena Teixeira Almeida,53,Sistemas de Informacao,Belo Horizonte,RJ,5.27
20266880,Tatiana Fernandes Soares Moreira,52,Fisica,Janauba,MG,5.52
20266881,Felipe Ferreira,33,Agronomia,Sao Francisco,GO,9.84
20266882,Gabriel Monteiro Barbosa,29,Matematica,Diamantina,BA,9.66
20266883,Alexandre Freitas Oliveira Rodrigues,48,Direito,Diamantina,BA,9.12
20266884,Carlos Rodrigues Souza,45,Medicina,Belo Horizonte,RJ,5.22
20266885,Thiago Ramos Ferreira,29,Direito,Curvelo,BA,5.39
20266886,Juliana Moreira,28,Fisica,Vicosa,RJ,6.54
20266887,Gustavo Castro Brito Silva,45,Quimica,Montes Claros,SP,5.57
20266888,Enzo Silva Brito,41,Administracao,Coronel Fabriciano,DF,9.12
20266889,Leticia Ribeiro,53,Matematica,Almenara,DF,5.43
20266890,Matheus Rocha,50,Administracao,Brasilia de Minas,BA,6.77
20266891,Bruno Pinto Ramos Rocha,32,Analise e Desenvolvimento de Sistemas,Coronel Fabriciano,BA,5.55
20266892,Igor Teixeira Pinto,44,Matematica,Pirapora,ES,8.36
20266893,Matheus Rocha,43,Agronomia,Uberlandia,BA,6.23
20266894,Tatiana Pinto Moreira,35,Fisica,Teofilo Otoni,BA,5.14
20266895,Thiago Medeiros Gomes Dias,39,Agronomia,Diamantina,MG,5.05
20266896,Caio Cavalcanti Souza Monteiro,47,Medicina,Coronel Fabriciano,GO,9.83
20266897,Vinicius Brito Alves,20,Agronomia,Lavras,SP,9.13
20266898,Leticia Cavalcanti Lopes,23,Matematica,Teofilo Otoni,RJ,8.55
20266899,Joao Mendes,50,Analise e Desenvolvimento de Sistemas,Brasilia de Minas,MG,7.43
20266900,Nicolas Lima Teixeira Ferreira,53,Engenharia Eletrica,Coronel Fabriciano,GO,7.32
20266901,Natalia Mendes Alves Pereira,18,Analise e Desenvolvimento de Sistemas,Brasilia de Minas,MG,5.86
20266902,Natalia Almeida Machado Rodrigues,49,Engenharia de Software,Janauba,RJ,8.71
20266903,Matheus Brito Rodrigues,50,Engenharia de Software,Lavras,MG,5.09
20266904,Ana Ferreira,32,Analise e Desenvolvimento de Sistemas,Januaria,DF,9.11
20266905,Helena Fernandes Monteiro,55,Ciencia da Computacao,Porteirinha,MG,5.39
20266906,Rafaela Medeiros Costa Alves,40,Fisica,Ouro Preto,DF,8.56
20266907,Juliana Freitas,49,Sistemas de Informacao,Porteirinha,SP,6.22
20266908,Guilherme Vieira Rocha,42,Engenharia Eletrica,Lavras,GO,9.51
20266909,Yasmin Machado Monteiro Medeiros,24,Medicina,Ouro Preto,GO,9.06
20266910,Flavia Dias Brito,46,Engenharia de Software,Vicosa,MG,9.56
20266911,Amanda Alves Vieira,50,Direito,Pirapora,ES,5.91
20266912,Ana Teixeira Almeida,32,Agronomia,Almenara,DF,8.65
20266913,Helena Medeiros Cardoso,52,Fisica,Curvelo,RJ,7.66
20266914,Enzo Nunes,44,Fisica,Governador Valadares,ES,5.58
20266915,Thiago Medeiros Costa Freitas,46,Fisica,Montes Claros,GO,9.11
20266916,Isabela Moreira Nascimento Freitas,36,Agronomia,Uberlandia,SP,9.12
20266917,Alexandre Castro Freitas,49,Administracao,Vicosa,BA,8.39
20266918,Rodrigo Santos Oliveira Freitas,38,Ciencia da Computacao,Uberlandia,ES,5.65
20266919,Rafaela Cardoso Lopes,32,Matematica,Diamantina,SP,7.29
20266920,Fernanda Ribeiro Machado,49,Agronomia,Lavras,RJ,9.0
20266921,Joao Lopes Cavalcanti,41,Engenharia de Software,Coronel Fabriciano,MG,8.65
20266922,Juliana Ferreira Freitas Carvalho,26,Engenharia Eletrica,Diamantina,BA,5.01
20266923,Joao Monteiro Pinto,28,Fisica,Lavras,ES,9.35
20266924,Lucas Pinto Nascimento Dias,49,Administracao,Governador Valadares,DF,6.07
20266925,Felipe Carvalho Ramos,20,Direito,Governador Valadares,GO,7.85
20266926,Gustavo Silva,44,Sistemas de Informacao,Belo Horizonte,GO,8.24
20266927,Vinicius Almeida,37,Engenharia de Software,Governador Valadares,MG,7.76
20266928,Larissa Silva Cavalcanti,36,Agronomia,Coronel Fabriciano,RJ,5.61
20266929,Lucas Vieira Brito Moura,38,Matematica,Coronel Fabriciano,BA,6.25
20266930,Daniela Brito Soares,24,Administracao,Almenara,GO,8.41
20266931,Flavia Freitas Ribeiro,35,Ciencia da Computacao,Lavras,ES,6.86
20266932,Natalia Souza Ferreira,33,Sistemas de Informacao,Pirapora,SP,9.29
20266933,Joao Souza Rodrigues,22,Agronomia,Juiz de Fora,MG,7.28
20266934,Beatriz Brito,54,Matematica,Teofilo Otoni,GO,9.36
20266935,Fernanda Moura Castro,53,Fisica,Montes Claros,BA,5.85
20266936,Leticia Pinto Nunes,20,Medicina,Januaria,BA,9.5
20266937,Fernanda Cardoso Lopes,36,Engenharia Eletrica,Vicosa,GO,6.26
20266938,Guilherme Nascimento,41,Engenharia de Software,Janauba,MG,8.95
20266939,Rafaela Carvalho,39,Medicina,Curvelo,MG,7.03
20266940,Yasmin Brito Ferreira Nascimento,44,Administracao,Belo Horizonte,MG,8.38
20266941,Pedro Teixeira Marques,37,Agronomia,Coronel Fabriciano,SP,5.09
20266942,Vinicius Soares Carvalho,38,Sistemas de Informacao,Janauba,DF,8.19
20266943,Thiago Ferreira,44,Medicina,Diamantina,RJ,6.27
20266944,Flavia Machado,45,Fisica,Vicosa,RJ,7.49
20266945,Olivia Soares,22,Engenharia de Software,Janauba,BA,6.34
20266946,Leticia Machado Fernandes Pinto,22,Fisica,Janauba,BA,6.7
20266947,Bruno Soares,30,Medicina,Salinas,DF,7.55
20266948,Enzo Carvalho,27,Matematica,Porteirinha,GO,8.59
20266949,Olivia Gomes Freitas,23,Ciencia da Computacao,Januaria,SP,8.03
20266950,Mariana Machado Fernandes,33,Agronomia,Porteirinha,DF,7.31
20266951,Luana Monteiro,24,Matematica,Teofilo Otoni,GO,5.08
20266952,Gustavo Alves,42,Analise e Desenvolvimento de Sistemas,Diamantina,ES,8.31
20266953,Rafaela Nunes Lima Rocha,55,Analise e Desenvolvimento de Sistemas,Almenara,DF,7.71
20266954,Helena Pereira Castro,28,Quimica,Brasilia de Minas,ES,8.64
20266955,Olivia Silva,19,Administracao,Teofilo Otoni,DF,6.17
20266956,Rodrigo Carvalho Brito,28,Engenharia de Software,Sao Francisco,MG,7.03
20266957,Natalia Mendes Nunes,25,Fisica,Curvelo,RJ,5.04
20266958,Fernanda Alves Cardoso,27,Matematica,Almenara,BA,6.12
20266959,Alexandre Medeiros Pereira Lopes,31,Medicina,Belo Horizonte,MG,9.44
20266960,Isabela Costa Cavalcanti,47,Quimica,Almenara,GO,6.52
20266961,Bruno Fernandes Santos,54,Engenharia de Software,Pirapora,SP,8.89
20266962,Fernanda Machado Monteiro,28,Agronomia,Governador Valadares,ES,5.85
20266963,Igor Vieira Vieira,42,Agronomia,Teofilo Otoni,DF,9.5
20266964,Enzo Lima Castro,49,Ciencia da Computacao,Belo Horizonte,ES,7.11
20266965,Joao Almeida Gomes,28,Analise e Desenvolvimento de Sistemas,Almenara,BA,6.24
20266966,Nicolas Mendes Monteiro Carvalho,43,Agronomia,Salinas,BA,6.67
20266967,Beatriz Lima,51,Direito,Ouro Preto,SP,7.34
20266968,Tatiana Soares Freitas,36,Quimica,Salinas,RJ,7.08
20266969,Tatiana Rodrigues Silva,40,Direito,Curvelo,SP,8.27
20266970,Alexandre Ribeiro,40,Analise e Desenvolvimento de Sistemas,Teofilo Otoni,ES,6.21
20266971,Yasmin Fernandes,52,Analise e Desenvolvimento de Sistemas,Porteirinha,GO,6.83
20266972,Amanda Andrade Rocha,18,Agronomia,Governador Valadares,RJ,7.37
20266973,Samuel Ramos Lima Cavalcanti,25,Quimica,Janauba,GO,7.21
20266974,Isabela Ribeiro Nascimento Silva,24,Quimica,Uberlandia,BA,5.92
20266975,Joao Mendes Pereira,34,Matematica,Brasilia de Minas,ES,9.54
20266976,Camila Soares,55,Sistemas de Informacao,Uberlandia,MG,6.71
20266977,Rafaela Silva Rocha Machado,53,Sistemas de Informacao,Januaria,DF,9.81
20266978,Rodrigo Ribeiro Santos Cardoso,50,Ciencia da Computacao,Governador Valadares,ES,7.52
20266979,Carlos Pinto,26,Medicina,Teofilo Otoni,GO,5.56
20266980,Amanda Fernandes Gomes,30,Fisica,Sao Francisco,GO,6.27
20266981,Olivia Souza Costa,49,Matematica,Almenara,ES,9.14
20266982,Lucas Rocha Ferreira,19,Ciencia da Computacao,Teofilo Otoni,BA,7.35
20266983,Igor Andrade Freitas,54,Matematica,Lavras,ES,6.21
20266984,Samuel Carvalho Costa Machado,20,Analise e Desenvolvimento de Sistemas,Teofilo Otoni,DF,5.84
20266985,Ana Freitas,48,Fisica,Januaria,MG,6.14
20266986,Gabriel Ramos Alves Nascimento,21,Administracao,Ouro Preto,SP,5.73
20266987,Rodrigo Teixeira Monteiro,55,Medicina,Curvelo,BA,9.68
20266988,Alexandre Pereira,40,Engenharia Eletrica,Teofilo Otoni,BA,8.17
20266989,Enzo Oliveira Santos,54,Matematica,Governador Valadares,GO,7.24
20266990,Thiago Fernandes Pereira,24,Direito,Pirapora,SP,9.86
20266991,Rafaela Nunes Vieira Teixeira,49,Analise e Desenvolvimento de Sistemas,Vicosa,BA,8.41
20266992,Bruno Alves Gomes,38,Matematica,Curvelo,RJ,7.48
20266993,Olivia Fernandes Almeida,26,Matematica,Juiz de Fora,ES,9.51
20266994,Natalia Rodrigues Dias,37,Fisica,Teofilo Otoni,DF,9.03
20266995,Beatriz Brito Castro Rocha,49,Engenharia Eletrica,Curvelo,SP,7.15
20266996,Natalia Souza Oliveira Freitas,23,Matematica,Salinas,GO,8.16
20266997,Daniela Almeida Andrade Martins,32,Administracao,Diamantina,SP,8.06
20266998,Matheus Ribeiro,30,Engenharia de Software,Montes Claros,SP,8.69
20266999,Alexandre Cavalcanti,52,Fisica,Uberlandia,RJ,6.21
20267000,Tatiana Almeida Cavalcanti Freitas,21,Administracao,Pirapora,MG,6.68
20267001,Helena Pereira,51,Agronomia,Governador Valadares,DF,6.66
20267002,Helena Brito Gomes,42,Medicina,Curvelo,SP,5.58
20267003,Flavia Moreira Machado,37,Agronomia,Pirapora,SP,6.09
20267004,Joao Soares Santos,18,Quimica,Salinas,ES,7.68
20267005,Gabriel Silva Marques Lopes,53,Sistemas de Informacao,Teofilo Otoni,SP,9.1
20267006,Enzo Nascimento Soares,54,Quimica,Janauba,MG,8.26
20267007,Rodrigo Pereira Pinto,49,Agronomia,Janauba,DF,6.6
20267008,Gustavo Pereira Nascimento Vieira,33,Administracao,Curvelo,ES,9.42
20267009,Olivia Fernandes,41,Matematica,Porteirinha,ES,9.68
20267010,Vinicius Brito Fernandes,21,Agronomia,Januaria,ES,9.3
20267011,Ana Marques,55,Medicina,Coronel Fabriciano,ES,7.65
20267012,Olivia Martins Martins,23,Administracao,Vicosa,ES,9.7
20267013,Enzo Vieira,19,Quimica,Diamantina,GO,5.24
20267014,Beatriz Medeiros Medeiros,54,Ciencia da Computacao,Uberlandia,SP,5.1
20267015,Enzo Mendes,25,Ciencia da Computacao,Curvelo,MG,7.16
20267016,Gabriel Santos Rocha,28,Ciencia da Computacao,Ouro Preto,RJ,6.61
20267017,Vinicius Pinto Fernandes Nascimento,40,Quimica,Ouro Preto,BA,7.91
20267018,Debora Machado,42,Quimica,Janauba,SP,9.33
20267019,Samuel Freitas Teixeira Alves,27,Administracao,Lavras,ES,7.52
20267020,Matheus Monteiro,42,Quimica,Diamantina,BA,5.29
20267021,Carlos Carvalho Santos,49,Fisica,Lavras,MG,7.27
20267022,Rafaela Ribeiro Rocha,39,Agronomia,Ouro Preto,MG,5.42
20267023,Luana Pereira Costa Mendes,47,Administracao,Pirapora,SP,9.17
20267024,Joao Teixeira Fernandes,37,Sistemas de Informacao,Porteirinha,RJ,7.29
20267025,Bruno Souza Soares Lima,40,Matematica,Juiz de Fora,RJ,6.55
20267026,Beatriz Soares,37,Medicina,Ouro Preto,SP,8.91
20267027,Caio Ferreira Castro,43,Engenharia Eletrica,Porteirinha,ES,9.18
20267028,Eduardo Soares Santos,55,Ciencia da Computacao,Janauba,SP,9.56
20267029,Thiago Machado Costa,41,Sistemas de Informacao,Pirapora,RJ,6.71
20267030,Luana Freitas Carvalho,55,Fisica,Januaria,RJ,9.41
20267031,Flavia Ramos Nascimento,27,Engenharia de Software,Brasilia de Minas,BA,5.07
20267032,Gabriel Rocha Cardoso Pinto,55,Direito,Montes Claros,RJ,9.51
20267033,Leticia Rodrigues Alves,26,Engenharia de Software,Sao Francisco,DF,5.29
20267034,Leticia Almeida Machado,32,Medicina,Januaria,GO,8.91
20267035,Rodrigo Souza Alves,54,Sistemas de Informacao,Almenara,RJ,5.59
20267036,Guilherme Costa Carvalho Castro,32,Medicina,Teofilo Otoni,RJ,5.01
20267037,Joao Ribeiro Marques,39,Medicina,Lavras,MG,9.11
20267038,Isabela Alves Martins,39,Fisica,Porteirinha,BA,9.04
20267039,Ana Ferreira Monteiro Lima,31,Analise e Desenvolvimento de Sistemas,Almenara,GO,8.08
20267040,Lucas Rocha,32,Ciencia da Computacao,Porteirinha,DF,9.89
20267041,Matheus Barbosa Santos Freitas,24,Agronomia,Sao Francisco,BA,6.14
20267042,Beatriz Nunes Vieira Teixeira,32,Medicina,Uberlandia,BA,9.66
20267043,Leticia Freitas Dias Martins,24,Agronomia,Porteirinha,ES,9.57
20267044,Rafaela Moreira Vieira Medeiros,27,Engenharia Eletrica,Sao Francisco,BA,9.02
20267045,Amanda Marques Soares Andrade,51,Direito,Salinas,RJ,6.88
20267046,Olivia Souza Carvalho,26,Sistemas de Informacao,Pirapora,RJ,8.71
20267047,Rodrigo Oliveira Freitas,18,Engenharia Eletrica,Lavras,BA,9.26
20267048,Beatriz Dias,49,Engenharia de Software,Salinas,BA,9.64
20267049,Gabriel Ribeiro Alves Cavalcanti,52,Analise e Desenvolvimento de Sistemas,Belo Horizonte,SP,5.07
20267050,Matheus Medeiros Rodrigues,55,Engenharia de Software,Porteirinha,GO,8.47
20267051,Matheus Machado Moreira,55,Quimica,Coronel Fabriciano,BA,6.68
20267052,Gabriel Alves Ramos,25,Quimica,Almenara,MG,6.12
20267053,Matheus Fernandes Pereira Mendes,39,Administracao,Sao Francisco,DF,8.97
20267054,Mariana Carvalho Silva Souza,26,Sistemas de Informacao,Brasilia de Minas,BA,5.63
20267055,Joao Ferreira Nunes Moreira,37,Analise e Desenvolvimento de Sistemas,Belo Horizonte,GO,8.58
20267056,Caio Ferreira Castro Brito,46,Fisica,Teofilo Otoni,MG,5.32
20267057,Luana Costa Mendes,18,Matematica,Curvelo,BA,8.55
20267058,Matheus Machado Soares,26,Ciencia da Computacao,Pirapora,GO,8.79
20267059,Rafaela Rodrigues Oliveira,22,Ciencia da Computacao,Governador Valadares,DF,5.56
20267060,Samuel Nunes Oliveira Souza,39,Sistemas de Informacao,Januaria,SP,7.87
20267061,Guilherme Cavalcanti Nunes Nascimento,23,Ciencia da Computacao,Belo Horizonte,ES,9.13
20267062,Matheus Ribeiro Lima,47,Quimica,Lavras,BA,9.05
20267063,Gustavo Silva Costa Dias,31,Sistemas de Informacao,Brasilia de Minas,SP,7.59
20267064,Bruno Ramos Marques,45,Medicina,Juiz de Fora,RJ,8.89
20267065,Olivia Medeiros Nascimento,28,Agronomia,Curvelo,MG,6.26
20267066,Eduardo Costa Vieira,39,Fisica,Diamantina,SP,7.22
20267067,Eduardo Rodrigues Nunes,20,Quimica,Lavras,SP,8.33
20267068,Helena Monteiro Costa,27,Sistemas de Informacao,Belo Horizonte,GO,8.5
20267069,Thiago Vieira Fernandes,47,Fisica,Brasilia de Minas,ES,6.49
20267070,Flavia Brito Barbosa,37,Medicina,Salinas,GO,6.29
20267071,Debora Freitas,26,Matematica,Curvelo,MG,6.26
20267072,Daniela Cardoso Rodrigues,32,Analise e Desenvolvimento de Sistemas,Curvelo,MG,6.32
20267073,Igor Mendes Nunes Vieira,43,Engenharia Eletrica,Almenara,BA,8.59
20267074,Samuel Andrade Gomes,39,Quimica,Curvelo,DF,5.55
20267075,Mariana Silva Marques,47,Direito,Belo Horizonte,MG,9.62
20267076,Larissa Monteiro Santos Lopes,31,Engenharia de Software,Coronel Fabriciano,ES,6.94
20267077,Matheus Dias,31,Matematica,Pirapora,DF,7.94
20267078,Amanda Martins Monteiro Costa,51,Fisica,Curvelo,DF,5.41
20267079,Olivia Rocha Silva Mendes,33,Matematica,Lavras,SP,7.61
20267080,Beatriz Silva Andrade Oliveira,43,Agronomia,Pirapora,SP,5.46
20267081,Guilherme Lima,47,Agronomia,Janauba,RJ,8.77
20267082,Lucas Rodrigues Cardoso,43,Sistemas de Informacao,Juiz de Fora,GO,5.87
20267083,Rodrigo Pereira Barbosa,35,Medicina,Uberlandia,DF,9.05
20267084,Tatiana Pinto Castro,46,Medicina,Belo Horizonte,GO,5.17
20267085,Enzo Carvalho Lopes,52,Engenharia de Software,Janauba,SP,6.39
20267086,Fernanda Lima Gomes Lima,22,Matematica,Lavras,GO,9.7
20267087,Gabriel Carvalho Ferreira,26,Ciencia da Computacao,Sao Francisco,ES,6.2
20267088,Camila Brito Almeida,19,Matematica,Almenara,GO,9.52
20267089,Carlos Costa,37,Engenharia Eletrica,Vicosa,RJ,7.0
20267090,Joao Oliveira Nunes Moura,30,Quimica,Ouro Preto,BA,7.71
20267091,Guilherme Mendes Vieira,21,Fisica,Montes Claros,GO,5.04
20267092,Matheus Ramos Almeida Rocha,36,Matematica,Uberlandia,BA,6.79
20267093,Caio Pinto Santos Pereira,27,Engenharia Eletrica,Belo Horizonte,SP,6.63
20267094,Helena Costa,39,Analise e Desenvolvimento de Sistemas,Porteirinha,GO,9.88
20267095,Samuel Moreira Machado,55,Analise e Desenvolvimento de Sistemas,Juiz de Fora,MG,7.09
20267096,Isabela Barbosa Vieira,19,Analise e Desenvolvimento de Sistemas,Salinas,SP,7.52
20267097,Eduardo Brito,34,Medicina,Vicosa,BA,5.09
20267098,Debora Rocha Almeida Costa,24,Administracao,Ouro Preto,DF,6.59
20267099,Alexandre Silva Gomes Moreira,36,Medicina,Montes Claros,SP,9.74
20267100,Flavia Souza Freitas Costa,27,Agronomia,Lavras,SP,8.83
20267101,Amanda Gomes Cavalcanti,53,Quimica,Uberlandia,RJ,7.48
20267102,Gabriel Santos Nunes,39,Quimica,Teofilo Otoni,ES,6.69
20267103,Nicolas Oliveira Rocha Ribeiro,31,Quimica,Uberlandia,MG,9.65
20267104,Gabriel Machado Almeida Mendes,19,Direito,Teofilo Otoni,RJ,9.47
20267105,Bruno Oliveira Nascimento Souza,29,Fisica,Governador Valadares,SP,8.94
20267106,Joao Medeiros,32,Matematica,Juiz de Fora,RJ,8.6
20267107,Fernanda Souza Soares,50,Medicina,Curvelo,MG,9.6
20267108,Bruno Nascimento Soares Costa,36,Agronomia,Juiz de Fora,ES,6.38
20267109,Gabriel Barbosa,49,Engenharia Eletrica,Porteirinha,MG,8.33
20267110,Camila Freitas Ramos Medeiros,40,Engenharia Eletrica,Janauba,GO,9.61
20267111,Lucas Lima Pinto,25,Fisica,Belo Horizonte,RJ,8.1
20267112,Eduardo Nunes Monteiro,51,Engenharia de Software,Montes Claros,SP,8.42
20267113,Rafaela Almeida Silva Brito,55,Engenharia de Software,Vicosa,DF,8.14
20267114,Gabriel Rocha,54,Sistemas de Informacao,Lavras,SP,5.68
20267115,Enzo Ramos Freitas Fernandes,24,Administracao,Janauba,BA,8.82
20267116,Guilherme Moreira Mendes,53,Medicina,Uberlandia,BA,8.35
20267117,Vinicius Lopes,43,Engenharia Eletrica,Pirapora,MG,9.69
20267118,Debora Pinto Andrade Lima,37,Engenharia Eletrica,Vicosa,MG,7.11
20267119,Natalia Monteiro Costa,38,Administracao,Diamantina,SP,8.59
20267120,Alexandre Ferreira Silva,25,Engenharia Eletrica,Montes Claros,BA,8.22
20267121,Leticia Moura Martins Pereira,35,Matematica,Salinas,SP,5.38
20267122,Igor Oliveira,23,Fisica,Juiz de Fora,DF,6.5
20267123,Leticia Ferreira Rocha,48,Matematica,Uberlandia,MG,9.87
20267124,Tatiana Lima Martins Teixeira,21,Sistemas de Informacao,Salinas,BA,6.26
20267125,Felipe Gomes Soares Cardoso,18,Agronomia,Montes Claros,GO,7.44
20267126,Larissa Moura Andrade,46,Engenharia de Software,Belo Horizonte,RJ,8.4
20267127,Tatiana Ribeiro,37,Fisica,Juiz de Fora,MG,9.64
20267128,Gabriel Rocha Vieira,43,Administracao,Uberlandia,ES,8.07
20267129,Ana Cardoso Ribeiro Medeiros,47,Sistemas de Informacao,Almenara,DF,8.69
20267130,Helena Moura Mendes,19,Agronomia,Uberlandia,GO,6.18
20267131,Yasmin Fernandes Nascimento Almeida,55,Direito,Sao Francisco,DF,9.36
20267132,Thiago Santos Martins,50,Quimica,Janauba,RJ,8.43
20267133,Carlos Lima Monteiro,37,Engenharia de Software,Montes Claros,BA,7.21
20267134,Igor Moreira Monteiro,35,Matematica,Brasilia de Minas,MG,8.35
20267135,Vinicius Freitas Castro,21,Engenharia de Software,Brasilia de Minas,RJ,6.6
20267136,Natalia Castro Costa,43,Fisica,Montes Claros,DF,8.72
20267137,Felipe Lima,33,Fisica,Lavras,BA,5.06
20267138,Ana Ribeiro Castro,48,Agronomia,Montes Claros,RJ,8.13
20267139,Leticia Lima Fernandes Machado,38,Fisica,Janauba,BA,5.02
20267140,Mariana Costa,25,Sistemas de Informacao,Lavras,ES,5.51
20267141,Olivia Rocha Cavalcanti,31,Sistemas de Informacao,Almenara,BA,5.82
20267142,Yasmin Soares,26,Engenharia de Software,Salinas,DF,9.32
20267143,Camila Carvalho Monteiro Moura,23,Engenharia de Software,Ouro Preto,ES,8.18
20267144,Lucas Costa Carvalho,30,Sistemas de Informacao,Teofilo Otoni,ES,9.6
20267145,Flavia Pereira Castro,55,Matematica,Juiz de Fora,MG,5.22
20267146,Rodrigo Nunes Martins Gomes,25,Analise e Desenvolvimento de Sistemas,Diamantina,RJ,9.59
20267147,Mariana Ferreira Soares,40,Fisica,Sao Francisco,DF,6.48
20267148,Juliana Cardoso Santos,21,Engenharia de Software,Lavras,ES,9.5
20267149,Natalia Soares Soares,28,Sistemas de Informacao,Janauba,ES,8.35
20267150,Carlos Carvalho Ramos,34,Agronomia,Sao Francisco,GO,5.26
20267151,Joao Fernandes Almeida,27,Quimica,Januaria,DF,9.43
20267152,Daniela Nunes Silva Monteiro,33,Ciencia da Computacao,Juiz de Fora,RJ,6.19
20267153,Enzo Cardoso Andrade,50,Medicina,Curvelo,ES,7.16
20267154,Fernanda Rocha Freitas,32,Analise e Desenvolvimento de Sistemas,Diamantina,SP,9.88
20267155,Natalia Pinto Oliveira,29,Analise e Desenvolvimento de Sistemas,Ouro Preto,GO,9.56
20267156,Vinicius Souza Rocha Machado,36,Fisica,Juiz de Fora,RJ,8.73
20267157,Lucas Freitas Moura Pereira,27,Quimica,Januaria,RJ,7.97
20267158,Tatiana Cavalcanti Oliveira,54,Matematica,Sao Francisco,BA,5.78
20267159,Larissa Rocha Machado,25,Direito,Diamantina,RJ,5.74
20267160,Bruno Rodrigues,25,Direito,Janauba,GO,6.62
20267161,Larissa Freitas Vieira,48,Analise e Desenvolvimento de Sistemas,Sao Francisco,MG,5.21
20267162,Yasmin Barbosa Soares,50,Matematica,Januaria,DF,8.48
20267163,Flavia Ramos Ramos Moura,50,Ciencia da Computacao,Diamantina,MG,8.97
20267164,Thiago Lima Almeida Silva,18,Agronomia,Belo Horizonte,BA,6.48
20267165,Matheus Pereira Rocha Rocha,19,Analise e Desenvolvimento de Sistemas,Governador Valadares,GO,5.95
20267166,Pedro Teixeira Silva Martins,41,Engenharia de Software,Belo Horizonte,MG,9.05
20267167,Pedro Alves Gomes,54,Medicina,Montes Claros,DF,8.8
20267168,Rodrigo Cavalcanti Alves,52,Direito,Sao Francisco,ES,9.15
20267169,Pedro Lima Ribeiro,55,Sistemas de Informacao,Vicosa,ES,5.19
20267170,Camila Lopes Medeiros,52,Administracao,Belo Horizonte,DF,7.83
20267171,Guilherme Ribeiro Santos,35,Administracao,Juiz de Fora,ES,7.03
20267172,Carlos Almeida,52,Engenharia Eletrica,Coronel Fabriciano,ES,5.33
20267173,Samuel Cavalcanti Nunes,48,Ciencia da Computacao,Juiz de Fora,GO,6.86
20267174,Felipe Marques Soares,35,Engenharia de Software,Curvelo,MG,5.59
20267175,Carlos Alves Dias,34,Fisica,Teofilo Otoni,RJ,8.81
20267176,Beatriz Freitas,32,Ciencia da Computacao,Pirapora,ES,8.66
20267177,Igor Dias Teixeira,37,Sistemas de Informacao,Diamantina,MG,5.64
20267178,Matheus Ribeiro Ramos,41,Sistemas de Informacao,Pirapora,GO,6.68
20267179,Natalia Gomes Lopes Rodrigues,25,Quimica,Porteirinha,BA,6.41
20267180,Enzo Almeida Cavalcanti Costa,44,Direito,Juiz de Fora,DF,6.79
20267181,Igor Freitas Mendes,47,Engenharia Eletrica,Curvelo,ES,8.43
20267182,Caio Martins Barbosa,43,Quimica,Janauba,GO,9.44
20267183,Daniela Brito Moreira,52,Analise e Desenvolvimento de Sistemas,Porteirinha,GO,8.17
20267184,Gustavo Teixeira Ramos Alves,45,Quimica,Brasilia de Minas,DF,9.79
20267185,Luana Lima Medeiros Ferreira,49,Direito,Belo Horizonte,RJ,8.77
20267186,Gustavo Silva Cavalcanti,22,Engenharia Eletrica,Montes Claros,MG,5.16
20267187,Matheus Cavalcanti Lopes Pereira,51,Sistemas de Informacao,Uberlandia,BA,7.34
20267188,Amanda Cavalcanti Ramos,21,Analise e Desenvolvimento de Sistemas,Teofilo Otoni,BA,6.56
20267189,Fernanda Brito Martins Almeida,27,Sistemas de Informacao,Vicosa,DF,6.27
20267190,Debora Soares Nascimento,36,Engenharia de Software,Vicosa,BA,7.17
20267191,Gustavo Ribeiro Vieira Vieira,46,Fisica,Juiz de Fora,DF,5.37
20267192,Guilherme Nunes Monteiro,42,Direito,Curvelo,DF,7.83
20267193,Ana Moreira Pereira,31,Direito,Uberlandia,ES,9.77
20267194,Nicolas Mendes Moreira Ferreira,53,Sistemas de Informacao,Janauba,GO,7.96
20267195,Olivia Santos Cavalcanti Ramos,51,Direito,Curvelo,MG,7.94
20267196,Eduardo Ribeiro,23,Sistemas de Informacao,Coronel Fabriciano,BA,6.55
20267197,Leticia Pereira Andrade Machado,48,Engenharia Eletrica,Januaria,BA,9.7
20267198,Lucas Rocha Alves,30,Analise e Desenvolvimento de Sistemas,Janauba,RJ,5.64
20267199,Rodrigo Vieira Vieira Almeida,49,Fisica,Teofilo Otoni,DF,7.65
20267200,Rodrigo Soares Santos Alves,28,Medicina,Almenara,MG,5.21
20267201,Carlos Medeiros Rodrigues,52,Sistemas de Informacao,Lavras,DF,8.18
20267202,Matheus Brito,43,Fisica,Uberlandia,RJ,9.47
20267203,Rodrigo Carvalho Santos,30,Engenharia Eletrica,Vicosa,BA,7.92
20267204,Luana Brito Carvalho,48,Medicina,Salinas,BA,7.39
20267205,Felipe Soares Moura Pereira,37,Quimica,Pirapora,GO,7.92
20267206,Thiago Brito Alves,53,Engenharia de Software,Janauba,MG,8.06
20267207,Tatiana Brito,45,Medicina,Diamantina,DF,7.51
20267208,Thiago Soares,20,Medicina,Coronel Fabriciano,ES,6.42
20267209,Amanda Carvalho Soares,21,Engenharia Eletrica,Januaria,DF,7.26
20267210,Leticia Mendes Castro Brito,48,Sistemas de Informacao,Almenara,DF,9.73
20267211,Alexandre Souza Lima,29,Medicina,Governador Valadares,BA,9.38
20267212,Lucas Ribeiro Cardoso Costa,41,Engenharia de Software,Brasilia de Minas,GO,8.82
20267213,Alexandre Silva Lopes Silva,46,Matematica,Janauba,ES,5.65
20267214,Isabela Cardoso Mendes,27,Analise e Desenvolvimento de Sistemas,Governador Valadares,RJ,7.16
20267215,Nicolas Medeiros Silva,46,Medicina,Salinas,RJ,5.99
20267216,Isabela Ribeiro,43,Direito,Governador Valadares,SP,5.06
20267217,Carlos Freitas Carvalho,47,Quimica,Almenara,BA,8.02
20267218,Natalia Moreira Fernandes Cavalcanti,18,Analise e Desenvolvimento de Sistemas,Coronel Fabriciano,MG,6.4
20267219,Caio Barbosa Soares,19,Fisica,Teofilo Otoni,ES,5.39
20267220,Debora Moreira Dias Santos,38,Quimica,Lavras,SP,7.75
20267221,Tatiana Medeiros,29,Sistemas de Informacao,Ouro Preto,BA,9.1
20267222,Carlos Lima Lima Pinto,32,Medicina,Salinas,MG,8.25
20267223,Rodrigo Nunes Martins Marques,33,Agronomia,Januaria,SP,7.64
20267224,Carlos Cardoso Silva,34,Analise e Desenvolvimento de Sistemas,Janauba,GO,8.42
20267225,Gustavo Martins Ferreira,46,Sistemas de Informacao,Uberlandia,DF,5.32
20267226,Felipe Soares Rocha Nunes,30,Fisica,Salinas,DF,9.33
20267227,Amanda Nunes Alves,29,Administracao,Janauba,MG,7.59
20267228,Gustavo Ramos Andrade Dias,50,Medicina,Belo Horizonte,RJ,7.89
20267229,Felipe Teixeira Ferreira,45,Quimica,Uberlandia,ES,8.11
20267230,Beatriz Rodrigues Alves,54,Agronomia,Lavras,ES,7.18
20267231,Matheus Martins Ribeiro,23,Direito,Juiz de Fora,ES,8.75
20267232,Larissa Vieira Cardoso,47,Ciencia da Computacao,Coronel Fabriciano,MG,7.55
20267233,Beatriz Dias Monteiro,50,Fisica,Belo Horizonte,SP,7.65
20267234,Guilherme Vieira Almeida,28,Direito,Sao Francisco,SP,5.4
20267235,Alexandre Machado Andrade Gomes,48,Direito,Januaria,MG,9.56
20267236,Enzo Costa Moreira,43,Matematica,Curvelo,ES,5.4
20267237,Debora Lima,46,Matematica,Almenara,MG,5.22
20267238,Flavia Lopes Alves,45,Quimica,Porteirinha,GO,9.54
20267239,Flavia Barbosa,54,Analise e Desenvolvimento de Sistemas,Teofilo Otoni,BA,7.38
20267240,Felipe Carvalho Teixeira,51,Analise e Desenvolvimento de Sistemas,Diamantina,BA,8.2
20267241,Rafaela Gomes Nascimento,36,Agronomia,Janauba,ES,8.36
20267242,Mariana Silva Nunes,45,Administracao,Janauba,BA,6.27
20267243,Fernanda Oliveira Medeiros,19,Ciencia da Computacao,Almenara,DF,7.63
20267244,Carlos Santos,31,Sistemas de Informacao,Uberlandia,RJ,7.01
20267245,Leticia Silva,50,Quimica,Lavras,DF,6.99
20267246,Luana Pinto Rodrigues,43,Sistemas de Informacao,Vicosa,GO,7.38
20267247,Ana Gomes Castro,36,Sistemas de Informacao,Sao Francisco,MG,8.71
20267248,Thiago Pereira,41,Analise e Desenvolvimento de Sistemas,Sao Francisco,BA,7.24
20267249,Lucas Cardoso Rodrigues Pinto,47,Administracao,Coronel Fabriciano,MG,6.84
20267250,Gustavo Martins Carvalho,51,Ciencia da Computacao,Pirapora,DF,8.28
20267251,Matheus Oliveira Pereira Mendes,47,Engenharia de Software,Brasilia de Minas,RJ,5.1
20267252,Leticia Moreira Soares,54,Engenharia Eletrica,Vicosa,GO,6.58
20267253,Nicolas Alves Lima,31,Analise e Desenvolvimento de Sistemas,Pirapora,DF,6.56
20267254,Tatiana Castro Ramos,42,Sistemas de Informacao,Pirapora,DF,7.4
20267255,Bruno Almeida,46,Medicina,Pirapora,SP,5.52
20267256,Guilherme Moreira Moura,54,Agronomia,Teofilo Otoni,BA,7.99
20267257,Nicolas Lima Mendes,51,Administracao,Januaria,BA,8.98
20267258,Luana Marques Carvalho,41,Medicina,Sao Francisco,GO,8.27
20267259,Juliana Rodrigues,54,Engenharia Eletrica,Porteirinha,GO,7.9
20267260,Igor Rocha Martins,39,Matematica,Sao Francisco,BA,9.62
20267261,Thiago Moreira,41,Engenharia de Software,Curvelo,GO,7.39
20267262,Luana Vieira Soares,41,Fisica,Curvelo,ES,5.49
20267263,Eduardo Silva Lima,20,Fisica,Belo Horizonte,ES,7.67
20267264,Joao Rodrigues Lopes,45,Ciencia da Computacao,Brasilia de Minas,BA,5.33
20267265,Gabriel Silva Oliveira Vieira,44,Agronomia,Vicosa,ES,7.31
20267266,Carlos Souza,51,Engenharia de Software,Ouro Preto,RJ,6.54
20267267,Beatriz Machado,51,Administracao,Almenara,BA,5.81
20267268,Alexandre Fernandes,36,Engenharia Eletrica,Juiz de Fora,MG,5.09
20267269,Enzo Ramos Carvalho Castro,27,Matematica,Belo Horizonte,GO,9.25
20267270,Thiago Oliveira Freitas,18,Administracao,Porteirinha,GO,7.53
20267271,Rafaela Dias Moura,30,Agronomia,Curvelo,GO,9.34
20267272,Fernanda Freitas Andrade Lima,21,Engenharia de Software,Juiz de Fora,RJ,5.11
20267273,Nicolas Silva Mendes,43,Sistemas de Informacao,Juiz de Fora,BA,9.3
20267274,Olivia Cavalcanti Costa,47,Quimica,Brasilia de Minas,BA,7.74
20267275,Flavia Costa,26,Medicina,Januaria,RJ,9.27
20267276,Camila Carvalho Freitas,33,Quimica,Almenara,BA,9.2
20267277,Guilherme Soares,45,Direito,Sao Francisco,DF,9.65
20267278,Daniela Castro Rocha,36,Engenharia Eletrica,Ouro Preto,SP,8.41
20267279,Amanda Ramos,24,Ciencia da Computacao,Pirapora,GO,9.56
20267280,Tatiana Carvalho Carvalho,20,Medicina,Januaria,ES,7.64
20267281,Amanda Lopes Soares Oliveira,55,Administracao,Montes Claros,MG,8.57
20267282,Flavia Teixeira Vieira Moura,43,Medicina,Janauba,ES,8.29
20267283,Caio Ribeiro,47,Direito,Coronel Fabriciano,ES,6.72
20267284,Isabela Vieira Barbosa,27,Matematica,Teofilo Otoni,RJ,7.42
20267285,Gustavo Carvalho,27,Medicina,Almenara,GO,7.0
20267286,Luana Fernandes Lima,29,Sistemas de Informacao,Salinas,RJ,6.89
20267287,Caio Ribeiro Martins,50,Engenharia Eletrica,Porteirinha,ES,7.68
20267288,Vinicius Ribeiro,19,Quimica,Diamantina,GO,6.56
20267289,Joao Brito Almeida Pereira,29,Engenharia de Software,Januaria,SP,7.89
20267290,Olivia Moreira Gomes,32,Engenharia Eletrica,Vicosa,SP,8.13
20267291,Larissa Martins Barbosa,48,Direito,Uberlandia,BA,5.31
20267292,Isabela Rocha Cavalcanti Nascimento,50,Sistemas de Informacao,Juiz de Fora,DF,7.11
20267293,Enzo Brito Pinto,22,Medicina,Ouro Preto,ES,7.4
20267294,Rafaela Ramos Teixeira,38,Agronomia,Pirapora,SP,8.28
20267295,Yasmin Lima Medeiros,51,Quimica,Belo Horizonte,RJ,7.61
20267296,Luana Santos Freitas,38,Ciencia da Computacao,Janauba,RJ,5.39
20267297,Caio Nascimento Andrade Alves,20,Direito,Brasilia de Minas,DF,7.92
20267298,Leticia Moura Nunes,42,Engenharia Eletrica,Salinas,SP,7.72
20267299,Eduardo Ramos Rodrigues,50,Direito,Almenara,ES,7.24
20267300,Fernanda Ribeiro,44,Agronomia,Belo Horizonte,GO,5.57
20267301,Lucas Soares Ribeiro Souza,42,Ciencia da Computacao,Sao Francisco,GO,9.29
20267302,Gabriel Nunes,48,Administracao,Governador Valadares,MG,6.68
20267303,Juliana Nunes Monteiro,26,Quimica,Salinas,ES,9.02
20267304,Joao Ferreira Pinto,18,Quimica,Almenara,GO,6.21
20267305,Gabriel Oliveira Cardoso,33,Sistemas de Informacao,Janauba,RJ,6.79
20267306,Helena Ribeiro Lopes Oliveira,30,Engenharia de Software,Lavras,ES,7.76
20267307,Daniela Rocha Marques Soares,31,Engenharia Eletrica,Juiz de Fora,BA,8.8
20267308,Daniela Fernandes,43,Analise e Desenvolvimento de Sistemas,Salinas,DF,5.35
20267309,Larissa Santos Rodrigues,54,Agronomia,Vicosa,ES,9.6
20267310,Bruno Rocha Barbosa,36,Medicina,Governador Valadares,BA,5.54
20267311,Gabriel Gomes,40,Engenharia de Software,Juiz de Fora,MG,9.7
20267312,Natalia Martins Soares,24,Analise e Desenvolvimento de Sistemas,Sao Francisco,GO,9.15
20267313,Beatriz Fernandes,18,Direito,Uberlandia,SP,8.68
20267314,Leticia Moreira Lima,55,Engenharia de Software,Belo Horizonte,RJ,7.69
20267315,Fernanda Vieira,39,Analise e Desenvolvimento de Sistemas,Governador Valadares,SP,7.71
20267316,Larissa Lima,19,Direito,Ouro Preto,DF,6.23
20267317,Camila Fernandes Dias Cavalcanti,37,Ciencia da Computacao,Teofilo Otoni,BA,5.79
20267318,Enzo Silva Lima Alves,53,Ciencia da Computacao,Uberlandia,DF,7.13
20267319,Beatriz Ribeiro Mendes,55,Analise e Desenvolvimento de Sistemas,Brasilia de Minas,SP,9.42
20267320,Helena Pinto Oliveira,43,Direito,Vicosa,SP,8.14
20267321,Ana Monteiro,30,Ciencia da Computacao,Uberlandia,BA,8.55
20267322,Natalia Alves Santos,51,Engenharia de Software,Teofilo Otoni,SP,7.18
20267323,Caio Fernandes Ribeiro Almeida,47,Analise e Desenvolvimento de Sistemas,Janauba,BA,8.37
20267324,Larissa Lima Barbosa,51,Administracao,Lavras,ES,9.73
20267325,Nicolas Costa Costa Dias,32,Medicina,Montes Claros,BA,9.69
20267326,Joao Soares,43,Fisica,Curvelo,MG,5.94
20267327,Natalia Pereira Almeida,48,Ciencia da Computacao,Janauba,ES,9.32
20267328,Natalia Dias Lima Costa,29,Engenharia Eletrica,Teofilo Otoni,GO,9.45
20267329,Yasmin Silva,27,Analise e Desenvolvimento de Sistemas,Porteirinha,BA,9.73
20267330,Nicolas Almeida Cavalcanti Cardoso,31,Agronomia,Brasilia de Minas,SP,9.5
20267331,Caio Oliveira Souza Lima,24,Medicina,Uberlandia,BA,7.66
20267332,Guilherme Medeiros Fernandes,30,Administracao,Janauba,ES,6.84
20267333,Yasmin Brito Rodrigues,54,Direito,Ouro Preto,GO,9.29
20267334,Helena Almeida Barbosa Vieira,38,Quimica,Janauba,BA,8.41
20267335,Natalia Ramos Martins,49,Medicina,Curvelo,SP,9.27
20267336,Olivia Ferreira,50,Fisica,Ouro Preto,ES,8.22
20267337,Guilherme Nunes,32,Analise e Desenvolvimento de Sistemas,Brasilia de Minas,BA,8.89
20267338,Gustavo Ferreira Alves Dias,34,Quimica,Pirapora,RJ,7.5
20267339,Larissa Freitas Silva,40,Fisica,Porteirinha,GO,7.81
20267340,Samuel Oliveira,45,Medicina,Porteirinha,RJ,6.94
20267341,Mariana Machado,48,Fisica,Porteirinha,ES,9.37
20267342,Pedro Nascimento Alves,30,Agronomia,Diamantina,SP,9.59
20267343,Thiago Carvalho Almeida,37,Fisica,Governador Valadares,SP,7.07
20267344,Beatriz Cavalcanti Gomes,27,Quimica,Belo Horizonte,DF,5.26
20267345,Yasmin Ramos Nunes Oliveira,39,Matematica,Uberlandia,RJ,7.0
20267346,Debora Machado Ferreira Costa,35,Matematica,Ouro Preto,GO,6.07
20267347,Yasmin Soares Alves Barbosa,42,Direito,Curvelo,DF,6.88
20267348,Olivia Teixeira Pinto Gomes,41,Fisica,Teofilo Otoni,DF,8.01
20267349,Gustavo Almeida Cardoso Carvalho,39,Fisica,Teofilo Otoni,ES,5.23
20267350,Fernanda Ferreira Nunes Teixeira,44,Direito,Porteirinha,DF,6.29
20267351,Camila Machado Moura Mendes,30,Sistemas de Informacao,Montes Claros,RJ,5.31
20267352,Gabriel Nunes,34,Engenharia de Software,Pirapora,GO,7.69
20267353,Gustavo Ramos,23,Agronomia,Juiz de Fora,GO,5.28
20267354,Pedro Medeiros,53,Fisica,Juiz de Fora,SP,9.67
20267355,Tatiana Rodrigues,54,Engenharia Eletrica,Curvelo,DF,9.19
20267356,Yasmin Castro Cavalcanti,38,Fisica,Pirapora,DF,5.6
20267357,Lucas Moreira Ferreira,37,Sistemas de Informacao,Almenara,RJ,6.52
20267358,Fernanda Costa Costa,51,Fisica,Janauba,DF,9.13
20267359,Thiago Carvalho Freitas Santos,53,Engenharia Eletrica,Januaria,GO,6.16
20267360,Tatiana Almeida Ferreira,53,Matematica,Pirapora,MG,5.14
20267361,Amanda Ribeiro Soares,43,Ciencia da Computacao,Pirapora,DF,9.72
20267362,Caio Soares Medeiros,54,Quimica,Juiz de Fora,BA,6.96
20267363,Gabriel Dias Souza Teixeira,22,Ciencia da Computacao,Ouro Preto,RJ,7.14
20267364,Tatiana Lima Pinto Nascimento,46,Matematica,Montes Claros,BA,6.58
20267365,Enzo Fernandes Gomes,51,Sistemas de Informacao,Diamantina,DF,6.76
20267366,Tatiana Cavalcanti Teixeira Ramos,43,Matematica,Salinas,ES,8.52
20267367,Camila Vieira Rodrigues,29,Engenharia Eletrica,Almenara,BA,6.38
20267368,Caio Castro Carvalho,49,Ciencia da Computacao,Coronel Fabriciano,BA,7.27
20267369,Igor Nunes Fernandes,31,Administracao,Salinas,MG,6.2
20267370,Camila Cavalcanti Cardoso Souza,38,Direito,Pirapora,DF,7.12
20267371,Rodrigo Fernandes Ramos Andrade,37,Agronomia,Vicosa,MG,8.62
20267372,Isabela Soares,44,Engenharia Eletrica,Porteirinha,RJ,7.81
20267373,Rafaela Teixeira Nascimento,43,Quimica,Januaria,MG,7.13
20267374,Beatriz Monteiro Marques,47,Direito,Lavras,ES,6.63
20267375,Yasmin Brito Mendes Dias,31,Matematica,Belo Horizonte,MG,6.11
20267376,Eduardo Brito Medeiros,54,Analise e Desenvolvimento de Sistemas,Almenara,RJ,8.58
20267377,Felipe Nunes Pereira,41,Quimica,Juiz de Fora,GO,8.89
20267378,Igor Martins Nunes,52,Analise e Desenvolvimento de Sistemas,Juiz de Fora,GO,7.57
20267379,Joao Ferreira Freitas,22,Agronomia,Uberlandia,SP,7.64
20267380,Larissa Vieira Nunes,25,Quimica,Almenara,MG,6.23
20267381,Yasmin Rocha Moreira,38,Administracao,Coronel Fabriciano,BA,8.38
20267382,Olivia Nunes Martins Monteiro,25,Analise e Desenvolvimento de Sistemas,Governador Valadares,BA,8.9
20267383,Mariana Carvalho Souza Vieira,29,Engenharia Eletrica,Januaria,BA,7.41
20267384,Thiago Monteiro Ribeiro Santos,37,Fisica,Ouro Preto,RJ,7.76
20267385,Olivia Ramos Oliveira Ferreira,29,Analise e Desenvolvimento de Sistemas,Belo Horizonte,SP,8.78
20267386,Thiago Carvalho Ramos Cardoso,40,Matematica,Montes Claros,MG,5.88
20267387,Luana Lima,27,Ciencia da Computacao,Salinas,BA,6.02
20267388,Vinicius Rocha,48,Engenharia de Software,Montes Claros,GO,7.71
20267389,Matheus Vieira Castro,23,Engenharia Eletrica,Diamantina,ES,5.76
20267390,Guilherme Pinto,45,Quimica,Brasilia de Minas,ES,6.17
20267391,Isabela Monteiro Almeida Ferreira,33,Agronomia,Montes Claros,GO,5.09
20267392,Rafaela Monteiro Martins,33,Administracao,Juiz de Fora,GO,8.76
20267393,Flavia Rodrigues Barbosa Souza,36,Direito,Uberlandia,MG,7.97
20267394,Guilherme Ferreira Rocha Cavalcanti,24,Agronomia,Pirapora,GO,5.37
20267395,Luana Castro Vieira,27,Matematica,Teofilo Otoni,BA,9.56
20267396,Luana Ramos,50,Matematica,Janauba,GO,8.32
20267397,Olivia Gomes Oliveira Rodrigues,20,Fisica,Ouro Preto,ES,8.89
20267398,Ana Cardoso Costa,32,Sistemas de Informacao,Almenara,GO,9.38
20267399,Natalia Barbosa Mendes Moura,33,Ciencia da Computacao,Salinas,ES,9.36
20267400,Helena Silva Teixeira,52,Analise e Desenvolvimento de Sistemas,Brasilia de Minas,DF,9.61
20267401,Beatriz Lopes Ramos,36,Sistemas de Informacao,Porteirinha,ES,8.71
20267402,Natalia Teixeira,39,Agronomia,Porteirinha,RJ,8.67
20267403,Olivia Pinto,26,Agronomia,Belo Horizonte,MG,5.27
20267404,Joao Rodrigues,23,Ciencia da Computacao,Brasilia de Minas,GO,6.18
20267405,Thiago Ribeiro Lopes,37,Engenharia Eletrica,Montes Claros,GO,8.66
20267406,Yasmin Gomes,40,Ciencia da Computacao,Janauba,ES,8.37
20267407,Daniela Moreira Costa,45,Agronomia,Brasilia de Minas,SP,9.39
20267408,Larissa Freitas Machado Cavalcanti,44,Engenharia Eletrica,Vicosa,RJ,8.11
20267409,Mariana Medeiros Marques,26,Quimica,Montes Claros,SP,5.83
20267410,Debora Cavalcanti Ferreira,21,Engenharia Eletrica,Brasilia de Minas,MG,5.23
20267411,Juliana Nascimento,55,Fisica,Teofilo Otoni,BA,5.23
20267412,Helena Cardoso Marques,53,Sistemas de Informacao,Janauba,MG,6.57
20267413,Rodrigo Teixeira,19,Ciencia da Computacao,Brasilia de Minas,ES,9.46
20267414,Debora Fernandes Marques Medeiros,19,Medicina,Januaria,ES,6.47
20267415,Beatriz Ferreira Cardoso,18,Engenharia de Software,Almenara,DF,5.24
20267416,Olivia Santos Moura,46,Agronomia,Ouro Preto,DF,7.16
20267417,Enzo Almeida Costa Costa,51,Engenharia de Software,Brasilia de Minas,MG,6.14
20267418,Alexandre Monteiro Souza,29,Fisica,Salinas,MG,6.06
20267419,Ana Santos Gomes Lopes,31,Medicina,Ouro Preto,BA,5.97
20267420,Bruno Machado Ribeiro Freitas,37,Fisica,Salinas,GO,8.98
20267421,Matheus Souza Teixeira Moura,30,Sistemas de Informacao,Lavras,RJ,9.18
20267422,Enzo Alves Barbosa,32,Medicina,Porteirinha,BA,8.96
20267423,Helena Teixeira Medeiros,27,Engenharia de Software,Sao Francisco,GO,6.55
20267424,Guilherme Vieira Almeida Martins,32,Ciencia da Computacao,Porteirinha,DF,5.08
20267425,Carlos Dias Monteiro Ferreira,50,Engenharia Eletrica,Sao Francisco,GO,7.52
20267426,Beatriz Silva Machado,26,Matematica,Almenara,SP,9.66
20267427,Carlos Castro Castro,35,Matematica,Salinas,ES,8.21
20267428,Rafaela Mendes Martins Lopes,31,Engenharia Eletrica,Teofilo Otoni,DF,9.85
20267429,Olivia Moura Moreira,40,Medicina,Coronel Fabriciano,DF,7.7
20267430,Daniela Costa Lima Silva,52,Ciencia da Computacao,Sao Francisco,BA,7.67
20267431,Natalia Medeiros Gomes,46,Matematica,Sao Francisco,MG,6.04
20267432,Tatiana Nunes,38,Engenharia Eletrica,Ouro Preto,BA,8.35
20267433,Gustavo Alves Soares Machado,25,Fisica,Teofilo Otoni,MG,5.56
20267434,Larissa Pinto Teixeira,32,Engenharia de Software,Montes Claros,MG,7.2
20267435,Eduardo Marques Souza,24,Quimica,Montes Claros,ES,8.55
20267436,Helena Mendes Lopes Barbosa,54,Administracao,Belo Horizonte,BA,5.47
20267437,Rafaela Brito Freitas,38,Analise e Desenvolvimento de Sistemas,Pirapora,RJ,9.81
20267438,Felipe Moreira,24,Sistemas de Informacao,Teofilo Otoni,SP,9.9
20267439,Daniela Oliveira Lima Rocha,54,Analise e Desenvolvimento de Sistemas,Vicosa,DF,8.47
20267440,Fernanda Cavalcanti Almeida Dias,20,Fisica,Januaria,BA,5.71
20267441,Tatiana Silva Moura,55,Direito,Sao Francisco,GO,7.39
20267442,Samuel Lima Almeida Nascimento,23,Fisica,Ouro Preto,GO,5.19
20267443,Isabela Barbosa Ribeiro Pereira,37,Matematica,Almenara,DF,7.61
20267444,Eduardo Moreira Almeida,35,Engenharia de Software,Vicosa,RJ,8.18
20267445,Natalia Brito Marques Brito,30,Matematica,Almenara,MG,6.7
20267446,Debora Freitas Silva Soares,40,Quimica,Belo Horizonte,GO,8.62
20267447,Pedro Soares,35,Agronomia,Pirapora,SP,9.43
20267448,Rodrigo Gomes Moreira,51,Direito,Brasilia de Minas,SP,6.08
20267449,Olivia Pereira Soares,18,Sistemas de Informacao,Governador Valadares,MG,6.11
20267450,Felipe Alves,18,Analise e Desenvolvimento de Sistemas,Governador Valadares,MG,5.34
20267451,Ana Ramos Nascimento,41,Matematica,Juiz de Fora,ES,8.88
20267452,Guilherme Carvalho,34,Agronomia,Brasilia de Minas,GO,8.61
20267453,Daniela Dias Carvalho,37,Engenharia de Software,Vicosa,SP,9.37
20267454,Rodrigo Gomes,32,Agronomia,Almenara,ES,8.11
20267455,Flavia Ferreira Almeida,47,Fisica,Salinas,ES,9.34
20267456,Felipe Santos Ramos,32,Sistemas de Informacao,Vicosa,MG,6.51
20267457,Beatriz Vieira Gomes,52,Engenharia de Software,Uberlandia,DF,7.55
20267458,Felipe Mendes Ribeiro,21,Analise e Desenvolvimento de Sistemas,Teofilo Otoni,BA,7.57
20267459,Igor Cardoso Souza Barbosa,34,Analise e Desenvolvimento de Sistemas,Almenara,RJ,9.74
20267460,Lucas Moreira Nascimento,39,Agronomia,Janauba,ES,5.88
20267461,Daniela Costa Lopes,33,Engenharia Eletrica,Montes Claros,ES,5.49
20267462,Tatiana Cavalcanti Santos,38,Quimica,Salinas,SP,6.15
20267463,Mariana Cardoso Almeida,49,Fisica,Porteirinha,ES,5.23
20267464,Tatiana Ramos Ferreira,52,Fisica,Salinas,GO,5.99
20267465,Vinicius Oliveira Marques Gomes,22,Quimica,Brasilia de Minas,RJ,5.47
20267466,Samuel Mendes Martins,33,Direito,Januaria,BA,9.23
20267467,Caio Nunes Martins,36,Fisica,Ouro Preto,MG,9.42
20267468,Caio Freitas,47,Fisica,Pirapora,ES,5.28
20267469,Samuel Medeiros Lima,27,Fisica,Belo Horizonte,ES,9.12
20267470,Igor Cavalcanti Andrade,24,Fisica,Porteirinha,MG,7.91
20267471,Mariana Mendes Fernandes,38,Fisica,Juiz de Fora,SP,6.83
20267472,Amanda Castro Gomes,41,Ciencia da Computacao,Vicosa,RJ,9.27
20267473,Matheus Almeida Marques Vieira,30,Medicina,Diamantina,RJ,5.55
20267474,Flavia Lopes,21,Direito,Januaria,GO,9.23
20267475,Beatriz Moura Carvalho,19,Engenharia de Software,Teofilo Otoni,DF,8.68
20267476,Flavia Carvalho Gomes,33,Engenharia Eletrica,Januaria,BA,6.98
20267477,Natalia Vieira Cardoso,34,Fisica,Brasilia de Minas,ES,5.98
20267478,Pedro Rocha Gomes,24,Administracao,Montes Claros,ES,6.21
20267479,Rodrigo Pinto,47,Engenharia de Software,Montes Claros,ES,6.04
20267480,Amanda Carvalho Fernandes Brito,43,Engenharia de Software,Vicosa,DF,8.87
20267481,Debora Almeida Brito Dias,42,Sistemas de Informacao,Pirapora,GO,6.59
20267482,Guilherme Lima,44,Direito,Salinas,ES,7.64
20267483,Lucas Marques Cardoso Souza,23,Analise e Desenvolvimento de Sistemas,Uberlandia,MG,7.86
20267484,Joao Almeida Ribeiro,27,Engenharia Eletrica,Juiz de Fora,GO,8.77
20267485,Caio Pinto Fernandes,22,Engenharia de Software,Porteirinha,RJ,7.35
20267486,Tatiana Dias,32,Analise e Desenvolvimento de Sistemas,Juiz de Fora,GO,8.85
20267487,Larissa Castro Alves,45,Sistemas de Informacao,Juiz de Fora,RJ,5.74
20267488,Rafaela Medeiros Marques Souza,43,Analise e Desenvolvimento de Sistemas,Januaria,MG,9.84
20267489,Mariana Carvalho Carvalho,53,Matematica,Salinas,RJ,7.45
20267490,Debora Marques Almeida Brito,29,Engenharia Eletrica,Pirapora,ES,9.65
20267491,Gabriel Moreira Gomes,42,Fisica,Curvelo,ES,7.34
20267492,Helena Souza Nascimento,47,Analise e Desenvolvimento de Sistemas,Brasilia de Minas,SP,8.83
20267493,Beatriz Silva Oliveira,36,Direito,Governador Valadares,GO,6.28
20267494,Amanda Costa Pinto Almeida,43,Fisica,Pirapora,RJ,9.19
20267495,Luana Oliveira Cavalcanti Mendes,54,Sistemas de Informacao,Curvelo,RJ,7.64
20267496,Pedro Machado Ramos Mendes,45,Analise e Desenvolvimento de Sistemas,Governador Valadares,RJ,6.89
20267497,Igor Cardoso Lopes Nunes,18,Ciencia da Computacao,Juiz de Fora,SP,6.8
20267498,Leticia Fernandes Pereira,30,Agronomia,Diamantina,DF,7.45
20267499,Eduardo Freitas,38,Sistemas de Informacao,Ouro Preto,GO,5.64
20267500,Matheus Castro Silva Ramos,48,Fisica,Curvelo,GO,7.46
20267501,Flavia Pereira Moura Ribeiro,41,Administracao,Salinas,RJ,7.09
20267502,Lucas Monteiro,18,Sistemas de Informacao,Ouro Preto,MG,5.71
20267503,Mariana Barbosa Vieira Moreira,45,Engenharia Eletrica,Uberlandia,SP,5.45
20267504,Debora Monteiro Machado,43,Administracao,Teofilo Otoni,DF,6.98
20267505,Daniela Barbosa Carvalho Cavalcanti,51,Analise e Desenvolvimento de Sistemas,Belo Horizonte,DF,7.8
20267506,Camila Soares,19,Matematica,Curvelo,GO,5.58
20267507,Gustavo Rodrigues Freitas Nunes,34,Matematica,Ouro Preto,SP,7.19
20267508,Vinicius Costa Mendes Carvalho,38,Matematica,Ouro Preto,SP,9.66
20267509,Larissa Santos Rocha,37,Direito,Almenara,MG,8.69
20267510,Tatiana Moreira,38,Sistemas de Informacao,Curvelo,RJ,7.25
20267511,Samuel Cardoso Pereira,50,Matematica,Salinas,GO,7.1
20267512,Natalia Almeida Pereira,20,Ciencia da Computacao,Salinas,RJ,7.79
20267513,Enzo Oliveira Souza,29,Sistemas de Informacao,Montes Claros,MG,8.18
20267514,Isabela Barbosa Lima,31,Agronomia,Teofilo Otoni,BA,6.22
20267515,Juliana Santos Castro,37,Engenharia Eletrica,Teofilo Otoni,SP,9.76
20267516,Flavia Ribeiro Alves,27,Quimica,Montes Claros,BA,6.77
20267517,Bruno Medeiros Soares Alves,23,Analise e Desenvolvimento de Sistemas,Curvelo,DF,6.97
20267518,Lucas Dias Rocha,24,Direito,Coronel Fabriciano,SP,7.04
20267519,Pedro Marques Barbosa,38,Ciencia da Computacao,Governador Valadares,GO,9.29
20267520,Rodrigo Brito Cardoso,41,Fisica,Vicosa,BA,5.29
20267521,Nicolas Alves Vieira Martins,18,Administracao,Pirapora,SP,6.16
20267522,Rodrigo Andrade,51,Matematica,Governador Valadares,SP,7.22
20267523,Amanda Santos Marques,54,Quimica,Ouro Preto,MG,7.7
20267524,Matheus Rodrigues,21,Engenharia de Software,Brasilia de Minas,ES,5.29
20267525,Gabriel Almeida,45,Engenharia de Software,Uberlandia,ES,9.69
20267526,Enzo Cavalcanti,51,Direito,Lavras,SP,7.64
20267527,Gustavo Alves,27,Fisica,Juiz de Fora,DF,9.15
20267528,Carlos Dias Martins,52,Quimica,Vicosa,SP,5.37
20267529,Luana Dias Carvalho,34,Sistemas de Informacao,Curvelo,RJ,8.14
20267530,Thiago Freitas,49,Analise e Desenvolvimento de Sistemas,Diamantina,ES,5.02
20267531,Fernanda Soares,30,Sistemas de Informacao,Uberlandia,GO,8.36
20267532,Yasmin Barbosa Pereira Silva,34,Sistemas de Informacao,Belo Horizonte,DF,5.69
20267533,Leticia Moreira,41,Agronomia,Coronel Fabriciano,BA,8.41
20267534,Pedro Soares Monteiro,49,Agronomia,Salinas,ES,6.12
20267535,Fernanda Rodrigues Vieira Mendes,36,Administracao,Juiz de Fora,SP,9.2
20267536,Lucas Rocha Ferreira,34,Engenharia Eletrica,Janauba,RJ,5.34
20267537,Fernanda Ribeiro Fernandes Almeida,27,Engenharia Eletrica,Curvelo,RJ,7.8
20267538,Matheus Nunes,25,Direito,Porteirinha,MG,6.12
20267539,Olivia Oliveira Oliveira,39,Administracao,Lavras,SP,5.61
20267540,Natalia Carvalho Fernandes,21,Administracao,Curvelo,DF,9.44
20267541,Samuel Pereira Almeida Ribeiro,42,Analise e Desenvolvimento de Sistemas,Montes Claros,DF,9.21
20267542,Alexandre Souza Monteiro Pinto,26,Sistemas de Informacao,Governador Valadares,ES,5.99
20267543,Juliana Rodrigues Almeida,31,Direito,Montes Claros,SP,8.27
20267544,Carlos Carvalho Teixeira Marques,19,Direito,Teofilo Otoni,ES,6.46
20267545,Igor Teixeira,47,Analise e Desenvolvimento de Sistemas,Porteirinha,SP,5.61
20267546,Helena Brito Mendes,27,Agronomia,Janauba,SP,7.66
20267547,Rafaela Pereira Moreira,20,Fisica,Almenara,RJ,7.51
20267548,Vinicius Cavalcanti,46,Administracao,Sao Francisco,GO,6.92
20267549,Gabriel Lima Moura Souza,44,Matematica,Sao Francisco,SP,8.84
20267550,Helena Alves,20,Quimica,Governador Valadares,DF,6.62
20267551,Helena Dias,42,Administracao,Vicosa,GO,7.71
20267552,Joao Alves Carvalho,35,Engenharia Eletrica,Pirapora,DF,5.64
20267553,Felipe Moura,22,Ciencia da Computacao,Porteirinha,BA,9.17
20267554,Alexandre Ribeiro Soares,46,Matematica,Coronel Fabriciano,SP,8.38
20267555,Caio Oliveira Teixeira,38,Medicina,Porteirinha,ES,7.54
20267556,Rodrigo Oliveira Moreira,54,Ciencia da Computacao,Brasilia de Minas,BA,7.84
20267557,Rodrigo Moura Cavalcanti,55,Matematica,Brasilia de Minas,ES,8.14
20267558,Yasmin Fernandes Silva,43,Ciencia da Computacao,Almenara,DF,6.9
20267559,Carlos Medeiros Andrade Castro,37,Ciencia da Computacao,Sao Francisco,GO,8.15
20267560,Thiago Moura,54,Matematica,Montes Claros,BA,9.48
20267561,Natalia Freitas Ramos Martins,21,Agronomia,Lavras,MG,6.62
20267562,Amanda Almeida,31,Analise e Desenvolvimento de Sistemas,Coronel Fabriciano,DF,9.44
20267563,Caio Gomes Medeiros,49,Matematica,Almenara,SP,6.15
20267564,Juliana Mendes Pinto,24,Analise e Desenvolvimento de Sistemas,Almenara,SP,6.08
20267565,Caio Moura Monteiro,50,Engenharia de Software,Montes Claros,SP,8.71
20267566,Natalia Fernandes Ribeiro,26,Engenharia Eletrica,Almenara,GO,9.05
20267567,Alexandre Barbosa,35,Engenharia de Software,Lavras,DF,6.72
20267568,Yasmin Marques,22,Ciencia da Computacao,Salinas,RJ,9.08
20267569,Ana Ramos,24,Analise e Desenvolvimento de Sistemas,Vicosa,RJ,8.32
20267570,Natalia Almeida Silva Brito,39,Engenharia Eletrica,Brasilia de Minas,GO,9.65
20267571,Joao Martins Ramos,29,Ciencia da Computacao,Brasilia de Minas,MG,6.19
20267572,Yasmin Silva,36,Engenharia de Software,Montes Claros,MG,5.78
20267573,Beatriz Machado Carvalho,37,Analise e Desenvolvimento de Sistemas,Coronel Fabriciano,MG,6.34
20267574,Carlos Ferreira Costa,19,Engenharia de Software,Diamantina,MG,9.47
20267575,Isabela Cavalcanti Machado,45,Direito,Juiz de Fora,SP,6.88
20267576,Luana Teixeira Martins,42,Analise e Desenvolvimento de Sistemas,Belo Horizonte,DF,9.89
20267577,Vinicius Moura,24,Administracao,Lavras,DF,6.74
20267578,Amanda Pinto,18,Quimica,Lavras,RJ,9.64
20267579,Eduardo Barbosa Moreira Pereira,50,Direito,Januaria,DF,8.08
20267580,Pedro Brito,26,Engenharia de Software,Coronel Fabriciano,RJ,7.64
20267581,Yasmin Moreira Fernandes,28,Medicina,Montes Claros,ES,8.97
20267582,Rafaela Gomes Soares Martins,44,Matematica,Uberlandia,DF,8.07
20267583,Joao Ramos Carvalho,27,Analise e Desenvolvimento de Sistemas,Vicosa,BA,6.25
20267584,Lucas Castro Costa Ferreira,33,Analise e Desenvolvimento de Sistemas,Almenara,SP,9.65
20267585,Eduardo Moura Nunes Brito,36,Administracao,Montes Claros,SP,6.94
20267586,Juliana Mendes Soares Andrade,19,Medicina,Uberlandia,ES,6.76
20267587,Enzo Ferreira Machado,55,Engenharia Eletrica,Belo Horizonte,SP,9.74
20267588,Camila Rodrigues Gomes,39,Agronomia,Januaria,BA,6.57
20267589,Fernanda Castro Mendes,35,Direito,Uberlandia,MG,6.47
20267590,Yasmin Gomes Fernandes,24,Engenharia de Software,Almenara,GO,8.32
20267591,Juliana Machado Rodrigues,43,Ciencia da Computacao,Porteirinha,RJ,6.45
20267592,Bruno Mendes,28,Engenharia de Software,Juiz de Fora,RJ,9.38
20267593,Ana Nascimento Carvalho Rodrigues,31,Matematica,Vicosa,DF,7.59
20267594,Matheus Moreira Moreira,32,Direito,Vicosa,GO,7.36
20267595,Yasmin Ribeiro Soares Costa,48,Agronomia,Brasilia de Minas,DF,8.39
20267596,Felipe Ramos,44,Engenharia Eletrica,Almenara,DF,8.61
20267597,Gabriel Costa,35,Quimica,Curvelo,ES,9.25
20267598,Joao Castro Medeiros,36,Fisica,Lavras,MG,7.86
20267599,Carlos Marques Monteiro,25,Sistemas de Informacao,Juiz de Fora,SP,6.97
20267600,Ana Vieira,20,Agronomia,Uberlandia,RJ,9.08
20267601,Alexandre Moura,43,Agronomia,Porteirinha,ES,5.35
20267602,Lucas Fernandes Freitas,22,Administracao,Sao Francisco,RJ,8.02
20267603,Felipe Marques Rocha,22,Sistemas de Informacao,Montes Claros,SP,6.29
20267604,Igor Teixeira Santos,48,Agronomia,Uberlandia,DF,6.47
20267605,Ana Pereira Marques Pinto,42,Sistemas de Informacao,Montes Claros,GO,5.74
20267606,Enzo Lima Ramos,19,Administracao,Sao Francisco,DF,6.2
20267607,Olivia Cardoso Cavalcanti,55,Medicina,Coronel Fabriciano,GO,5.67
20267608,Vinicius Almeida Andrade,22,Sistemas de Informacao,Curvelo,MG,6.53
20267609,Thiago Marques Almeida,53,Medicina,Governador Valadares,SP,5.68
20267610,Daniela Dias Oliveira Souza,35,Medicina,Salinas,GO,8.89
20267611,Flavia Moreira,44,Ciencia da Computacao,Sao Francisco,ES,7.52
20267612,Thiago Costa Soares,31,Matematica,Lavras,MG,6.65
20267613,Rodrigo Lopes Costa,27,Medicina,Vicosa,MG,5.83
20267614,Felipe Moreira,43,Fisica,Januaria,BA,9.01
20267615,Mariana Moura Ferreira,34,Matematica,Lavras,ES,6.93
20267616,Isabela Pinto Alves,48,Agronomia,Pirapora,DF,9.58
20267617,Samuel Monteiro Martins Moreira,23,Quimica,Salinas,SP,6.18
20267618,Enzo Moreira Barbosa,36,Matematica,Belo Horizonte,SP,7.29
20267619,Daniela Almeida Vieira,27,Administracao,Juiz de Fora,ES,8.66
20267620,Beatriz Nunes Machado,22,Engenharia Eletrica,Janauba,SP,6.95
20267621,Guilherme Silva Castro,42,Engenharia de Software,Januaria,SP,7.15
20267622,Isabela Marques Santos,22,Direito,Ouro Preto,BA,8.31
20267623,Gabriel Vieira Cardoso,32,Ciencia da Computacao,Juiz de Fora,SP,9.51
20267624,Juliana Freitas Castro Ramos,26,Direito,Belo Horizonte,MG,5.55
20267625,Luana Machado Brito,55,Engenharia de Software,Coronel Fabriciano,DF,6.83
20267626,Juliana Alves Cardoso Vieira,41,Fisica,Coronel Fabriciano,SP,7.72
20267627,Felipe Cavalcanti Fernandes Martins,53,Administracao,Ouro Preto,SP,9.05
20267628,Leticia Santos Nunes Moura,35,Engenharia Eletrica,Brasilia de Minas,SP,7.28
20267629,Caio Freitas Martins,53,Engenharia Eletrica,Janauba,GO,7.08
20267630,Gustavo Cardoso Lima,51,Engenharia Eletrica,Sao Francisco,RJ,5.41
20267631,Igor Almeida Costa,48,Administracao,Belo Horizonte,ES,9.39
20267632,Luana Vieira Castro,49,Analise e Desenvolvimento de Sistemas,Curvelo,RJ,6.93
20267633,Enzo Andrade Pinto,44,Engenharia de Software,Vicosa,MG,7.61
20267634,Matheus Nascimento Almeida Fernandes,20,Matematica,Uberlandia,MG,9.83
20267635,Luana Mendes Nascimento,25,Engenharia Eletrica,Vicosa,SP,7.05
20267636,Vinicius Fernandes Souza,44,Ciencia da Computacao,Almenara,MG,5.17
20267637,Enzo Ribeiro,45,Matematica,Uberlandia,ES,9.71
20267638,Lucas Freitas Teixeira Lopes,31,Sistemas de Informacao,Teofilo Otoni,RJ,9.52
20267639,Nicolas Rodrigues Medeiros Marques,51,Sistemas de Informacao,Brasilia de Minas,BA,7.06
20267640,Eduardo Lima Oliveira,20,Administracao,Vicosa,ES,8.37
20267641,Isabela Freitas Pereira,41,Administracao,Curvelo,MG,8.13
20267642,Larissa Silva Rodrigues Costa,52,Analise e Desenvolvimento de Sistemas,Curvelo,GO,8.77
20267643,Vinicius Ferreira Moreira,35,Administracao,Montes Claros,RJ,8.36
20267644,Ana Machado Nunes,40,Sistemas de Informacao,Ouro Preto,SP,9.43
20267645,Samuel Rocha,41,Direito,Lavras,RJ,7.62
20267646,Luana Ribeiro Gomes Gomes,26,Quimica,Januaria,MG,8.77
20267647,Caio Brito Cardoso Mendes,37,Fisica,Pirapora,SP,6.33
20267648,Fernanda Teixeira Silva,31,Engenharia de Software,Almenara,MG,8.52
20267649,Leticia Freitas Ribeiro Rodrigues,49,Ciencia da Computacao,Porteirinha,DF,8.55
20267650,Matheus Santos Monteiro,25,Direito,Governador Valadares,RJ,5.69
20267651,Isabela Cardoso,24,Sistemas de Informacao,Diamantina,MG,6.3
20267652,Rodrigo Almeida Nunes,41,Matematica,Governador Valadares,ES,5.01
20267653,Gabriel Marques Marques Nascimento,52,Fisica,Pirapora,DF,6.1
20267654,Lucas Costa Gomes Oliveira,52,Administracao,Salinas,GO,5.14
20267655,Bruno Andrade,19,Matematica,Coronel Fabriciano,DF,6.16
20267656,Natalia Monteiro Martins,36,Agronomia,Ouro Preto,MG,8.41
20267657,Leticia Gomes Soares,46,Engenharia de Software,Montes Claros,GO,7.3
20267658,Yasmin Carvalho Barbosa,37,Engenharia de Software,Pirapora,GO,9.76
20267659,Enzo Machado Moreira Ferreira,43,Sistemas de Informacao,Salinas,BA,5.83
20267660,Amanda Ribeiro Brito Andrade,18,Engenharia Eletrica,Curvelo,RJ,8.97
20267661,Nicolas Lima,24,Administracao,Janauba,DF,8.94
20267662,Leticia Freitas Gomes Moreira,48,Fisica,Januaria,DF,8.4
20267663,Helena Brito Almeida,51,Agronomia,Belo Horizonte,GO,5.3
20267664,Beatriz Teixeira,23,Administracao,Vicosa,DF,5.91
20267665,Gustavo Lopes Silva Fernandes,26,Ciencia da Computacao,Salinas,ES,6.79
20267666,Caio Costa,48,Analise e Desenvolvimento de Sistemas,Pirapora,MG,8.75
20267667,Flavia Nascimento Marques,49,Sistemas de Informacao,Teofilo Otoni,SP,5.53
20267668,Beatriz Santos Lopes,51,Engenharia de Software,Pirapora,MG,5.47
20267669,Caio Pinto Castro,29,Sistemas de Informacao,Teofilo Otoni,SP,7.87
20267670,Tatiana Soares Soares,19,Quimica,Coronel Fabriciano,RJ,9.54
20267671,Caio Medeiros Ribeiro Lima,26,Ciencia da Computacao,Curvelo,RJ,9.05
20267672,Tatiana Cavalcanti Moreira Rodrigues,53,Analise e Desenvolvimento de Sistemas,Ouro Preto,BA,6.71
20267673,Amanda Pereira Vieira Almeida,29,Engenharia Eletrica,Pirapora,GO,7.36
20267674,Enzo Souza Nascimento,22,Agronomia,Teofilo Otoni,MG,7.58
20267675,Guilherme Pereira,46,Agronomia,Montes Claros,ES,7.42
20267676,Beatriz Almeida,51,Quimica,Brasilia de Minas,RJ,9.22
20267677,Samuel Gomes,21,Quimica,Sao Francisco,RJ,5.29
20267678,Debora Medeiros Andrade,55,Sistemas de Informacao,Janauba,RJ,5.13
20267679,Matheus Medeiros Costa Castro,18,Quimica,Porteirinha,GO,7.11
20267680,Luana Cavalcanti Rodrigues,22,Quimica,Juiz de Fora,BA,9.48
20267681,Pedro Cardoso Souza,29,Quimica,Uberlandia,GO,5.35
20267682,Enzo Cardoso Ribeiro,49,Ciencia da Computacao,Almenara,BA,8.58
20267683,Lucas Marques,28,Engenharia Eletrica,Montes Claros,ES,6.01
20267684,Mariana Santos Pinto,23,Engenharia de Software,Diamantina,GO,5.6
20267685,Felipe Soares Rodrigues,39,Analise e Desenvolvimento de Sistemas,Salinas,GO,5.34
20267686,Gustavo Costa Almeida Souza,48,Analise e Desenvolvimento de Sistemas,Salinas,BA,7.88
20267687,Felipe Moura,48,Sistemas de Informacao,Lavras,RJ,9.56
20267688,Carlos Barbosa,27,Analise e Desenvolvimento de Sistemas,Lavras,RJ,8.29
20267689,Bruno Pinto Silva,18,Quimica,Vicosa,DF,8.3
20267690,Isabela Vieira Costa,47,Direito,Januaria,ES,9.33
20267691,Debora Gomes Andrade,33,Matematica,Governador Valadares,MG,5.92
20267692,Yasmin Rodrigues Almeida,25,Quimica,Juiz de Fora,GO,8.18
20267693,Beatriz Pereira Pinto,40,Engenharia de Software,Porteirinha,BA,8.29
20267694,Samuel Oliveira Ribeiro,41,Quimica,Ouro Preto,GO,7.48
20267695,Beatriz Rodrigues Silva,51,Agronomia,Governador Valadares,BA,8.1
20267696,Gabriel Silva,51,Fisica,Juiz de Fora,SP,7.62
20267697,Beatriz Castro Castro,45,Engenharia de Software,Coronel Fabriciano,GO,5.05
20267698,Igor Dias Soares Ramos,49,Direito,Janauba,BA,9.64
20267699,Leticia Pereira Mendes Machado,52,Analise e Desenvolvimento de Sistemas,Sao Francisco,BA,5.63
20267700,Fernanda Pereira Silva,25,Administracao,Almenara,MG,9.78
20267701,Matheus Soares Vieira,44,Matematica,Belo Horizonte,MG,7.05
20267702,Caio Rodrigues Moreira,36,Matematica,Pirapora,GO,8.01
20267703,Tatiana Fernandes Dias,25,Matematica,Coronel Fabriciano,SP,9.08
20267704,Rafaela Santos Moreira Machado,22,Matematica,Montes Claros,MG,7.35
20267705,Camila Vieira Costa,38,Sistemas de Informacao,Porteirinha,DF,7.0
20267706,Larissa Pereira Castro Carvalho,21,Administracao,Brasilia de Minas,DF,9.89
20267707,Amanda Santos Moura Cardoso,40,Analise e Desenvolvimento de Sistemas,Janauba,ES,8.2
20267708,Lucas Fernandes Carvalho,39,Fisica,Governador Valadares,GO,9.04
20267709,Helena Lopes Martins,32,Engenharia Eletrica,Uberlandia,GO,7.93
20267710,Nicolas Lima Lopes Ribeiro,35,Administracao,Curvelo,BA,6.72
20267711,Luana Ramos,53,Agronomia,Belo Horizonte,GO,9.55
20267712,Matheus Cardoso Costa Souza,37,Analise e Desenvolvimento de Sistemas,Curvelo,RJ,9.2
20267713,Leticia Fernandes Gomes,47,Engenharia Eletrica,Coronel Fabriciano,GO,8.06
20267714,Vinicius Nascimento Andrade,31,Matematica,Teofilo Otoni,ES,6.28
20267715,Tatiana Ramos Machado Castro,43,Engenharia de Software,Sao Francisco,GO,6.31
20267716,Ana Marques Nunes Moura,55,Quimica,Brasilia de Minas,BA,6.67
20267717,Nicolas Nunes,55,Analise e Desenvolvimento de Sistemas,Montes Claros,DF,8.07
20267718,Eduardo Alves Cavalcanti,49,Sistemas de Informacao,Pirapora,GO,5.93
20267719,Nicolas Santos Costa,20,Quimica,Montes Claros,DF,6.73
20267720,Beatriz Mendes Costa,30,Agronomia,Uberlandia,GO,5.6
20267721,Eduardo Cavalcanti Machado Rodrigues,55,Engenharia Eletrica,Diamantina,DF,8.77
20267722,Isabela Fernandes Souza Marques,55,Medicina,Ouro Preto,MG,8.83
20267723,Eduardo Teixeira Barbosa,20,Engenharia de Software,Vicosa,RJ,6.18
20267724,Helena Teixeira,51,Engenharia de Software,Curvelo,RJ,9.07
20267725,Pedro Ribeiro,28,Agronomia,Janauba,SP,6.99
20267726,Pedro Almeida Machado Marques,18,Sistemas de Informacao,Diamantina,SP,5.72
20267727,Fernanda Ramos Medeiros Lima,24,Engenharia Eletrica,Ouro Preto,BA,9.69
20267728,Rafaela Santos Rocha,22,Ciencia da Computacao,Almenara,RJ,5.42
20267729,Camila Ferreira,34,Direito,Curvelo,RJ,8.27
20267730,Enzo Lima Lopes Carvalho,20,Matematica,Porteirinha,RJ,7.83
20267731,Joao Nunes Teixeira Moura,39,Quimica,Porteirinha,BA,6.28
20267732,Tatiana Rocha Teixeira,27,Matematica,Janauba,SP,6.97
20267733,Matheus Carvalho Lopes,32,Ciencia da Computacao,Januaria,BA,8.57
20267734,Gabriel Moreira Nunes,27,Analise e Desenvolvimento de Sistemas,Brasilia de Minas,GO,5.87
20267735,Carlos Pereira Lima,51,Fisica,Salinas,ES,6.41
20267736,Gabriel Ferreira Lima Pinto,40,Sistemas de Informacao,Januaria,RJ,8.25
20267737,Felipe Ramos Vieira,24,Engenharia de Software,Coronel Fabriciano,SP,7.04
20267738,Rafaela Mendes Oliveira,49,Ciencia da Computacao,Porteirinha,DF,8.38
20267739,Matheus Martins Freitas,41,Engenharia Eletrica,Porteirinha,BA,6.83
20267740,Alexandre Nascimento Soares,45,Quimica,Teofilo Otoni,BA,5.75
20267741,Yasmin Freitas Nunes,42,Ciencia da Computacao,Januaria,ES,7.39
20267742,Thiago Silva Medeiros Ferreira,27,Administracao,Pirapora,ES,6.11
20267743,Debora Alves Barbosa,24,Agronomia,Sao Francisco,ES,9.04
20267744,Daniela Barbosa Teixeira,43,Medicina,Uberlandia,MG,7.71
20267745,Debora Fernandes Fernandes,38,Administracao,Curvelo,DF,7.29
20267746,Debora Machado Rodrigues,28,Analise e Desenvolvimento de Sistemas,Brasilia de Minas,MG,5.22
20267747,Alexandre Lima,29,Matematica,Montes Claros,SP,5.12
20267748,Bruno Cardoso,45,Sistemas de Informacao,Curvelo,GO,8.97
20267749,Gabriel Gomes,24,Direito,Almenara,DF,5.91
20267750,Pedro Soares Ribeiro,29,Ciencia da Computacao,Lavras,BA,6.46
20267751,Fernanda Castro Monteiro Andrade,47,Direito,Lavras,RJ,6.03
20267752,Rafaela Mendes,27,Analise e Desenvolvimento de Sistemas,Januaria,GO,8.44
20267753,Natalia Alves Carvalho,42,Quimica,Salinas,ES,7.18
20267754,Natalia Teixeira Pinto,41,Analise e Desenvolvimento de Sistemas,Sao Francisco,BA,6.57
20267755,Rafaela Rocha Rocha,54,Medicina,Pirapora,SP,6.32
20267756,Rafaela Marques Souza Vieira,33,Agronomia,Vicosa,BA,9.36
20267757,Felipe Teixeira Vieira,53,Administracao,Januaria,RJ,9.17
20267758,Yasmin Barbosa Gomes,41,Quimica,Januaria,ES,9.25
20267759,Nicolas Lopes Ramos,39,Quimica,Vicosa,ES,8.35
20267760,Caio Santos,51,Agronomia,Montes Claros,DF,7.1
20267761,Camila Vieira Dias,35,Medicina,Montes Claros,GO,6.57
20267762,Mariana Castro Moreira Nascimento,33,Direito,Januaria,DF,9.25
20267763,Guilherme Teixeira Souza,53,Medicina,Coronel Fabriciano,ES,6.15
20267764,Caio Alves Moura,33,Engenharia de Software,Brasilia de Minas,MG,5.89
20267765,Samuel Ramos Souza,25,Engenharia de Software,Teofilo Otoni,ES,6.66
20267766,Nicolas Machado Medeiros,33,Administracao,Ouro Preto,BA,6.47
20267767,Gabriel Pereira,19,Engenharia de Software,Sao Francisco,SP,8.69
20267768,Vinicius Moreira Santos,43,Medicina,Belo Horizonte,SP,8.11
20267769,Luana Machado Marques,45,Analise e Desenvolvimento de Sistemas,Brasilia de Minas,ES,5.61
20267770,Daniela Andrade Rocha,49,Direito,Belo Horizonte,DF,8.54
20267771,Caio Dias,36,Analise e Desenvolvimento de Sistemas,Uberlandia,BA,8.95
20267772,Gustavo Carvalho,22,Quimica,Almenara,GO,5.36
20267773,Helena Pereira,20,Analise e Desenvolvimento de Sistemas,Ouro Preto,RJ,7.31
20267774,Leticia Santos Oliveira Mendes,49,Agronomia,Governador Valadares,DF,9.03
20267775,Thiago Nunes,53,Direito,Montes Claros,GO,9.53
20267776,Isabela Teixeira Teixeira Barbosa,30,Analise e Desenvolvimento de Sistemas,Salinas,RJ,6.57
20267777,Olivia Almeida Cavalcanti,22,Fisica,Teofilo Otoni,RJ,5.69
20267778,Carlos Alves Fernandes,21,Medicina,Brasilia de Minas,BA,9.88
20267779,Enzo Brito Moura,51,Engenharia de Software,Vicosa,GO,6.2
20267780,Rafaela Pinto Rocha Carvalho,49,Sistemas de Informacao,Sao Francisco,GO,7.53
20267781,Beatriz Almeida,41,Agronomia,Brasilia de Minas,ES,7.02
20267782,Carlos Carvalho Ribeiro Almeida,20,Sistemas de Informacao,Montes Claros,MG,9.47
20267783,Enzo Cavalcanti Nunes,21,Engenharia Eletrica,Vicosa,BA,7.49
20267784,Debora Andrade Nascimento,21,Medicina,Pirapora,GO,7.67
20267785,Larissa Moreira Ferreira Barbosa,28,Administracao,Uberlandia,BA,6.45
20267786,Natalia Cardoso Silva,34,Fisica,Salinas,MG,5.08
20267787,Mariana Nunes,35,Matematica,Pirapora,BA,9.54
20267788,Matheus Soares Moura,55,Medicina,Coronel Fabriciano,SP,5.68
20267789,Beatriz Carvalho,23,Direito,Vicosa,DF,7.86
20267790,Debora Almeida,46,Sistemas de Informacao,Sao Francisco,RJ,6.69
20267791,Olivia Ramos Martins,34,Analise e Desenvolvimento de Sistemas,Brasilia de Minas,ES,7.71
20267792,Daniela Santos,19,Ciencia da Computacao,Teofilo Otoni,SP,5.87
20267793,Eduardo Lima Mendes Freitas,42,Ciencia da Computacao,Coronel Fabriciano,RJ,9.85
20267794,Amanda Andrade,48,Agronomia,Vicosa,SP,6.46
20267795,Rodrigo Barbosa,50,Engenharia de Software,Teofilo Otoni,MG,7.37
20267796,Natalia Soares Gomes Rodrigues,34,Ciencia da Computacao,Brasilia de Minas,DF,7.32
20267797,Fernanda Martins Machado Cardoso,25,Administracao,Salinas,GO,7.05
20267798,Amanda Teixeira Medeiros Castro,22,Fisica,Almenara,RJ,9.28
20267799,Igor Mendes Castro,37,Engenharia Eletrica,Brasilia de Minas,SP,8.16
20267800,Ana Pinto Freitas Lopes,31,Analise e Desenvolvimento de Sistemas,Januaria,ES,9.52
20267801,Pedro Teixeira Costa,35,Sistemas de Informacao,Curvelo,ES,6.77
20267802,Daniela Vieira,46,Fisica,Diamantina,SP,6.5
20267803,Enzo Carvalho Vieira,42,Engenharia de Software,Vicosa,SP,7.79
20267804,Thiago Pereira Lopes Alves,23,Ciencia da Computacao,Salinas,DF,6.82
20267805,Eduardo Moura Ferreira Nascimento,55,Medicina,Ouro Preto,ES,5.35
20267806,Leticia Moura,44,Administracao,Januaria,ES,8.22
20267807,Pedro Gomes Lopes Andrade,24,Engenharia Eletrica,Diamantina,GO,7.87
20267808,Mariana Rocha Soares Medeiros,36,Medicina,Juiz de Fora,MG,6.02
20267809,Felipe Alves Souza,23,Fisica,Belo Horizonte,DF,5.78
20267810,Matheus Martins Souza,50,Engenharia Eletrica,Brasilia de Minas,MG,6.36
20267811,Joao Nascimento Mendes Fernandes,39,Fisica,Porteirinha,DF,8.72
20267812,Helena Mendes Almeida Martins,18,Engenharia Eletrica,Uberlandia,SP,8.42
20267813,Rodrigo Freitas Nunes,41,Direito,Lavras,MG,9.7
20267814,Thiago Rodrigues Marques,43,Medicina,Janauba,GO,8.3
20267815,Joao Gomes,53,Administracao,Porteirinha,BA,5.38
20267816,Daniela Pereira Cardoso,23,Engenharia de Software,Vicosa,DF,5.78
20267817,Igor Castro Vieira Dias,30,Engenharia Eletrica,Curvelo,RJ,8.46
20267818,Enzo Vieira Vieira,24,Agronomia,Montes Claros,DF,6.63
20267819,Bruno Moura Rocha Almeida,51,Quimica,Montes Claros,GO,8.25
20267820,Lucas Santos Freitas,43,Quimica,Pirapora,GO,8.01
20267821,Luana Freitas,55,Agronomia,Curvelo,RJ,6.61
20267822,Fernanda Almeida Alves,24,Agronomia,Vicosa,MG,9.78
20267823,Camila Freitas Moura,22,Medicina,Juiz de Fora,SP,8.4
20267824,Helena Machado Ramos Rodrigues,45,Medicina,Uberlandia,RJ,5.24
20267825,Isabela Machado Ramos,52,Agronomia,Janauba,MG,8.58
20267826,Bruno Martins Monteiro,41,Sistemas de Informacao,Lavras,SP,7.29
20267827,Daniela Rodrigues Dias,36,Quimica,Salinas,GO,6.8
20267828,Rodrigo Pinto,53,Medicina,Salinas,MG,7.66
20267829,Fernanda Moreira Ramos,52,Direito,Belo Horizonte,SP,7.51
20267830,Alexandre Pereira,34,Matematica,Coronel Fabriciano,DF,7.02
20267831,Gabriel Moreira Medeiros,38,Engenharia de Software,Montes Claros,BA,5.94
20267832,Nicolas Vieira Ribeiro Moreira,53,Analise e Desenvolvimento de Sistemas,Governador Valadares,GO,8.82
20267833,Luana Nascimento Freitas,24,Analise e Desenvolvimento de Sistemas,Governador Valadares,DF,6.73
20267834,Gabriel Machado,53,Engenharia de Software,Sao Francisco,MG,8.07
20267835,Tatiana Souza,29,Analise e Desenvolvimento de Sistemas,Lavras,DF,7.18
20267836,Luana Martins Oliveira Martins,52,Engenharia Eletrica,Brasilia de Minas,GO,7.28
20267837,Daniela Fernandes Silva Medeiros,43,Quimica,Teofilo Otoni,GO,9.48
20267838,Thiago Costa,27,Medicina,Curvelo,DF,9.88
20267839,Joao Machado Costa,25,Ciencia da Computacao,Curvelo,ES,9.2
20267840,Joao Lima,46,Sistemas de Informacao,Januaria,RJ,6.94
20267841,Tatiana Pinto Silva,41,Matematica,Vicosa,BA,9.72
20267842,Alexandre Lopes Cardoso,34,Medicina,Januaria,ES,8.76
20267843,Ana Nunes Monteiro,26,Matematica,Porteirinha,ES,5.6
20267844,Daniela Fernandes Pinto,44,Direito,Almenara,ES,6.46
20267845,Luana Ferreira Pinto,22,Administracao,Belo Horizonte,RJ,8.4
20267846,Bruno Oliveira Fernandes,46,Sistemas de Informacao,Montes Claros,BA,8.39
20267847,Felipe Monteiro Costa,31,Matematica,Juiz de Fora,ES,9.5
20267848,Ana Monteiro Mendes Cardoso,20,Engenharia Eletrica,Janauba,GO,5.82
20267849,Mariana Fernandes Vieira Lopes,23,Ciencia da Computacao,Almenara,ES,7.81
20267850,Gabriel Santos Carvalho Nunes,48,Fisica,Porteirinha,DF,5.17
20267851,Beatriz Soares Gomes,49,Ciencia da Computacao,Curvelo,ES,6.05
20267852,Rodrigo Pereira Cavalcanti,21,Analise e Desenvolvimento de Sistemas,Porteirinha,BA,5.14
20267853,Yasmin Cavalcanti Monteiro,31,Ciencia da Computacao,Janauba,GO,9.85
20267854,Leticia Lima Ramos,40,Fisica,Governador Valadares,ES,8.97
20267855,Debora Monteiro Alves,49,Engenharia de Software,Lavras,ES,8.33
20267856,Guilherme Mendes Soares Cavalcanti,27,Sistemas de Informacao,Belo Horizonte,BA,8.88
20267857,Samuel Costa Dias,18,Engenharia de Software,Uberlandia,SP,9.7
20267858,Natalia Vieira,26,Administracao,Sao Francisco,DF,9.01
20267859,Yasmin Souza Marques,45,Engenharia Eletrica,Almenara,SP,6.69
20267860,Isabela Oliveira,24,Sistemas de Informacao,Porteirinha,GO,9.16
20267861,Leticia Alves,24,Quimica,Uberlandia,MG,7.24
20267862,Gabriel Santos,55,Administracao,Governador Valadares,GO,9.47
20267863,Mariana Ferreira,42,Agronomia,Porteirinha,RJ,5.88
20267864,Daniela Moreira,30,Engenharia Eletrica,Brasilia de Minas,MG,8.95
20267865,Igor Fernandes Soares Carvalho,29,Matematica,Sao Francisco,GO,9.43
20267866,Caio Machado Moura,42,Engenharia de Software,Almenara,ES,8.96
20267867,Natalia Ribeiro Fernandes Freitas,26,Direito,Belo Horizonte,MG,7.57
20267868,Natalia Oliveira Machado,21,Engenharia de Software,Porteirinha,RJ,5.7
20267869,Vinicius Vieira Nascimento,48,Engenharia Eletrica,Curvelo,ES,5.37
20267870,Matheus Martins Vieira,27,Fisica,Salinas,SP,5.71
20267871,Tatiana Santos,47,Fisica,Ouro Preto,DF,5.38
20267872,Isabela Moreira Barbosa,26,Matematica,Montes Claros,RJ,5.28
20267873,Pedro Medeiros Vieira,29,Direito,Pirapora,DF,8.66
20267874,Juliana Barbosa Ramos Souza,44,Fisica,Brasilia de Minas,GO,8.27
20267875,Igor Rocha,46,Engenharia Eletrica,Uberlandia,GO,9.33
20267876,Bruno Fernandes,50,Quimica,Curvelo,SP,9.03
20267877,Tatiana Almeida Fernandes,41,Administracao,Brasilia de Minas,RJ,9.49
20267878,Matheus Ferreira Teixeira,20,Engenharia Eletrica,Almenara,GO,9.51
20267879,Rafaela Nascimento Ramos,40,Fisica,Curvelo,ES,8.49
20267880,Gustavo Freitas Rocha,43,Direito,Sao Francisco,RJ,6.37
20267881,Natalia Moreira Nunes,46,Engenharia de Software,Curvelo,GO,5.45
20267882,Rodrigo Alves Nunes,55,Quimica,Porteirinha,MG,6.04
20267883,Juliana Costa Pereira,45,Quimica,Porteirinha,GO,6.73
20267884,Vinicius Vieira Lima Pereira,37,Administracao,Pirapora,MG,5.08
20267885,Nicolas Rocha Brito,20,Ciencia da Computacao,Janauba,DF,7.46
20267886,Leticia Martins Machado Andrade,22,Engenharia de Software,Coronel Fabriciano,ES,5.28
20267887,Fernanda Cavalcanti Almeida,48,Administracao,Sao Francisco,BA,8.04
20267888,Carlos Oliveira Rocha,47,Agronomia,Belo Horizonte,DF,6.25
20267889,Daniela Ramos,40,Ciencia da Computacao,Curvelo,SP,5.29
20267890,Olivia Rocha Fernandes Andrade,25,Analise e Desenvolvimento de Sistemas,Uberlandia,SP,5.18
20267891,Gustavo Barbosa Ribeiro Gomes,20,Fisica,Ouro Preto,SP,7.87
20267892,Nicolas Alves,27,Quimica,Pirapora,SP,6.65
20267893,Thiago Brito Andrade,54,Sistemas de Informacao,Porteirinha,MG,7.98
20267894,Isabela Nunes Dias,38,Analise e Desenvolvimento de Sistemas,Coronel Fabriciano,DF,5.23
20267895,Gabriel Cardoso Silva,31,Sistemas de Informacao,Ouro Preto,MG,8.29
20267896,Caio Martins,52,Analise e Desenvolvimento de Sistemas,Coronel Fabriciano,MG,9.29
20267897,Luana Pereira Cardoso,55,Sistemas de Informacao,Salinas,GO,7.05
20267898,Felipe Pereira,22,Engenharia Eletrica,Brasilia de Minas,RJ,7.71
20267899,Enzo Pereira Pereira Ramos,33,Direito,Montes Claros,BA,5.6
20267900,Samuel Nascimento Oliveira,31,Medicina,Janauba,GO,7.86
20267901,Larissa Almeida Ferreira,30,Fisica,Pirapora,BA,5.57
20267902,Eduardo Ribeiro Barbosa Martins,34,Quimica,Coronel Fabriciano,RJ,8.42
20267903,Gustavo Pereira,30,Quimica,Coronel Fabriciano,BA,5.38
20267904,Tatiana Soares Silva,42,Ciencia da Computacao,Salinas,DF,9.64
20267905,Helena Lima Silva,39,Quimica,Ouro Preto,SP,7.92
20267906,Joao Andrade Almeida,30,Administracao,Januaria,MG,7.35
20267907,Nicolas Martins Andrade,33,Analise e Desenvolvimento de Sistemas,Diamantina,RJ,9.45
20267908,Joao Nascimento Pereira,50,Ciencia da Computacao,Montes Claros,RJ,8.25
20267909,Felipe Gomes Dias,38,Engenharia de Software,Lavras,GO,6.17
20267910,Enzo Ferreira Gomes,30,Fisica,Janauba,DF,7.55
20267911,Beatriz Silva Cardoso,31,Ciencia da Computacao,Governador Valadares,MG,7.36
20267912,Samuel Moura,38,Administracao,Diamantina,RJ,7.09
20267913,Gabriel Carvalho Castro,43,Quimica,Teofilo Otoni,GO,7.54
20267914,Felipe Medeiros Freitas,39,Engenharia de Software,Vicosa,MG,5.58
20267915,Fernanda Vieira,30,Quimica,Sao Francisco,ES,9.04
20267916,Luana Almeida Medeiros Soares,28,Direito,Teofilo Otoni,ES,9.05
20267917,Felipe Teixeira Pereira Nascimento,44,Medicina,Governador Valadares,DF,8.96
20267918,Daniela Ribeiro,53,Fisica,Juiz de Fora,SP,6.49
20267919,Bruno Moreira Fernandes,52,Engenharia Eletrica,Belo Horizonte,BA,6.65
20267920,Lucas Brito Pinto,27,Engenharia de Software,Brasilia de Minas,BA,6.14
20267921,Carlos Nunes Cavalcanti,51,Engenharia de Software,Belo Horizonte,DF,7.9
20267922,Pedro Brito Moreira,19,Administracao,Almenara,DF,7.07
20267923,Juliana Almeida Brito,25,Matematica,Almenara,ES,6.45
20267924,Rodrigo Cardoso Fernandes Nascimento,34,Medicina,Uberlandia,GO,8.33
20267925,Nicolas Pereira Cavalcanti Marques,50,Administracao,Sao Francisco,ES,5.9
20267926,Gustavo Barbosa Moura,25,Fisica,Teofilo Otoni,ES,8.14
20267927,Vinicius Moura Lima,47,Direito,Pirapora,ES,8.59
20267928,Fernanda Pereira Brito,55,Engenharia de Software,Pirapora,DF,8.55
20267929,Yasmin Mendes Cardoso,28,Matematica,Pirapora,MG,7.66
20267930,Yasmin Oliveira Pereira Soares,46,Quimica,Montes Claros,ES,5.87
20267931,Amanda Moreira,25,Direito,Almenara,SP,7.51
20267932,Camila Soares Soares,28,Direito,Pirapora,GO,8.95
20267933,Samuel Andrade Rocha Brito,23,Sistemas de Informacao,Ouro Preto,DF,9.54
20267934,Helena Costa Alves,48,Engenharia de Software,Brasilia de Minas,DF,7.17
20267935,Isabela Almeida Nunes,39,Engenharia Eletrica,Lavras,BA,8.84
20267936,Yasmin Freitas Oliveira,28,Analise e Desenvolvimento de Sistemas,Juiz de Fora,DF,5.6
20267937,Debora Santos Moreira,50,Sistemas de Informacao,Pirapora,GO,9.69
20267938,Pedro Andrade,50,Engenharia Eletrica,Diamantina,DF,9.54
20267939,Joao Brito Dias,23,Matematica,Uberlandia,GO,5.89
20267940,Juliana Soares Oliveira,41,Medicina,Lavras,ES,7.28
20267941,Debora Castro Rodrigues,54,Fisica,Governador Valadares,ES,8.94
20267942,Caio Costa Costa Castro,27,Matematica,Juiz de Fora,RJ,8.85
20267943,Amanda Monteiro,36,Medicina,Ouro Preto,DF,6.57
20267944,Vinicius Lima Costa,20,Medicina,Brasilia de Minas,GO,9.79
20267945,Joao Ribeiro Medeiros Pereira,29,Matematica,Lavras,GO,8.38
20267946,Flavia Mendes Lopes,33,Fisica,Sao Francisco,GO,9.24
20267947,Bruno Machado Carvalho,27,Analise e Desenvolvimento de Sistemas,Januaria,MG,8.07
20267948,Gustavo Nascimento Nascimento,48,Administracao,Belo Horizonte,BA,7.92
20267949,Helena Nunes Marques,26,Engenharia Eletrica,Sao Francisco,GO,7.07
20267950,Matheus Fernandes Monteiro Moreira,31,Direito,Brasilia de Minas,DF,7.41
20267951,Bruno Carvalho Marques,43,Analise e Desenvolvimento de Sistemas,Lavras,RJ,8.27
20267952,Enzo Teixeira,47,Engenharia Eletrica,Juiz de Fora,SP,9.58
20267953,Bruno Dias Almeida,22,Agronomia,Ouro Preto,RJ,6.63
20267954,Mariana Teixeira Teixeira,48,Administracao,Pirapora,RJ,5.77
20267955,Guilherme Souza Silva,33,Engenharia de Software,Salinas,MG,8.74
20267956,Leticia Ribeiro Moura Mendes,19,Analise e Desenvolvimento de Sistemas,Sao Francisco,MG,7.34
20267957,Tatiana Medeiros Mendes,34,Medicina,Montes Claros,DF,9.72
20267958,Matheus Souza,45,Engenharia de Software,Porteirinha,MG,8.93
20267959,Eduardo Ribeiro Rocha,32,Engenharia de Software,Uberlandia,MG,5.48
20267960,Beatriz Dias Ribeiro Soares,19,Sistemas de Informacao,Juiz de Fora,ES,8.96
20267961,Daniela Pereira Andrade Monteiro,22,Engenharia Eletrica,Diamantina,MG,9.38
20267962,Pedro Castro Nascimento Martins,25,Engenharia Eletrica,Uberlandia,GO,8.04
20267963,Helena Nascimento Lima,27,Analise e Desenvolvimento de Sistemas,Porteirinha,SP,8.88
20267964,Leticia Medeiros,45,Ciencia da Computacao,Vicosa,DF,5.37
20267965,Olivia Ramos Moreira Moreira,47,Ciencia da Computacao,Ouro Preto,MG,6.88
20267966,Daniela Dias,21,Quimica,Uberlandia,SP,5.14
20267967,Felipe Almeida,29,Agronomia,Porteirinha,MG,9.06
20267968,Vinicius Fernandes Oliveira Freitas,19,Engenharia de Software,Belo Horizonte,ES,9.86
20267969,Nicolas Rocha Almeida Alves,47,Analise e Desenvolvimento de Sistemas,Almenara,DF,6.42
20267970,Caio Costa,27,Engenharia de Software,Salinas,MG,6.22
20267971,Vinicius Monteiro Alves,26,Administracao,Ouro Preto,ES,5.65
20267972,Debora Cavalcanti Almeida Rocha,29,Direito,Diamantina,ES,6.0
20267973,Luana Marques Teixeira Cavalcanti,38,Administracao,Montes Claros,GO,9.54
20267974,Luana Fernandes Rocha Nunes,50,Fisica,Porteirinha,RJ,5.25
20267975,Olivia Ferreira Brito,41,Direito,Curvelo,GO,7.89
20267976,Gabriel Ribeiro Lopes,34,Engenharia de Software,Governador Valadares,SP,8.02
20267977,Leticia Barbosa,39,Direito,Lavras,SP,6.23
20267978,Daniela Costa Almeida,21,Direito,Vicosa,MG,9.3
20267979,Enzo Dias Oliveira Gomes,53,Administracao,Montes Claros,DF,5.37
20267980,Rafaela Mendes,44,Matematica,Salinas,MG,7.5
20267981,Felipe Castro Cavalcanti Alves,32,Direito,Lavras,MG,5.55
20267982,Larissa Silva,50,Fisica,Porteirinha,SP,8.42
20267983,Alexandre Almeida Lima,40,Administracao,Vicosa,BA,5.44
20267984,Eduardo Medeiros Dias Rodrigues,23,Ciencia da Computacao,Curvelo,SP,6.78
20267985,Igor Nunes Nascimento,51,Fisica,Almenara,MG,6.99
20267986,Yasmin Machado Ribeiro,18,Ciencia da Computacao,Montes Claros,ES,9.9
20267987,Camila Cardoso Marques,37,Quimica,Pirapora,SP,6.18
20267988,Lucas Costa Ribeiro Teixeira,41,Medicina,Uberlandia,DF,7.84
20267989,Nicolas Ferreira Fernandes Medeiros,32,Medicina,Brasilia de Minas,ES,7.74
20267990,Natalia Martins Gomes Freitas,44,Quimica,Salinas,ES,8.31
20267991,Carlos Lopes Mendes,48,Direito,Diamantina,MG,5.48
20267992,Alexandre Martins Freitas Rocha,55,Analise e Desenvolvimento de Sistemas,Belo Horizonte,SP,9.6
20267993,Caio Rodrigues Vieira,54,Engenharia de Software,Januaria,GO,5.1
20267994,Isabela Cardoso Lima,32,Matematica,Juiz de Fora,DF,8.05
20267995,Camila Cavalcanti Ferreira Alves,51,Agronomia,Almenara,MG,8.71
20267996,Daniela Mendes Moreira Oliveira,38,Fisica,Curvelo,SP,9.37
20267997,Larissa Oliveira Soares,27,Medicina,Diamantina,GO,7.15
20267998,Amanda Marques Cardoso,33,Sistemas de Informacao,Sao Francisco,SP,7.88
20267999,Natalia Silva Ribeiro,53,Fisica,Vicosa,BA,9.67
20268000,Igor Carvalho Monteiro Santos,41,Direito,Pirapora,BA,5.57
20268001,Isabela Ribeiro Castro Moreira,42,Agronomia,Teofilo Otoni,RJ,6.12
20268002,Thiago Souza,34,Sistemas de Informacao,Coronel Fabriciano,ES,6.59
20268003,Vinicius Nunes Silva,43,Agronomia,Lavras,ES,6.63
20268004,Gustavo Castro Lopes,27,Engenharia Eletrica,Governador Valadares,MG,8.29
20268005,Pedro Martins Oliveira Fernandes,37,Sistemas de Informacao,Pirapora,RJ,7.96
20268006,Yasmin Cavalcanti Nascimento Marques,34,Medicina,Montes Claros,SP,6.53
20268007,Bruno Barbosa,36,Engenharia Eletrica,Coronel Fabriciano,BA,5.45
20268008,Enzo Vieira Alves Ramos,21,Ciencia da Computacao,Januaria,BA,6.07
20268009,Samuel Mendes Fernandes,26,Engenharia Eletrica,Almenara,GO,9.46
20268010,Flavia Santos Andrade,50,Ciencia da Computacao,Ouro Preto,DF,6.6
20268011,Ana Lima Monteiro,55,Engenharia Eletrica,Vicosa,MG,7.45
20268012,Ana Mendes Gomes,35,Sistemas de Informacao,Januaria,RJ,6.61
20268013,Leticia Mendes,47,Sistemas de Informacao,Almenara,RJ,9.09
20268014,Flavia Mendes Almeida,35,Matematica,Janauba,DF,7.56
20268015,Isabela Souza Ferreira Rocha,20,Ciencia da Computacao,Lavras,SP,8.86
20268016,Tatiana Medeiros Rodrigues,36,Quimica,Coronel Fabriciano,SP,5.33
20268017,Amanda Costa Pereira Gomes,46,Engenharia Eletrica,Governador Valadares,DF,6.57
20268018,Matheus Pereira Teixeira,44,Direito,Januaria,GO,7.87
20268019,Matheus Lima Santos,22,Administracao,Porteirinha,ES,8.2
20268020,Samuel Freitas Ferreira,33,Analise e Desenvolvimento de Sistemas,Almenara,GO,6.6
20268021,Amanda Marques,31,Engenharia de Software,Ouro Preto,MG,6.12
20268022,Yasmin Lopes Moreira Gomes,41,Fisica,Coronel Fabriciano,ES,5.56
20268023,Gustavo Lopes Silva,39,Agronomia,Salinas,ES,7.45
20268024,Vinicius Silva Fernandes,45,Administracao,Salinas,MG,9.11
20268025,Eduardo Medeiros,40,Quimica,Lavras,DF,5.33
20268026,Camila Brito Martins,27,Matematica,Ouro Preto,RJ,6.59
20268027,Enzo Pereira Barbosa Nascimento,19,Fisica,Salinas,ES,5.35
20268028,Debora Souza Almeida,47,Engenharia de Software,Belo Horizonte,RJ,8.17
20268029,Eduardo Vieira,28,Fisica,Coronel Fabriciano,MG,9.72
20268030,Gustavo Ferreira Lima Barbosa,22,Medicina,Teofilo Otoni,MG,5.76
20268031,Luana Lopes Carvalho Cavalcanti,47,Analise e Desenvolvimento de Sistemas,Montes Claros,MG,8.35
20268032,Rafaela Costa,50,Matematica,Juiz de Fora,ES,8.83
20268033,Larissa Almeida Freitas,47,Medicina,Uberlandia,GO,8.64
20268034,Vinicius Alves Santos Monteiro,55,Engenharia de Software,Sao Francisco,BA,5.15
20268035,Beatriz Castro,35,Quimica,Montes Claros,BA,7.43
20268036,Yasmin Ferreira Martins,33,Ciencia da Computacao,Curvelo,ES,9.24
20268037,Alexandre Andrade Gomes Lima,41,Medicina,Brasilia de Minas,DF,8.05
20268038,Igor Costa Teixeira,39,Engenharia Eletrica,Porteirinha,MG,9.37
20268039,Nicolas Gomes Nascimento Rocha,51,Administracao,Pirapora,BA,6.03
20268040,Olivia Silva,40,Administracao,Pirapora,DF,9.39
20268041,Gabriel Rodrigues Pereira Lopes,49,Sistemas de Informacao,Belo Horizonte,GO,9.83
20268042,Matheus Brito Souza Teixeira,29,Quimica,Pirapora,BA,8.63
20268043,Mariana Gomes Rodrigues,25,Engenharia Eletrica,Pirapora,ES,7.87
20268044,Leticia Carvalho Souza Teixeira,48,Matematica,Curvelo,BA,9.34
20268045,Gustavo Rodrigues Martins,51,Fisica,Governador Valadares,MG,8.09
20268046,Isabela Santos Costa,19,Agronomia,Almenara,ES,7.76
20268047,Rodrigo Pereira Cavalcanti,25,Engenharia de Software,Diamantina,BA,8.75
20268048,Camila Marques Ribeiro Cavalcanti,33,Medicina,Lavras,GO,7.75
20268049,Felipe Moura Mendes,49,Fisica,Curvelo,RJ,7.45
20268050,Leticia Ramos Medeiros,21,Sistemas de Informacao,Porteirinha,SP,7.05
20268051,Nicolas Nascimento Medeiros,51,Quimica,Coronel Fabriciano,SP,7.52
20268052,Amanda Ribeiro,48,Ciencia da Computacao,Almenara,ES,5.2
20268053,Debora Soares Gomes,27,Fisica,Porteirinha,ES,7.86
20268054,Yasmin Freitas,42,Agronomia,Curvelo,ES,8.8
20268055,Flavia Martins Castro Alves,39,Matematica,Coronel Fabriciano,SP,8.75
20268056,Camila Alves Fernandes,21,Analise e Desenvolvimento de Sistemas,Porteirinha,ES,9.17
20268057,Tatiana Rocha Lopes Marques,47,Matematica,Belo Horizonte,GO,8.7
20268058,Nicolas Carvalho Soares Nascimento,46,Ciencia da Computacao,Lavras,GO,5.34
20268059,Caio Pinto Moreira Marques,23,Quimica,Brasilia de Minas,SP,8.23
20268060,Camila Fernandes Pinto,21,Agronomia,Governador Valadares,DF,9.54
20268061,Helena Souza Cardoso,20,Administracao,Pirapora,MG,6.26
20268062,Mariana Costa,31,Fisica,Janauba,DF,9.48
20268063,Enzo Nascimento Moura,39,Medicina,Teofilo Otoni,BA,9.35
20268064,Debora Santos Castro,37,Engenharia de Software,Belo Horizonte,RJ,5.09
20268065,Felipe Teixeira Vieira Cavalcanti,43,Quimica,Salinas,ES,5.54
20268066,Joao Rocha Mendes,43,Agronomia,Almenara,RJ,8.19
20268067,Gustavo Silva Oliveira Teixeira,55,Fisica,Vicosa,BA,8.18
20268068,Isabela Nascimento,20,Direito,Juiz de Fora,SP,7.08
20268069,Samuel Carvalho Martins Barbosa,18,Matematica,Juiz de Fora,MG,6.57
20268070,Bruno Pereira Martins,31,Analise e Desenvolvimento de Sistemas,Brasilia de Minas,DF,9.35
20268071,Fernanda Cardoso Lima,49,Quimica,Brasilia de Minas,ES,9.61
20268072,Gabriel Teixeira Teixeira,40,Analise e Desenvolvimento de Sistemas,Porteirinha,MG,8.74
20268073,Helena Souza Pereira,39,Quimica,Lavras,DF,6.57
20268074,Enzo Carvalho Costa Carvalho,23,Ciencia da Computacao,Juiz de Fora,GO,9.69
20268075,Beatriz Cardoso Cardoso,50,Quimica,Ouro Preto,SP,7.05
20268076,Debora Vieira Lima Santos,23,Engenharia Eletrica,Lavras,RJ,6.92
20268077,Matheus Costa Nunes,32,Quimica,Brasilia de Minas,MG,5.39
20268078,Fernanda Vieira Medeiros,46,Quimica,Juiz de Fora,GO,6.26
20268079,Eduardo Teixeira Lima,47,Engenharia Eletrica,Sao Francisco,DF,8.67
20268080,Nicolas Pereira,55,Engenharia de Software,Lavras,BA,8.63
20268081,Igor Freitas Marques,32,Engenharia de Software,Belo Horizonte,DF,7.92
20268082,Debora Mendes Alves,52,Quimica,Lavras,RJ,8.12
20268083,Alexandre Fernandes Cardoso Almeida,47,Engenharia de Software,Janauba,RJ,5.54
20268084,Joao Ribeiro Mendes Soares,47,Matematica,Belo Horizonte,MG,9.29
20268085,Gustavo Cavalcanti Santos,46,Engenharia Eletrica,Almenara,BA,5.93
20268086,Gabriel Gomes Alves,39,Medicina,Porteirinha,DF,8.74
20268087,Joao Lopes Pinto Pinto,46,Direito,Montes Claros,SP,8.32
20268088,Beatriz Cavalcanti Cavalcanti,44,Engenharia Eletrica,Belo Horizonte,RJ,6.32
20268089,Debora Medeiros,20,Administracao,Diamantina,BA,9.36
20268090,Alexandre Dias Soares,50,Engenharia de Software,Januaria,DF,5.08
20268091,Ana Castro,54,Direito,Curvelo,GO,7.55
20268092,Guilherme Silva Rodrigues,54,Administracao,Uberlandia,GO,9.76
20268093,Thiago Carvalho Pinto,54,Quimica,Teofilo Otoni,RJ,9.53
20268094,Nicolas Moreira Oliveira,49,Matematica,Lavras,ES,5.2
20268095,Natalia Cavalcanti Castro Ribeiro,19,Direito,Curvelo,ES,9.84
20268096,Rafaela Moura Rodrigues Silva,24,Analise e Desenvolvimento de Sistemas,Coronel Fabriciano,BA,6.37
20268097,Nicolas Ferreira Brito,39,Fisica,Almenara,GO,9.74
20268098,Flavia Cardoso Vieira,34,Medicina,Uberlandia,GO,9.34
20268099,Mariana Gomes Dias Santos,41,Engenharia de Software,Coronel Fabriciano,RJ,8.61
20268100,Vinicius Teixeira Monteiro Silva,41,Matematica,Janauba,SP,7.35
20268101,Bruno Lima,52,Matematica,Almenara,BA,6.49
20268102,Joao Alves Vieira Ribeiro,36,Analise e Desenvolvimento de Sistemas,Lavras,GO,7.52
20268103,Rafaela Freitas Ribeiro Fernandes,28,Agronomia,Ouro Preto,DF,6.45
20268104,Thiago Nunes,44,Medicina,Vicosa,BA,7.59
20268105,Pedro Freitas Rocha Alves,29,Sistemas de Informacao,Montes Claros,RJ,5.67
20268106,Alexandre Medeiros Cavalcanti Souza,39,Administracao,Montes Claros,BA,9.48
20268107,Natalia Oliveira,32,Sistemas de Informacao,Salinas,BA,8.83
20268108,Nicolas Freitas Cavalcanti Santos,21,Administracao,Ouro Preto,SP,5.05
20268109,Tatiana Gomes Medeiros,32,Agronomia,Sao Francisco,SP,6.79
20268110,Amanda Martins Ribeiro,18,Ciencia da Computacao,Lavras,BA,8.22
20268111,Yasmin Fernandes Pinto Pereira,32,Ciencia da Computacao,Coronel Fabriciano,DF,5.49
20268112,Alexandre Ramos Souza,35,Engenharia Eletrica,Curvelo,BA,7.0
20268113,Enzo Fernandes,24,Medicina,Pirapora,MG,7.5
20268114,Vinicius Pereira,32,Fisica,Teofilo Otoni,GO,8.59
20268115,Eduardo Santos Lima,33,Sistemas de Informacao,Belo Horizonte,GO,5.77
20268116,Helena Carvalho Medeiros Medeiros,26,Quimica,Ouro Preto,SP,9.54
20268117,Helena Vieira Ribeiro Ramos,32,Medicina,Januaria,BA,5.67
20268118,Luana Ferreira Nunes Ferreira,21,Quimica,Salinas,ES,9.03
20268119,Pedro Gomes Ferreira,18,Medicina,Governador Valadares,RJ,7.46
20268120,Mariana Cavalcanti Ferreira,36,Fisica,Diamantina,GO,6.59
20268121,Luana Barbosa,25,Matematica,Curvelo,RJ,9.63
20268122,Fernanda Ramos Marques Lopes,19,Fisica,Pirapora,ES,8.99
20268123,Gabriel Alves Nascimento Fernandes,31,Quimica,Pirapora,DF,7.13
20268124,Daniela Ferreira Vieira,25,Ciencia da Computacao,Brasilia de Minas,GO,9.79
20268125,Camila Lima Santos Marques,34,Fisica,Sao Francisco,RJ,9.67
20268126,Bruno Santos Brito,53,Analise e Desenvolvimento de Sistemas,Teofilo Otoni,GO,7.42
20268127,Debora Gomes Medeiros,31,Matematica,Juiz de Fora,BA,6.83
20268128,Igor Souza Rocha,42,Medicina,Uberlandia,GO,8.58
20268129,Gabriel Machado Mendes,22,Sistemas de Informacao,Juiz de Fora,DF,8.96
20268130,Yasmin Fernandes Santos Alves,32,Ciencia da Computacao,Sao Francisco,ES,7.21
20268131,Nicolas Lopes Costa,37,Fisica,Curvelo,RJ,8.95
20268132,Nicolas Santos Nunes,53,Administracao,Ouro Preto,ES,7.32
20268133,Isabela Pereira Medeiros,29,Ciencia da Computacao,Almenara,DF,8.4
20268134,Caio Vieira Oliveira,35,Ciencia da Computacao,Almenara,RJ,8.68
20268135,Enzo Moura Soares,38,Fisica,Januaria,MG,6.56
20268136,Igor Costa Dias,52,Engenharia de Software,Lavras,MG,8.05
20268137,Ana Vieira,39,Fisica,Governador Valadares,ES,5.91
20268138,Eduardo Vieira Cardoso,20,Medicina,Uberlandia,SP,8.0
20268139,Gabriel Cardoso Gomes,55,Engenharia Eletrica,Teofilo Otoni,RJ,7.76
20268140,Rafaela Almeida,35,Medicina,Diamantina,BA,7.67
20268141,Bruno Brito Lima Marques,47,Agronomia,Lavras,GO,5.97
20268142,Mariana Souza,50,Medicina,Almenara,MG,8.15
20268143,Beatriz Brito Moura,18,Analise e Desenvolvimento de Sistemas,Porteirinha,SP,5.25
20268144,Caio Machado Nascimento,41,Engenharia Eletrica,Curvelo,DF,7.31
20268145,Rafaela Castro Nascimento,20,Engenharia de Software,Brasilia de Minas,DF,8.47
20268146,Yasmin Medeiros Lima,19,Matematica,Sao Francisco,SP,6.57
20268147,Gustavo Ferreira Ribeiro,51,Analise e Desenvolvimento de Sistemas,Salinas,DF,5.48
20268148,Thiago Vieira Pinto,36,Engenharia de Software,Almenara,BA,9.11
20268149,Luana Medeiros Dias,50,Direito,Brasilia de Minas,BA,7.15
20268150,Gustavo Marques Almeida Silva,35,Matematica,Janauba,DF,8.17
20268151,Yasmin Mendes,52,Fisica,Coronel Fabriciano,GO,6.4
20268152,Nicolas Cavalcanti Monteiro Costa,50,Fisica,Salinas,MG,9.89
20268153,Thiago Costa Nascimento Alves,28,Engenharia Eletrica,Pirapora,DF,9.46
20268154,Vinicius Moreira Costa,33,Engenharia Eletrica,Salinas,RJ,9.79
20268155,Debora Moreira Almeida,45,Analise e Desenvolvimento de Sistemas,Montes Claros,MG,9.58
20268156,Nicolas Martins Rocha,55,Ciencia da Computacao,Salinas,SP,6.94
20268157,Larissa Andrade Dias,43,Matematica,Brasilia de Minas,DF,5.45
20268158,Joao Carvalho Dias Brito,27,Quimica,Lavras,BA,8.54
20268159,Enzo Gomes Andrade Cardoso,47,Engenharia de Software,Pirapora,GO,6.93
20268160,Isabela Andrade Marques Nunes,38,Direito,Coronel Fabriciano,SP,5.07
20268161,Enzo Nascimento Dias,50,Administracao,Pirapora,RJ,5.57
20268162,Thiago Marques,47,Matematica,Coronel Fabriciano,ES,6.1
20268163,Mariana Fernandes Pinto Marques,27,Analise e Desenvolvimento de Sistemas,Brasilia de Minas,SP,5.98
20268164,Mariana Teixeira Rocha,23,Medicina,Uberlandia,BA,8.49
20268165,Natalia Castro Vieira,46,Direito,Brasilia de Minas,MG,7.45
20268166,Rafaela Marques Souza,25,Ciencia da Computacao,Vicosa,ES,9.62
20268167,Carlos Andrade Carvalho,36,Quimica,Janauba,MG,6.0
20268168,Gabriel Machado Andrade Barbosa,52,Fisica,Januaria,GO,8.32
20268169,Yasmin Moreira,37,Agronomia,Vicosa,RJ,5.03
20268170,Debora Mendes Nunes,37,Administracao,Montes Claros,BA,9.17
20268171,Nicolas Costa Vieira Lima,52,Administracao,Coronel Fabriciano,BA,5.7
20268172,Luana Gomes,23,Direito,Diamantina,RJ,6.9
20268173,Isabela Marques Freitas Almeida,21,Administracao,Januaria,RJ,9.43
20268174,Natalia Costa Martins,44,Medicina,Juiz de Fora,RJ,5.37
20268175,Isabela Marques Nascimento,48,Fisica,Pirapora,RJ,6.25
20268176,Lucas Nunes Pereira Lima,30,Engenharia de Software,Curvelo,GO,6.25
20268177,Joao Ribeiro Fernandes Soares,23,Direito,Uberlandia,SP,7.64
20268178,Isabela Alves Barbosa Moura,22,Ciencia da Computacao,Curvelo,ES,9.43
20268179,Matheus Teixeira Rodrigues,53,Analise e Desenvolvimento de Sistemas,Belo Horizonte,ES,8.13
20268180,Ana Almeida,33,Quimica,Pirapora,SP,6.93
20268181,Matheus Silva Dias,30,Analise e Desenvolvimento de Sistemas,Januaria,ES,8.83
20268182,Felipe Martins,52,Fisica,Coronel Fabriciano,MG,6.95
20268183,Mariana Barbosa Brito,53,Matematica,Sao Francisco,RJ,8.63
20268184,Carlos Martins,18,Agronomia,Curvelo,RJ,9.29
20268185,Olivia Monteiro Santos,34,Ciencia da Computacao,Brasilia de Minas,DF,6.31
20268186,Eduardo Nunes Nunes Alves,30,Ciencia da Computacao,Coronel Fabriciano,BA,6.61
20268187,Nicolas Medeiros Marques,23,Fisica,Montes Claros,SP,8.85
20268188,Rodrigo Monteiro Silva Rocha,48,Engenharia de Software,Curvelo,ES,8.47
20268189,Camila Soares Souza,28,Engenharia de Software,Curvelo,BA,7.46
20268190,Olivia Cavalcanti,27,Direito,Curvelo,GO,6.13
20268191,Samuel Fernandes Dias,52,Quimica,Governador Valadares,MG,6.68
20268192,Nicolas Souza Pereira Pinto,38,Sistemas de Informacao,Coronel Fabriciano,MG,8.76
20268193,Joao Moura Costa Vieira,41,Quimica,Coronel Fabriciano,RJ,6.12
20268194,Caio Pereira Lima,51,Engenharia Eletrica,Uberlandia,BA,9.07
20268195,Isabela Almeida Ferreira,47,Analise e Desenvolvimento de Sistemas,Belo Horizonte,DF,9.54
20268196,Leticia Nascimento Nunes Monteiro,33,Administracao,Curvelo,DF,8.11
20268197,Daniela Pereira Dias,20,Quimica,Diamantina,SP,6.0
20268198,Isabela Gomes Brito Ribeiro,30,Quimica,Janauba,RJ,5.9
20268199,Samuel Martins Lopes Andrade,46,Engenharia Eletrica,Teofilo Otoni,MG,9.36
20268200,Yasmin Brito Lima,22,Analise e Desenvolvimento de Sistemas,Ouro Preto,RJ,5.01
20268201,Camila Brito Mendes,26,Fisica,Lavras,RJ,5.16
20268202,Debora Nunes Barbosa Rocha,32,Engenharia Eletrica,Januaria,RJ,6.95
20268203,Daniela Cardoso Santos,18,Fisica,Curvelo,RJ,5.2
20268204,Larissa Barbosa Soares,32,Fisica,Janauba,DF,7.87
20268205,Debora Ramos Rodrigues,44,Quimica,Pirapora,DF,6.78
20268206,Isabela Carvalho Lopes,42,Ciencia da Computacao,Uberlandia,GO,9.69
20268207,Fernanda Lopes,28,Analise e Desenvolvimento de Sistemas,Salinas,BA,5.93
20268208,Flavia Ramos Costa,45,Agronomia,Brasilia de Minas,RJ,6.12
20268209,Felipe Ferreira Marques Castro,20,Analise e Desenvolvimento de Sistemas,Janauba,MG,6.02
20268210,Igor Oliveira Nunes Gomes,50,Quimica,Governador Valadares,SP,8.58
20268211,Tatiana Lima Vieira Monteiro,39,Engenharia Eletrica,Salinas,GO,7.11
20268212,Pedro Pinto Costa Rodrigues,22,Engenharia de Software,Diamantina,GO,6.85
20268213,Camila Mendes Almeida,30,Quimica,Porteirinha,RJ,6.85
20268214,Matheus Machado Nunes Moura,26,Matematica,Belo Horizonte,MG,9.86
20268215,Olivia Cardoso Silva Lopes,50,Direito,Vicosa,SP,9.15
20268216,Tatiana Almeida Teixeira Dias,19,Agronomia,Lavras,DF,5.82
20268217,Bruno Vieira Fernandes,39,Medicina,Porteirinha,BA,7.73
20268218,Rodrigo Cavalcanti Cardoso,34,Sistemas de Informacao,Pirapora,MG,7.85
20268219,Felipe Oliveira Nascimento,36,Fisica,Juiz de Fora,DF,8.93
20268220,Samuel Teixeira Pinto,50,Analise e Desenvolvimento de Sistemas,Montes Claros,MG,7.55
20268221,Daniela Cavalcanti Santos Freitas,41,Quimica,Diamantina,ES,6.12
20268222,Amanda Monteiro Andrade Moreira,46,Administracao,Montes Claros,MG,9.22
20268223,Mariana Cardoso Oliveira Pinto,50,Analise e Desenvolvimento de Sistemas,Governador Valadares,RJ,8.68
20268224,Camila Pinto Barbosa,30,Fisica,Belo Horizonte,DF,8.74
20268225,Ana Andrade Carvalho,44,Analise e Desenvolvimento de Sistemas,Porteirinha,RJ,8.87
20268226,Enzo Ramos Teixeira,20,Engenharia de Software,Juiz de Fora,GO,8.26
20268227,Daniela Nascimento Barbosa Soares,40,Sistemas de Informacao,Curvelo,BA,6.82
20268228,Samuel Pinto,24,Engenharia de Software,Ouro Preto,MG,7.74
20268229,Thiago Ribeiro Alves,50,Matematica,Belo Horizonte,MG,8.8
20268230,Camila Cardoso,42,Agronomia,Coronel Fabriciano,DF,7.95
20268231,Enzo Rodrigues Monteiro,35,Engenharia Eletrica,Coronel Fabriciano,SP,8.59
20268232,Gabriel Ramos,53,Fisica,Juiz de Fora,DF,6.53
20268233,Helena Santos Rocha Nunes,44,Analise e Desenvolvimento de Sistemas,Almenara,RJ,9.43
20268234,Isabela Carvalho Oliveira Ribeiro,39,Quimica,Vicosa,ES,8.61
20268235,Pedro Dias Cardoso,53,Administracao,Uberlandia,RJ,7.26
20268236,Bruno Almeida Gomes,24,Engenharia Eletrica,Teofilo Otoni,SP,6.58
20268237,Caio Fernandes Cardoso,54,Agronomia,Brasilia de Minas,SP,8.38
20268238,Caio Rodrigues,44,Agronomia,Belo Horizonte,GO,5.78
20268239,Juliana Cavalcanti Pinto Souza,50,Sistemas de Informacao,Diamantina,RJ,5.54
20268240,Guilherme Silva Costa,30,Analise e Desenvolvimento de Sistemas,Governador Valadares,ES,5.1
20268241,Rafaela Gomes Ramos,29,Sistemas de Informacao,Porteirinha,BA,8.42
20268242,Alexandre Cavalcanti Alves Alves,45,Sistemas de Informacao,Sao Francisco,ES,6.91
20268243,Joao Rodrigues Teixeira Andrade,22,Engenharia Eletrica,Porteirinha,GO,9.45
20268244,Larissa Pereira Moreira,30,Engenharia Eletrica,Janauba,ES,9.76
20268245,Gustavo Nunes Gomes,47,Agronomia,Coronel Fabriciano,DF,5.55
20268246,Thiago Rodrigues Medeiros,28,Agronomia,Diamantina,GO,8.5
20268247,Tatiana Oliveira Lima Machado,20,Fisica,Lavras,BA,6.63
20268248,Felipe Medeiros Freitas,36,Fisica,Belo Horizonte,SP,8.16
20268249,Rodrigo Rocha,53,Engenharia de Software,Teofilo Otoni,DF,5.01
20268250,Debora Soares Brito,29,Agronomia,Vicosa,RJ,9.54
20268251,Isabela Mendes Rocha,32,Agronomia,Uberlandia,RJ,7.75
20268252,Beatriz Carvalho,55,Sistemas de Informacao,Brasilia de Minas,DF,5.43
20268253,Nicolas Martins Ramos Carvalho,30,Sistemas de Informacao,Coronel Fabriciano,GO,6.48
20268254,Gabriel Castro,37,Engenharia de Software,Brasilia de Minas,ES,7.8
20268255,Juliana Santos,51,Engenharia de Software,Almenara,DF,7.29
20268256,Amanda Alves Medeiros,26,Engenharia Eletrica,Janauba,RJ,9.85
20268257,Samuel Fernandes Moura,28,Matematica,Uberlandia,MG,8.95
20268258,Alexandre Gomes,50,Direito,Montes Claros,MG,5.59
20268259,Lucas Vieira,45,Medicina,Almenara,MG,8.08
20268260,Juliana Nascimento Nunes Gomes,34,Engenharia de Software,Diamantina,RJ,7.03
20268261,Luana Gomes,20,Administracao,Uberlandia,SP,6.28
20268262,Guilherme Ramos Souza Martins,46,Ciencia da Computacao,Juiz de Fora,MG,5.33
20268263,Debora Andrade,48,Medicina,Diamantina,ES,9.31
20268264,Igor Dias Mendes Monteiro,34,Quimica,Belo Horizonte,RJ,5.46
20268265,Eduardo Monteiro,40,Quimica,Coronel Fabriciano,ES,5.52
20268266,Matheus Cavalcanti,23,Agronomia,Ouro Preto,RJ,8.93
20268267,Rodrigo Ferreira Andrade Monteiro,55,Engenharia Eletrica,Lavras,GO,9.43
20268268,Gustavo Carvalho,47,Agronomia,Porteirinha,MG,7.47
20268269,Thiago Andrade Cardoso,23,Medicina,Coronel Fabriciano,DF,9.3
20268270,Ana Souza Santos Soares,49,Quimica,Salinas,DF,7.8
20268271,Isabela Dias Machado,51,Medicina,Curvelo,MG,8.97
20268272,Joao Silva,52,Administracao,Salinas,SP,7.07
20268273,Fernanda Souza Gomes,47,Fisica,Brasilia de Minas,BA,6.06
20268274,Rodrigo Martins Mendes Machado,26,Analise e Desenvolvimento de Sistemas,Pirapora,GO,9.25
20268275,Ana Ferreira Gomes,43,Fisica,Montes Claros,GO,6.81
20268276,Lucas Brito Lima,43,Administracao,Curvelo,BA,9.38
20268277,Daniela Alves Almeida,36,Sistemas de Informacao,Pirapora,SP,8.51
20268278,Isabela Almeida Santos Gomes,55,Agronomia,Coronel Fabriciano,BA,9.87
20268279,Leticia Santos,30,Engenharia Eletrica,Curvelo,RJ,8.37
20268280,Nicolas Andrade Pinto,22,Analise e Desenvolvimento de Sistemas,Sao Francisco,ES,5.91
20268281,Natalia Vieira Mendes,51,Agronomia,Lavras,BA,6.46
20268282,Helena Castro Moura,49,Agronomia,Pirapora,GO,6.06
20268283,Natalia Gomes Martins,26,Agronomia,Lavras,BA,8.15
20268284,Mariana Freitas Rocha,37,Engenharia Eletrica,Belo Horizonte,ES,7.31
20268285,Alexandre Vieira Vieira,19,Medicina,Brasilia de Minas,RJ,6.58
20268286,Vinicius Pereira,30,Administracao,Governador Valadares,MG,8.98
20268287,Lucas Barbosa,55,Matematica,Pirapora,SP,8.3
20268288,Matheus Alves,48,Agronomia,Juiz de Fora,ES,7.77
20268289,Caio Carvalho Moreira,18,Ciencia da Computacao,Porteirinha,DF,8.8
20268290,Yasmin Dias Ramos,36,Sistemas de Informacao,Vicosa,DF,6.81
20268291,Larissa Carvalho Costa,43,Quimica,Curvelo,DF,6.69
20268292,Samuel Barbosa Fernandes,54,Direito,Pirapora,BA,9.5
20268293,Amanda Rocha Rodrigues,36,Fisica,Diamantina,RJ,7.93
20268294,Carlos Souza Pinto Alves,27,Medicina,Lavras,SP,6.16
20268295,Daniela Lima Castro,49,Ciencia da Computacao,Lavras,ES,6.74
20268296,Gustavo Cardoso Santos,45,Fisica,Porteirinha,MG,5.38
20268297,Natalia Fernandes Monteiro Medeiros,43,Direito,Ouro Preto,DF,5.64
20268298,Natalia Moreira Castro Lima,34,Administracao,Salinas,MG,6.62
20268299,Gustavo Lopes Pereira Cavalcanti,19,Engenharia de Software,Brasilia de Minas,DF,7.37
20268300,Bruno Rocha Oliveira,38,Engenharia Eletrica,Janauba,ES,6.34
20268301,Daniela Lopes,39,Administracao,Teofilo Otoni,RJ,9.79
20268302,Eduardo Santos Andrade Oliveira,21,Matematica,Pirapora,RJ,8.95
20268303,Luana Andrade Lopes Mendes,27,Agronomia,Pirapora,RJ,7.37
20268304,Ana Monteiro Brito Monteiro,51,Engenharia de Software,Vicosa,ES,7.16
20268305,Eduardo Pereira Andrade,36,Medicina,Salinas,RJ,6.46
20268306,Amanda Moura Lima Moura,52,Analise e Desenvolvimento de Sistemas,Coronel Fabriciano,DF,8.87
20268307,Ana Oliveira Pinto,47,Engenharia de Software,Pirapora,DF,9.0
20268308,Leticia Lima Monteiro,49,Quimica,Sao Francisco,RJ,9.55
20268309,Felipe Cavalcanti Freitas,29,Fisica,Belo Horizonte,MG,8.37
20268310,Caio Cardoso Monteiro,44,Fisica,Pirapora,RJ,6.55
20268311,Gabriel Martins Silva,20,Quimica,Governador Valadares,BA,9.57
20268312,Guilherme Vieira,43,Sistemas de Informacao,Montes Claros,RJ,8.19
20268313,Luana Teixeira Lopes,44,Engenharia Eletrica,Curvelo,GO,6.5
20268314,Bruno Ribeiro,50,Quimica,Teofilo Otoni,ES,6.98
20268315,Rodrigo Silva Ribeiro Machado,37,Matematica,Almenara,DF,9.3
20268316,Pedro Rodrigues Nascimento,24,Fisica,Teofilo Otoni,BA,8.64
20268317,Camila Ferreira Mendes,47,Sistemas de Informacao,Curvelo,GO,8.17
20268318,Camila Martins Machado,32,Administracao,Lavras,MG,5.62
20268319,Pedro Gomes,38,Sistemas de Informacao,Uberlandia,MG,5.2
20268320,Felipe Alves Ribeiro,33,Ciencia da Computacao,Vicosa,BA,7.57
20268321,Leticia Souza Rodrigues Gomes,28,Engenharia Eletrica,Almenara,SP,8.07
20268322,Guilherme Nascimento Lima Alves,21,Engenharia Eletrica,Januaria,RJ,8.93
20268323,Mariana Souza Nascimento,21,Ciencia da Computacao,Curvelo,ES,5.39
20268324,Larissa Pereira Rocha,50,Ciencia da Computacao,Lavras,DF,6.82
20268325,Eduardo Rocha,19,Fisica,Brasilia de Minas,MG,5.81
20268326,Beatriz Souza,22,Engenharia Eletrica,Teofilo Otoni,ES,7.23
20268327,Beatriz Souza Moura Ribeiro,43,Direito,Januaria,BA,7.77
20268328,Rafaela Monteiro Silva,46,Matematica,Curvelo,MG,6.39
20268329,Natalia Alves Castro Ferreira,20,Engenharia de Software,Sao Francisco,MG,6.48
20268330,Felipe Teixeira Pereira,49,Medicina,Uberlandia,MG,5.21
20268331,Pedro Vieira Cavalcanti,33,Medicina,Governador Valadares,MG,9.0
20268332,Pedro Marques Ribeiro,37,Direito,Governador Valadares,ES,8.64
20268333,Pedro Martins Barbosa,48,Medicina,Montes Claros,DF,8.79
20268334,Eduardo Cardoso Monteiro Martins,40,Quimica,Uberlandia,BA,9.5
20268335,Tatiana Oliveira Andrade,51,Medicina,Lavras,ES,5.36
20268336,Caio Mendes Cardoso,23,Direito,Montes Claros,RJ,9.13
20268337,Isabela Machado Lima,47,Engenharia Eletrica,Januaria,DF,8.98
20268338,Carlos Vieira Ribeiro,20,Analise e Desenvolvimento de Sistemas,Montes Claros,RJ,6.01
20268339,Caio Almeida Monteiro Moreira,51,Sistemas de Informacao,Lavras,MG,6.58
20268340,Larissa Cavalcanti Santos Silva,47,Fisica,Ouro Preto,RJ,9.36
20268341,Isabela Castro Silva Souza,51,Medicina,Diamantina,SP,8.5
20268342,Daniela Mendes Barbosa,51,Engenharia Eletrica,Porteirinha,SP,9.54
20268343,Amanda Soares Fernandes,44,Quimica,Governador Valadares,BA,6.96
20268344,Olivia Castro,40,Engenharia Eletrica,Curvelo,GO,7.56
20268345,Pedro Cavalcanti Almeida Martins,35,Quimica,Governador Valadares,GO,6.49
20268346,Beatriz Ribeiro,54,Quimica,Governador Valadares,BA,7.26
20268347,Larissa Ferreira Martins,41,Agronomia,Governador Valadares,ES,9.72
20268348,Helena Nunes Santos,21,Engenharia Eletrica,Belo Horizonte,MG,5.57
20268349,Natalia Teixeira Mendes Rodrigues,52,Direito,Governador Valadares,DF,7.26
20268350,Amanda Costa Medeiros Lopes,21,Matematica,Januaria,DF,7.21
20268351,Alexandre Monteiro Barbosa,21,Ciencia da Computacao,Governador Valadares,GO,5.03
20268352,Mariana Dias Santos,55,Engenharia de Software,Uberlandia,GO,6.88
20268353,Beatriz Silva Marques,51,Matematica,Montes Claros,DF,9.4
20268354,Debora Costa Teixeira Moura,47,Analise e Desenvolvimento de Sistemas,Juiz de Fora,GO,7.74
20268355,Ana Soares,25,Matematica,Montes Claros,BA,9.9
20268356,Guilherme Alves Ramos Mendes,26,Analise e Desenvolvimento de Sistemas,Vicosa,ES,8.1
20268357,Carlos Medeiros Silva Dias,32,Analise e Desenvolvimento de Sistemas,Januaria,MG,8.31
20268358,Helena Moura,45,Engenharia de Software,Juiz de Fora,MG,6.27
20268359,Alexandre Oliveira Costa,31,Engenharia Eletrica,Diamantina,DF,7.2
20268360,Vinicius Fernandes Ramos Pereira,40,Administracao,Sao Francisco,MG,6.07
20268361,Alexandre Santos Silva,48,Engenharia de Software,Ouro Preto,ES,6.09
20268362,Isabela Cavalcanti Gomes,21,Engenharia Eletrica,Almenara,MG,5.71
20268363,Gabriel Rocha Gomes Nunes,29,Ciencia da Computacao,Vicosa,GO,9.52
20268364,Matheus Medeiros Andrade Ramos,38,Fisica,Juiz de Fora,MG,8.58
20268365,Gustavo Mendes Gomes,41,Ciencia da Computacao,Montes Claros,RJ,9.16
20268366,Isabela Dias Teixeira,46,Quimica,Curvelo,SP,7.89
20268367,Olivia Pereira,40,Engenharia Eletrica,Pirapora,MG,9.3
20268368,Leticia Ferreira Ramos Teixeira,30,Engenharia Eletrica,Diamantina,SP,9.14
20268369,Luana Souza,55,Quimica,Belo Horizonte,GO,8.78
20268370,Helena Cardoso Marques,41,Agronomia,Lavras,MG,7.58
20268371,Rafaela Freitas Moreira,19,Administracao,Salinas,GO,8.44
20268372,Caio Dias,21,Direito,Sao Francisco,ES,6.3
20268373,Helena Cardoso,52,Sistemas de Informacao,Uberlandia,SP,9.66
20268374,Nicolas Fernandes Fernandes Barbosa,31,Engenharia de Software,Januaria,BA,9.34
20268375,Alexandre Pinto Castro,23,Ciencia da Computacao,Lavras,RJ,7.22
20268376,Isabela Moreira Lopes,38,Direito,Curvelo,MG,9.13
20268377,Rodrigo Rodrigues Cavalcanti Machado,51,Analise e Desenvolvimento de Sistemas,Teofilo Otoni,MG,5.05
20268378,Olivia Monteiro Nunes Dias,36,Analise e Desenvolvimento de Sistemas,Juiz de Fora,MG,5.52
20268379,Flavia Castro,55,Sistemas de Informacao,Lavras,ES,7.25
20268380,Samuel Medeiros,46,Administracao,Salinas,ES,8.82
20268381,Felipe Ramos Cardoso,42,Ciencia da Computacao,Pirapora,BA,5.5
20268382,Felipe Machado Lima Soares,41,Analise e Desenvolvimento de Sistemas,Salinas,MG,9.48
20268383,Gabriel Cavalcanti Lima Moreira,39,Sistemas de Informacao,Teofilo Otoni,DF,7.23
20268384,Flavia Moura Soares,44,Administracao,Uberlandia,SP,9.21
20268385,Samuel Oliveira Vieira,29,Fisica,Curvelo,MG,8.16
20268386,Joao Fernandes Pinto,46,Analise e Desenvolvimento de Sistemas,Uberlandia,SP,6.78
20268387,Eduardo Costa Ferreira,28,Engenharia de Software,Governador Valadares,ES,8.57
20268388,Yasmin Rodrigues Rocha,40,Direito,Almenara,MG,8.32
20268389,Eduardo Brito Ferreira Lopes,55,Administracao,Lavras,BA,8.93
20268390,Daniela Costa Teixeira Costa,54,Direito,Uberlandia,RJ,8.55
20268391,Bruno Ramos,23,Fisica,Salinas,BA,9.64
20268392,Pedro Martins,44,Administracao,Lavras,DF,9.2
20268393,Gustavo Vieira Castro,27,Direito,Ouro Preto,BA,7.09
20268394,Vinicius Ramos Martins,28,Engenharia de Software,Janauba,RJ,5.56
20268395,Beatriz Andrade Fernandes Medeiros,45,Agronomia,Porteirinha,RJ,5.77
20268396,Flavia Oliveira Soares,22,Quimica,Teofilo Otoni,ES,5.45
20268397,Natalia Ferreira Moreira,55,Matematica,Brasilia de Minas,SP,6.52
20268398,Leticia Martins Pinto,42,Analise e Desenvolvimento de Sistemas,Teofilo Otoni,SP,7.42
20268399,Yasmin Costa Pinto Andrade,38,Quimica,Porteirinha,RJ,9.65
20268400,Carlos Mendes,32,Engenharia Eletrica,Coronel Fabriciano,ES,5.21
20268401,Leticia Ribeiro,35,Sistemas de Informacao,Diamantina,ES,8.11
20268402,Joao Nunes Cardoso,38,Analise e Desenvolvimento de Sistemas,Almenara,ES,7.78
20268403,Thiago Alves Monteiro,48,Quimica,Janauba,ES,7.81
20268404,Camila Barbosa Pereira,55,Fisica,Brasilia de Minas,ES,5.9
20268405,Vinicius Pereira Rodrigues,51,Agronomia,Montes Claros,DF,6.14
20268406,Joao Oliveira Santos,45,Engenharia Eletrica,Uberlandia,ES,6.05
20268407,Natalia Lopes Teixeira Rodrigues,19,Quimica,Coronel Fabriciano,BA,7.44
20268408,Joao Costa,22,Agronomia,Sao Francisco,MG,7.75
20268409,Eduardo Nunes,33,Engenharia de Software,Januaria,SP,6.38
20268410,Rodrigo Rocha Brito,19,Engenharia Eletrica,Vicosa,SP,9.77
20268411,Daniela Silva Rodrigues Freitas,41,Medicina,Montes Claros,SP,7.9
20268412,Joao Monteiro Pereira,36,Engenharia Eletrica,Almenara,RJ,9.62
20268413,Debora Lopes,30,Agronomia,Vicosa,ES,9.54
20268414,Rafaela Pinto Costa,25,Sistemas de Informacao,Diamantina,ES,8.29
20268415,Fernanda Monteiro Ramos Fernandes,20,Ciencia da Computacao,Vicosa,SP,6.09
20268416,Lucas Cavalcanti,34,Analise e Desenvolvimento de Sistemas,Teofilo Otoni,BA,8.24
20268417,Olivia Rocha Moreira,48,Sistemas de Informacao,Curvelo,SP,6.34
20268418,Matheus Ribeiro,26,Sistemas de Informacao,Uberlandia,SP,9.57
20268419,Rafaela Lopes,32,Engenharia de Software,Diamantina,BA,8.1
20268420,Olivia Ribeiro,26,Sistemas de Informacao,Juiz de Fora,SP,6.84
20268421,Caio Moura Carvalho,37,Fisica,Porteirinha,GO,9.44
20268422,Pedro Santos Brito Teixeira,23,Quimica,Lavras,DF,5.41
20268423,Juliana Vieira Gomes Fernandes,25,Sistemas de Informacao,Governador Valadares,RJ,9.81
20268424,Gustavo Ramos Andrade,28,Sistemas de Informacao,Lavras,GO,7.49
20268425,Luana Almeida,55,Direito,Porteirinha,ES,7.68
20268426,Gustavo Ribeiro Brito Almeida,44,Direito,Juiz de Fora,ES,6.8
20268427,Caio Dias,35,Quimica,Governador Valadares,SP,6.39
20268428,Juliana Castro Freitas Almeida,49,Sistemas de Informacao,Uberlandia,ES,5.92
20268429,Olivia Soares Cavalcanti Carvalho,30,Direito,Sao Francisco,SP,9.85
20268430,Pedro Ramos Cavalcanti,39,Engenharia Eletrica,Diamantina,ES,5.96
20268431,Gabriel Moreira Dias Carvalho,25,Sistemas de Informacao,Uberlandia,SP,6.7
20268432,Luana Moreira Mendes,40,Direito,Januaria,SP,7.34
20268433,Matheus Ferreira Andrade Brito,23,Fisica,Ouro Preto,BA,9.45
20268434,Pedro Almeida Andrade Nunes,28,Fisica,Sao Francisco,SP,5.08
20268435,Leticia Barbosa Pereira,21,Quimica,Diamantina,GO,6.28
20268436,Pedro Mendes,30,Fisica,Almenara,MG,9.58
20268437,Igor Lima Oliveira,23,Direito,Diamantina,DF,7.65
20268438,Igor Machado,20,Administracao,Ouro Preto,RJ,8.08
20268439,Leticia Marques Marques Almeida,18,Direito,Montes Claros,ES,8.05
20268440,Vinicius Cavalcanti Cavalcanti,44,Analise e Desenvolvimento de Sistemas,Governador Valadares,GO,7.99
20268441,Alexandre Machado Monteiro Alves,54,Sistemas de Informacao,Governador Valadares,ES,8.73
20268442,Fernanda Ferreira Santos,26,Matematica,Lavras,SP,7.85
20268443,Nicolas Rocha Silva,54,Analise e Desenvolvimento de Sistemas,Almenara,RJ,6.81
20268444,Enzo Castro,36,Agronomia,Coronel Fabriciano,BA,9.28
20268445,Daniela Ferreira Lopes,18,Administracao,Janauba,DF,5.97
20268446,Gustavo Nunes,22,Engenharia Eletrica,Ouro Preto,RJ,6.86
20268447,Helena Rodrigues Dias Ferreira,42,Engenharia de Software,Porteirinha,RJ,8.91
20268448,Juliana Martins Brito,44,Medicina,Governador Valadares,RJ,7.75
20268449,Bruno Souza Moura,18,Ciencia da Computacao,Brasilia de Minas,RJ,5.02
20268450,Guilherme Oliveira,18,Agronomia,Lavras,DF,9.22
20268451,Nicolas Medeiros Ferreira,30,Quimica,Porteirinha,ES,7.25
20268452,Bruno Andrade,31,Agronomia,Lavras,ES,8.16
20268453,Gabriel Costa Brito,18,Engenharia de Software,Porteirinha,BA,7.46
20268454,Juliana Lopes Marques Pereira,45,Ciencia da Computacao,Salinas,MG,8.25
20268455,Natalia Gomes Monteiro,31,Quimica,Ouro Preto,BA,5.34
20268456,Gabriel Oliveira Alves Andrade,24,Ciencia da Computacao,Uberlandia,MG,9.17
20268457,Rodrigo Barbosa Medeiros,48,Fisica,Montes Claros,SP,9.6
20268458,Carlos Pinto Mendes,47,Fisica,Coronel Fabriciano,DF,9.45
20268459,Rafaela Alves Oliveira,21,Matematica,Brasilia de Minas,SP,5.99
20268460,Tatiana Lima Lima,31,Administracao,Janauba,GO,8.96
20268461,Fernanda Soares,48,Quimica,Teofilo Otoni,GO,8.32
20268462,Enzo Gomes,30,Analise e Desenvolvimento de Sistemas,Almenara,DF,7.25
20268463,Carlos Pinto Fernandes Barbosa,34,Agronomia,Diamantina,MG,7.43
20268464,Vinicius Pinto Carvalho Marques,18,Engenharia Eletrica,Coronel Fabriciano,MG,7.14
20268465,Enzo Almeida Santos,49,Analise e Desenvolvimento de Sistemas,Juiz de Fora,BA,5.74
20268466,Alexandre Cardoso Andrade Cavalcanti,34,Agronomia,Diamantina,RJ,6.02
20268467,Carlos Alves,31,Agronomia,Governador Valadares,ES,7.67
20268468,Thiago Rocha,46,Agronomia,Lavras,BA,5.85
20268469,Pedro Dias Moura,45,Sistemas de Informacao,Belo Horizonte,SP,9.81
20268470,Igor Almeida,36,Sistemas de Informacao,Almenara,RJ,6.48
20268471,Samuel Fernandes,27,Analise e Desenvolvimento de Sistemas,Montes Claros,SP,6.87
20268472,Beatriz Mendes Mendes,44,Ciencia da Computacao,Coronel Fabriciano,MG,8.1
20268473,Helena Ramos,34,Analise e Desenvolvimento de Sistemas,Brasilia de Minas,BA,5.61
20268474,Rafaela Brito Cavalcanti,50,Matematica,Belo Horizonte,GO,9.71
20268475,Gabriel Machado,44,Engenharia de Software,Coronel Fabriciano,RJ,9.64
20268476,Juliana Nunes,53,Direito,Brasilia de Minas,GO,7.74
20268477,Gabriel Mendes,45,Fisica,Uberlandia,MG,5.72
20268478,Enzo Monteiro Rocha,55,Direito,Coronel Fabriciano,RJ,6.48
20268479,Lucas Machado Andrade,20,Sistemas de Informacao,Ouro Preto,BA,7.32
20268480,Yasmin Marques Brito Fernandes,52,Sistemas de Informacao,Janauba,GO,6.43
20268481,Enzo Lopes Vieira,36,Direito,Ouro Preto,BA,5.2
20268482,Natalia Moreira,50,Analise e Desenvolvimento de Sistemas,Sao Francisco,DF,5.78
20268483,Camila Rodrigues Lopes Ramos,26,Fisica,Porteirinha,BA,9.3
20268484,Vinicius Marques,41,Analise e Desenvolvimento de Sistemas,Janauba,BA,5.33
20268485,Daniela Dias Cardoso,26,Administracao,Vicosa,RJ,7.8
20268486,Carlos Souza,27,Quimica,Januaria,BA,5.19
20268487,Daniela Ramos,47,Matematica,Montes Claros,GO,5.14
20268488,Fernanda Andrade,30,Sistemas de Informacao,Diamantina,ES,7.66
20268489,Thiago Brito,39,Medicina,Janauba,MG,9.55
20268490,Lucas Ramos Pereira,53,Engenharia Eletrica,Januaria,RJ,5.98
20268491,Debora Vieira Fernandes,52,Ciencia da Computacao,Uberlandia,RJ,7.2
20268492,Tatiana Machado Lima Brito,20,Fisica,Uberlandia,SP,5.31
20268493,Igor Nunes Rocha,34,Direito,Belo Horizonte,RJ,5.18
20268494,Eduardo Barbosa,25,Medicina,Almenara,BA,7.72
20268495,Camila Ramos Souza,19,Ciencia da Computacao,Curvelo,ES,6.67
20268496,Daniela Marques Castro Carvalho,39,Fisica,Vicosa,RJ,6.18
20268497,Helena Ribeiro Martins,38,Engenharia de Software,Belo Horizonte,GO,6.05
20268498,Flavia Gomes,18,Analise e Desenvolvimento de Sistemas,Vicosa,RJ,5.27
20268499,Carlos Ramos Oliveira,46,Analise e Desenvolvimento de Sistemas,Vicosa,BA,9.41
20268500,Felipe Oliveira Lopes,23,Administracao,Governador Valadares,GO,7.17
20268501,Gustavo Silva,35,Administracao,Uberlandia,MG,5.22
20268502,Rafaela Rodrigues Pinto,55,Engenharia de Software,Curvelo,BA,9.8
20268503,Gustavo Rodrigues Moreira,23,Medicina,Governador Valadares,MG,5.92
20268504,Luana Monteiro Gomes,44,Fisica,Teofilo Otoni,BA,9.63
20268505,Beatriz Mendes Barbosa,24,Matematica,Porteirinha,GO,6.69
20268506,Carlos Moura Brito,20,Administracao,Coronel Fabriciano,MG,6.14
20268507,Ana Pinto Ferreira,42,Engenharia Eletrica,Uberlandia,ES,6.07
20268508,Nicolas Lopes Moreira,30,Engenharia de Software,Janauba,DF,8.9
20268509,Tatiana Almeida Martins,29,Quimica,Coronel Fabriciano,SP,6.36
20268510,Rodrigo Alves Nunes Barbosa,55,Engenharia de Software,Uberlandia,MG,8.87
20268511,Rodrigo Marques Monteiro Pereira,38,Matematica,Pirapora,SP,7.02
20268512,Bruno Ramos Pinto,34,Matematica,Pirapora,RJ,8.2
20268513,Bruno Machado Santos Cavalcanti,24,Sistemas de Informacao,Sao Francisco,RJ,9.19
20268514,Juliana Brito Moura,28,Sistemas de Informacao,Porteirinha,ES,7.86
20268515,Eduardo Barbosa Cardoso Souza,44,Direito,Sao Francisco,ES,6.92
20268516,Bruno Santos Ribeiro,25,Fisica,Curvelo,GO,7.21
20268517,Guilherme Barbosa Mendes,18,Fisica,Brasilia de Minas,GO,7.73
20268518,Fernanda Nunes Dias,43,Engenharia Eletrica,Almenara,SP,7.14
20268519,Guilherme Pinto,40,Engenharia Eletrica,Almenara,DF,6.82
20268520,Igor Teixeira Santos,29,Administracao,Pirapora,DF,8.94
20268521,Mariana Gomes Moura Vieira,49,Engenharia de Software,Coronel Fabriciano,ES,7.38
20268522,Helena Carvalho Machado,51,Engenharia Eletrica,Governador Valadares,SP,9.41
20268523,Tatiana Fernandes Moreira,32,Medicina,Ouro Preto,MG,9.01
20268524,Igor Mendes Lima Brito,23,Direito,Pirapora,SP,5.61
20268525,Mariana Brito,20,Medicina,Lavras,ES,9.59
20268526,Eduardo Pinto Martins,43,Fisica,Teofilo Otoni,RJ,8.09
20268527,Olivia Ferreira Almeida Barbosa,55,Engenharia de Software,Uberlandia,MG,7.28
20268528,Rodrigo Costa,39,Sistemas de Informacao,Pirapora,ES,8.24
20268529,Beatriz Costa Lima,28,Matematica,Belo Horizonte,MG,9.66
20268530,Mariana Almeida Ferreira,23,Medicina,Brasilia de Minas,RJ,9.01
20268531,Joao Silva Soares,54,Agronomia,Lavras,GO,9.86
20268532,Mariana Santos,42,Fisica,Januaria,SP,9.05
20268533,Yasmin Lopes Costa,50,Engenharia de Software,Sao Francisco,DF,8.16
20268534,Gustavo Medeiros Carvalho Cavalcanti,47,Quimica,Lavras,ES,6.32
20268535,Joao Vieira,54,Engenharia Eletrica,Porteirinha,ES,7.21
20268536,Mariana Mendes Carvalho Silva,18,Matematica,Teofilo Otoni,MG,9.08
20268537,Leticia Ramos,21,Administracao,Governador Valadares,GO,8.07
20268538,Thiago Gomes,35,Ciencia da Computacao,Salinas,MG,6.85
20268539,Bruno Ferreira Marques Cavalcanti,20,Direito,Diamantina,BA,9.49
20268540,Thiago Freitas,41,Fisica,Januaria,RJ,7.4
20268541,Leticia Brito,19,Administracao,Uberlandia,SP,8.15
20268542,Isabela Andrade Andrade,32,Engenharia de Software,Montes Claros,MG,8.91
20268543,Natalia Ferreira Marques,22,Direito,Almenara,DF,7.24
20268544,Luana Medeiros Dias,34,Analise e Desenvolvimento de Sistemas,Salinas,GO,8.07
20268545,Gabriel Rodrigues Cavalcanti,44,Matematica,Lavras,MG,9.33
20268546,Mariana Pereira Teixeira Andrade,54,Sistemas de Informacao,Curvelo,BA,5.25
20268547,Vinicius Fernandes,27,Sistemas de Informacao,Curvelo,SP,7.02
20268548,Luana Freitas Nunes Alves,44,Administracao,Pirapora,MG,7.62
20268549,Daniela Ferreira Santos,54,Sistemas de Informacao,Januaria,DF,8.91
20268550,Leticia Machado Nunes,38,Medicina,Vicosa,MG,7.98
20268551,Beatriz Cardoso Costa Medeiros,20,Analise e Desenvolvimento de Sistemas,Porteirinha,MG,8.2
20268552,Alexandre Rodrigues Freitas,42,Direito,Diamantina,GO,7.34
20268553,Lucas Nascimento Pinto Santos,43,Analise e Desenvolvimento de Sistemas,Sao Francisco,ES,8.4
20268554,Helena Andrade,22,Fisica,Januaria,MG,7.97
20268555,Gabriel Ribeiro Brito Pinto,51,Sistemas de Informacao,Porteirinha,ES,9.54
20268556,Olivia Ferreira Alves,18,Analise e Desenvolvimento de Sistemas,Janauba,ES,5.13
20268557,Fernanda Souza Pinto,23,Sistemas de Informacao,Januaria,GO,6.24
20268558,Amanda Almeida Teixeira,48,Matematica,Sao Francisco,ES,9.47
20268559,Camila Barbosa Rocha,33,Medicina,Porteirinha,DF,6.92
20268560,Luana Marques Moreira Ribeiro,30,Quimica,Januaria,MG,5.93
20268561,Flavia Martins Freitas,40,Direito,Januaria,ES,5.34
20268562,Felipe Silva,47,Direito,Ouro Preto,BA,6.05
20268563,Mariana Marques Rodrigues,36,Quimica,Brasilia de Minas,RJ,6.29
20268564,Caio Andrade Mendes Nascimento,32,Engenharia Eletrica,Januaria,MG,9.57
20268565,Isabela Monteiro Castro Mendes,37,Sistemas de Informacao,Vicosa,SP,7.18
20268566,Camila Castro,22,Sistemas de Informacao,Sao Francisco,SP,5.64
20268567,Flavia Nascimento,30,Matematica,Vicosa,ES,6.23
20268568,Ana Rodrigues Dias,53,Fisica,Uberlandia,DF,9.58
20268569,Vinicius Medeiros Costa,46,Sistemas de Informacao,Sao Francisco,SP,6.62
20268570,Camila Martins Gomes Fernandes,19,Sistemas de Informacao,Belo Horizonte,MG,9.78
20268571,Eduardo Lima Costa Pinto,36,Analise e Desenvolvimento de Sistemas,Governador Valadares,RJ,5.52
20268572,Alexandre Oliveira Alves Souza,27,Fisica,Diamantina,ES,6.46
20268573,Igor Pinto Souza,21,Matematica,Brasilia de Minas,MG,5.6
20268574,Samuel Brito Alves Medeiros,29,Agronomia,Belo Horizonte,BA,6.45
20268575,Gabriel Pereira Silva,55,Quimica,Uberlandia,GO,9.11
20268576,Mariana Vieira Brito,22,Engenharia Eletrica,Uberlandia,ES,9.23
20268577,Yasmin Freitas Monteiro,46,Direito,Uberlandia,BA,7.98
20268578,Enzo Mendes Castro,31,Ciencia da Computacao,Juiz de Fora,BA,5.58
20268579,Natalia Monteiro Ribeiro Rodrigues,55,Quimica,Almenara,RJ,7.96
20268580,Daniela Nunes,50,Fisica,Porteirinha,DF,6.93
20268581,Natalia Lopes,37,Medicina,Juiz de Fora,RJ,5.93
20268582,Rodrigo Freitas Martins Alves,23,Engenharia Eletrica,Belo Horizonte,SP,6.41
20268583,Alexandre Monteiro Moreira,48,Engenharia de Software,Janauba,RJ,8.89
20268584,Yasmin Almeida Pereira Carvalho,28,Agronomia,Pirapora,DF,8.65
20268585,Eduardo Martins Marques Teixeira,29,Analise e Desenvolvimento de Sistemas,Diamantina,GO,8.55
20268586,Carlos Vieira Machado,18,Agronomia,Brasilia de Minas,RJ,8.35
20268587,Yasmin Oliveira Cardoso,26,Engenharia de Software,Lavras,DF,9.03
20268588,Gabriel Teixeira Cardoso Brito,48,Engenharia Eletrica,Vicosa,ES,9.5
20268589,Samuel Monteiro Ferreira,38,Quimica,Teofilo Otoni,RJ,7.21
20268590,Caio Costa,49,Medicina,Montes Claros,RJ,8.11
20268591,Isabela Ferreira Lopes Ribeiro,20,Engenharia de Software,Januaria,DF,9.27
20268592,Rafaela Costa Costa,30,Administracao,Teofilo Otoni,GO,7.48
20268593,Amanda Freitas,54,Matematica,Salinas,DF,5.51
20268594,Bruno Cardoso,32,Administracao,Coronel Fabriciano,MG,8.91
20268595,Flavia Freitas Pereira Pinto,46,Matematica,Uberlandia,DF,9.76
20268596,Eduardo Moreira Ribeiro,43,Administracao,Vicosa,MG,8.71
20268597,Felipe Ribeiro,44,Fisica,Sao Francisco,ES,7.42
20268598,Olivia Costa,25,Sistemas de Informacao,Juiz de Fora,MG,8.27
20268599,Fernanda Nascimento Pereira Brito,46,Fisica,Montes Claros,ES,9.13
20268600,Larissa Almeida Alves Machado,48,Analise e Desenvolvimento de Sistemas,Porteirinha,ES,8.04
20268601,Samuel Gomes Machado,49,Agronomia,Uberlandia,GO,5.45
20268602,Tatiana Silva Rocha,37,Agronomia,Sao Francisco,GO,5.55
20268603,Gabriel Lima,42,Agronomia,Vicosa,BA,7.3
20268604,Tatiana Brito,50,Direito,Vicosa,MG,9.45
20268605,Camila Castro Lima,49,Agronomia,Pirapora,GO,5.71
20268606,Rodrigo Almeida Carvalho,54,Fisica,Curvelo,MG,7.9
20268607,Amanda Carvalho Marques Teixeira,44,Engenharia de Software,Teofilo Otoni,MG,6.55
20268608,Igor Nunes,22,Ciencia da Computacao,Curvelo,GO,5.32
20268609,Juliana Cardoso,49,Medicina,Coronel Fabriciano,GO,9.47
20268610,Thiago Monteiro,31,Direito,Uberlandia,GO,8.07
20268611,Lucas Marques Barbosa,28,Administracao,Uberlandia,DF,7.21
20268612,Fernanda Soares Lima,30,Medicina,Almenara,RJ,8.31
20268613,Rafaela Vieira Oliveira,47,Engenharia Eletrica,Coronel Fabriciano,BA,8.76
20268614,Isabela Soares Cardoso,51,Quimica,Brasilia de Minas,ES,7.13
20268615,Enzo Soares Pereira,32,Engenharia Eletrica,Montes Claros,RJ,6.97
20268616,Carlos Gomes Brito Ramos,27,Matematica,Brasilia de Minas,SP,5.58
20268617,Caio Marques Silva Castro,55,Ciencia da Computacao,Salinas,GO,6.28
20268618,Flavia Monteiro Rodrigues,21,Administracao,Janauba,DF,7.91
20268619,Ana Carvalho Nunes Carvalho,27,Administracao,Teofilo Otoni,BA,7.33
20268620,Vinicius Carvalho,27,Sistemas de Informacao,Uberlandia,MG,9.77
20268621,Tatiana Moreira Ribeiro,36,Ciencia da Computacao,Coronel Fabriciano,GO,7.53
20268622,Beatriz Castro Soares Nascimento,51,Direito,Januaria,DF,5.71
20268623,Matheus Rodrigues Oliveira Dias,42,Engenharia de Software,Januaria,GO,5.11
20268624,Yasmin Alves Andrade,51,Administracao,Vicosa,ES,6.56
20268625,Bruno Cavalcanti,49,Quimica,Porteirinha,DF,5.49
20268626,Debora Santos Freitas Dias,49,Administracao,Porteirinha,SP,7.83
20268627,Thiago Ribeiro Alves,37,Agronomia,Pirapora,ES,6.93
20268628,Tatiana Souza,36,Analise e Desenvolvimento de Sistemas,Coronel Fabriciano,SP,6.43
20268629,Amanda Rodrigues Machado,21,Ciencia da Computacao,Teofilo Otoni,GO,5.68
20268630,Beatriz Machado Ramos,28,Administracao,Coronel Fabriciano,BA,6.48
20268631,Gabriel Freitas Cavalcanti Rodrigues,37,Agronomia,Januaria,ES,7.99
20268632,Debora Monteiro Moreira Alves,37,Administracao,Governador Valadares,BA,8.22
20268633,Helena Rodrigues Pinto Almeida,42,Agronomia,Juiz de Fora,DF,6.78
20268634,Fernanda Costa Ribeiro,50,Direito,Uberlandia,RJ,5.06
20268635,Yasmin Cardoso Rodrigues,52,Administracao,Curvelo,SP,8.23
20268636,Gustavo Souza Soares,20,Agronomia,Januaria,ES,9.49
20268637,Camila Almeida,38,Quimica,Janauba,GO,7.36
20268638,Larissa Oliveira Pinto,31,Engenharia Eletrica,Governador Valadares,MG,8.56
20268639,Eduardo Gomes Dias Pinto,39,Analise e Desenvolvimento de Sistemas,Janauba,BA,8.08
20268640,Vinicius Pereira Costa Machado,44,Administracao,Teofilo Otoni,GO,5.22
20268641,Alexandre Nunes Marques,20,Matematica,Montes Claros,GO,5.75
20268642,Yasmin Rodrigues Rodrigues,22,Quimica,Pirapora,GO,5.64
20268643,Carlos Gomes,42,Engenharia Eletrica,Janauba,SP,9.28
20268644,Juliana Freitas Mendes,23,Fisica,Porteirinha,MG,9.38
20268645,Caio Lima Moura,52,Direito,Uberlandia,SP,8.58
20268646,Rodrigo Santos Brito,19,Quimica,Porteirinha,ES,8.4
20268647,Bruno Dias,24,Quimica,Lavras,SP,9.07
20268648,Enzo Fernandes Alves Martins,49,Sistemas de Informacao,Ouro Preto,MG,5.52
20268649,Eduardo Barbosa,34,Agronomia,Ouro Preto,RJ,9.63
20268650,Rodrigo Oliveira Ribeiro,38,Medicina,Porteirinha,ES,6.68
20268651,Thiago Castro Mendes Dias,29,Administracao,Sao Francisco,DF,8.95
20268652,Daniela Nascimento Marques,26,Agronomia,Brasilia de Minas,SP,9.22
20268653,Juliana Brito,20,Quimica,Ouro Preto,MG,8.46
20268654,Gustavo Marques Ribeiro,33,Matematica,Janauba,GO,8.84
20268655,Isabela Ferreira Martins Moreira,23,Medicina,Pirapora,MG,9.42
20268656,Natalia Soares,54,Fisica,Almenara,MG,8.91
20268657,Luana Marques Brito Teixeira,42,Ciencia da Computacao,Januaria,GO,8.51
20268658,Alexandre Mendes Ferreira,41,Medicina,Janauba,RJ,5.68
20268659,Thiago Vieira Ramos,44,Engenharia de Software,Uberlandia,DF,9.9
20268660,Vinicius Dias Freitas,50,Medicina,Governador Valadares,DF,8.43
20268661,Ana Pinto Dias Pereira,53,Ciencia da Computacao,Curvelo,SP,7.92
20268662,Daniela Nascimento Moreira Santos,31,Sistemas de Informacao,Coronel Fabriciano,DF,9.24
20268663,Igor Dias Alves,21,Analise e Desenvolvimento de Sistemas,Pirapora,SP,9.18
20268664,Larissa Oliveira,33,Analise e Desenvolvimento de Sistemas,Montes Claros,DF,9.65
20268665,Matheus Cardoso Marques,44,Agronomia,Ouro Preto,DF,7.18
20268666,Vinicius Ferreira,21,Agronomia,Januaria,ES,8.24
20268667,Matheus Gomes,54,Matematica,Uberlandia,RJ,5.84
20268668,Camila Dias Nascimento,25,Medicina,Juiz de Fora,MG,9.6
20268669,Vinicius Medeiros Ferreira,46,Engenharia Eletrica,Januaria,MG,6.14
20268670,Beatriz Ramos Oliveira,39,Agronomia,Diamantina,GO,6.07
20268671,Yasmin Pinto Fernandes Lopes,49,Engenharia de Software,Vicosa,SP,5.29
20268672,Leticia Dias Carvalho,54,Matematica,Teofilo Otoni,ES,6.96
20268673,Amanda Almeida Soares,23,Engenharia Eletrica,Sao Francisco,BA,6.74
20268674,Gabriel Nunes Nascimento,21,Administracao,Brasilia de Minas,BA,8.46
20268675,Bruno Nascimento Vieira Souza,43,Matematica,Uberlandia,SP,5.49
20268676,Enzo Monteiro Ribeiro,47,Sistemas de Informacao,Janauba,RJ,8.74
20268677,Rafaela Brito Lopes Oliveira,21,Matematica,Almenara,GO,5.76
20268678,Eduardo Ferreira Cardoso Cardoso,25,Medicina,Sao Francisco,GO,5.94
20268679,Rafaela Pereira Cardoso Vieira,28,Engenharia Eletrica,Pirapora,SP,5.65
20268680,Amanda Costa Machado Castro,33,Administracao,Montes Claros,ES,7.88
20268681,Nicolas Brito,41,Medicina,Pirapora,BA,5.46
20268682,Thiago Cavalcanti Machado Cavalcanti,51,Administracao,Belo Horizonte,SP,7.92
20268683,Pedro Silva,48,Medicina,Coronel Fabriciano,DF,7.2
20268684,Larissa Ramos Oliveira,43,Engenharia de Software,Almenara,BA,6.8
20268685,Debora Rodrigues Machado,19,Analise e Desenvolvimento de Sistemas,Pirapora,BA,5.31
20268686,Fernanda Barbosa Soares,26,Quimica,Belo Horizonte,ES,9.52
20268687,Tatiana Souza Lopes,26,Direito,Porteirinha,MG,6.68
20268688,Mariana Gomes Andrade,41,Matematica,Almenara,DF,5.67
20268689,Luana Ribeiro,18,Direito,Brasilia de Minas,SP,5.38
20268690,Camila Moreira,28,Matematica,Vicosa,ES,9.1
20268691,Rodrigo Vieira Rocha Martins,51,Engenharia Eletrica,Teofilo Otoni,DF,7.8
20268692,Isabela Machado,21,Engenharia de Software,Montes Claros,GO,9.25
20268693,Bruno Pinto Monteiro Pinto,32,Quimica,Uberlandia,ES,8.6
20268694,Matheus Gomes,22,Medicina,Salinas,ES,9.22
20268695,Larissa Vieira Soares,20,Ciencia da Computacao,Januaria,SP,6.24
20268696,Fernanda Costa Lima Costa,44,Engenharia de Software,Curvelo,BA,6.09
20268697,Yasmin Barbosa Nascimento,20,Analise e Desenvolvimento de Sistemas,Lavras,ES,9.4
20268698,Isabela Fernandes Brito,55,Medicina,Teofilo Otoni,GO,9.4
20268699,Alexandre Martins,48,Direito,Brasilia de Minas,DF,5.89
20268700,Joao Rodrigues Moreira,36,Agronomia,Porteirinha,BA,8.72
20268701,Caio Vieira,43,Sistemas de Informacao,Coronel Fabriciano,MG,6.58
20268702,Debora Nascimento Nascimento,52,Agronomia,Janauba,ES,7.89
20268703,Camila Medeiros Souza Almeida,35,Direito,Juiz de Fora,GO,9.57
20268704,Luana Medeiros Nascimento,53,Medicina,Belo Horizonte,GO,7.98
20268705,Gabriel Pereira Rodrigues Almeida,21,Agronomia,Belo Horizonte,BA,8.61
20268706,Mariana Alves Machado Alves,46,Administracao,Almenara,SP,9.63
20268707,Thiago Freitas Carvalho Alves,19,Sistemas de Informacao,Governador Valadares,ES,8.12
20268708,Gabriel Gomes Machado,38,Sistemas de Informacao,Lavras,MG,5.01
20268709,Joao Vieira,52,Agronomia,Ouro Preto,RJ,5.37
20268710,Samuel Moura,36,Ciencia da Computacao,Porteirinha,DF,6.21
20268711,Leticia Souza Souza Cavalcanti,42,Administracao,Uberlandia,SP,7.54
20268712,Alexandre Carvalho Brito,33,Administracao,Almenara,BA,9.29
20268713,Rafaela Brito Carvalho,42,Engenharia de Software,Uberlandia,ES,6.71
20268714,Yasmin Machado Andrade,54,Sistemas de Informacao,Montes Claros,SP,6.47
20268715,Debora Souza Freitas,31,Sistemas de Informacao,Sao Francisco,RJ,7.95
20268716,Luana Souza Cardoso,48,Sistemas de Informacao,Uberlandia,ES,5.63
20268717,Igor Oliveira,43,Administracao,Almenara,RJ,9.82
20268718,Beatriz Oliveira Ramos Silva,22,Sistemas de Informacao,Januaria,MG,9.18
20268719,Matheus Andrade Moura,50,Sistemas de Informacao,Almenara,BA,7.35
20268720,Rodrigo Rocha Pinto,32,Engenharia Eletrica,Vicosa,ES,9.3
20268721,Rodrigo Cardoso Carvalho,35,Ciencia da Computacao,Sao Francisco,BA,7.65
20268722,Flavia Mendes Freitas Silva,30,Direito,Belo Horizonte,RJ,7.77
20268723,Matheus Gomes Monteiro,20,Analise e Desenvolvimento de Sistemas,Uberlandia,RJ,9.32
20268724,Thiago Medeiros Medeiros Soares,43,Quimica,Sao Francisco,DF,5.16
20268725,Beatriz Cardoso,51,Sistemas de Informacao,Teofilo Otoni,BA,8.14
20268726,Luana Freitas Oliveira,52,Analise e Desenvolvimento de Sistemas,Brasilia de Minas,MG,7.13
20268727,Luana Andrade Almeida,43,Engenharia de Software,Brasilia de Minas,MG,6.33
20268728,Natalia Mendes Vieira Dias,54,Quimica,Curvelo,SP,5.59
20268729,Enzo Teixeira Silva,52,Matematica,Lavras,ES,9.48
20268730,Amanda Martins Costa Santos,46,Matematica,Coronel Fabriciano,SP,6.43
20268731,Eduardo Cardoso Nascimento,40,Sistemas de Informacao,Janauba,DF,8.48
20268732,Eduardo Ribeiro Nascimento,38,Sistemas de Informacao,Janauba,MG,9.42
20268733,Nicolas Souza Cavalcanti Medeiros,47,Analise e Desenvolvimento de Sistemas,Vicosa,DF,7.01
20268734,Matheus Moura Cardoso,21,Analise e Desenvolvimento de Sistemas,Diamantina,BA,9.33
20268735,Beatriz Teixeira,31,Fisica,Coronel Fabriciano,BA,5.19
20268736,Luana Lima Teixeira Nascimento,51,Quimica,Uberlandia,RJ,9.79
20268737,Enzo Santos Vieira,50,Fisica,Governador Valadares,ES,7.55
20268738,Igor Monteiro Pereira,46,Quimica,Janauba,MG,7.12
20268739,Amanda Vieira Freitas Rodrigues,52,Agronomia,Lavras,MG,8.31
20268740,Luana Nascimento Rodrigues,32,Engenharia Eletrica,Curvelo,MG,9.34
20268741,Thiago Marques Mendes,30,Ciencia da Computacao,Juiz de Fora,SP,6.92
20268742,Enzo Carvalho Cavalcanti Moreira,36,Administracao,Salinas,MG,9.4
20268743,Leticia Alves Costa Mendes,47,Matematica,Porteirinha,ES,5.6
20268744,Alexandre Teixeira Brito,53,Agronomia,Almenara,BA,9.37
20268745,Juliana Cardoso,20,Engenharia de Software,Governador Valadares,MG,6.4
20268746,Camila Andrade Marques,26,Analise e Desenvolvimento de Sistemas,Diamantina,BA,7.61
20268747,Rafaela Pereira Nunes Ramos,29,Matematica,Januaria,MG,6.15
20268748,Yasmin Ramos,21,Quimica,Curvelo,GO,6.25
20268749,Caio Ferreira Martins Souza,49,Engenharia de Software,Janauba,SP,5.72
20268750,Ana Martins Nascimento,28,Fisica,Montes Claros,SP,9.45
20268751,Carlos Monteiro Martins,55,Fisica,Almenara,DF,8.23
20268752,Ana Carvalho Souza,49,Agronomia,Diamantina,GO,7.44
20268753,Guilherme Soares Gomes Castro,35,Quimica,Coronel Fabriciano,MG,5.72
20268754,Natalia Brito Cavalcanti Pereira,28,Analise e Desenvolvimento de Sistemas,Belo Horizonte,DF,9.05
20268755,Bruno Martins Souza,52,Quimica,Governador Valadares,ES,5.91
20268756,Debora Nunes Lopes Ferreira,23,Engenharia de Software,Montes Claros,DF,5.83
20268757,Olivia Souza,50,Ciencia da Computacao,Brasilia de Minas,MG,5.79
20268758,Eduardo Freitas Ramos Cavalcanti,24,Sistemas de Informacao,Lavras,ES,6.22
20268759,Tatiana Andrade,34,Sistemas de Informacao,Almenara,DF,8.59
20268760,Fernanda Cardoso Ramos,51,Engenharia Eletrica,Coronel Fabriciano,BA,8.92
20268761,Lucas Cardoso Marques Andrade,45,Medicina,Juiz de Fora,DF,5.11
20268762,Eduardo Soares Pereira,44,Analise e Desenvolvimento de Sistemas,Janauba,MG,8.32
20268763,Mariana Ferreira,19,Administracao,Pirapora,MG,9.18
20268764,Carlos Moreira Vieira Rocha,39,Agronomia,Teofilo Otoni,MG,5.12
20268765,Eduardo Lima Fernandes,34,Medicina,Pirapora,RJ,5.47
20268766,Guilherme Dias Lopes,47,Ciencia da Computacao,Governador Valadares,BA,6.07
20268767,Matheus Castro Moura,33,Sistemas de Informacao,Diamantina,BA,8.69
20268768,Enzo Mendes Mendes Santos,53,Matematica,Sao Francisco,BA,9.25
20268769,Caio Rodrigues Ramos Souza,25,Analise e Desenvolvimento de Sistemas,Janauba,ES,7.61
20268770,Lucas Pereira,41,Medicina,Sao Francisco,BA,6.29
20268771,Rafaela Silva Teixeira,48,Engenharia Eletrica,Belo Horizonte,MG,8.72
20268772,Leticia Moura Santos,37,Engenharia Eletrica,Pirapora,GO,9.89
20268773,Eduardo Lima Moreira Pereira,21,Matematica,Montes Claros,RJ,8.38
20268774,Igor Medeiros,42,Direito,Porteirinha,RJ,9.21
20268775,Joao Teixeira Santos,30,Engenharia de Software,Curvelo,DF,5.95
20268776,Pedro Castro Carvalho,37,Agronomia,Diamantina,SP,6.78
20268777,Bruno Cavalcanti Dias,46,Engenharia de Software,Vicosa,MG,7.41
20268778,Beatriz Marques,36,Agronomia,Curvelo,GO,6.84
20268779,Juliana Soares Nunes,55,Administracao,Diamantina,MG,8.97
20268780,Gabriel Rocha Cavalcanti Castro,44,Ciencia da Computacao,Curvelo,ES,5.96
20268781,Lucas Moreira Martins Soares,30,Ciencia da Computacao,Governador Valadares,BA,7.11
20268782,Vinicius Teixeira,26,Engenharia de Software,Montes Claros,MG,8.95
20268783,Eduardo Mendes Carvalho,52,Engenharia Eletrica,Januaria,MG,8.23
20268784,Joao Lopes Carvalho Ribeiro,36,Direito,Pirapora,SP,8.23
20268785,Amanda Brito Castro,43,Direito,Diamantina,ES,5.3
20268786,Enzo Medeiros,46,Sistemas de Informacao,Lavras,MG,9.63
20268787,Rodrigo Andrade Cavalcanti Soares,20,Direito,Diamantina,DF,9.2
20268788,Thiago Santos Monteiro,40,Fisica,Juiz de Fora,GO,6.04
20268789,Camila Machado Freitas,39,Fisica,Ouro Preto,DF,7.91
20268790,Beatriz Vieira,27,Fisica,Almenara,GO,8.08
20268791,Debora Andrade,48,Direito,Teofilo Otoni,MG,9.34
20268792,Alexandre Almeida Marques Monteiro,51,Quimica,Governador Valadares,MG,7.71
20268793,Pedro Rocha Lopes,52,Sistemas de Informacao,Januaria,MG,7.64
20268794,Joao Ferreira Costa,54,Engenharia de Software,Porteirinha,GO,5.38
20268795,Pedro Silva,24,Sistemas de Informacao,Vicosa,GO,5.28
20268796,Enzo Nunes Ribeiro,21,Administracao,Almenara,RJ,5.61
20268797,Tatiana Freitas Silva Medeiros,55,Administracao,Vicosa,SP,6.79
20268798,Isabela Gomes Almeida,55,Sistemas de Informacao,Sao Francisco,BA,7.13
20268799,Debora Dias Mendes,39,Direito,Uberlandia,GO,7.52
20268800,Ana Oliveira,40,Administracao,Janauba,GO,6.55
20268801,Daniela Soares Santos Cardoso,35,Analise e Desenvolvimento de Sistemas,Governador Valadares,BA,7.6
20268802,Joao Silva,48,Fisica,Sao Francisco,ES,8.52
20268803,Luana Ribeiro Vieira,28,Analise e Desenvolvimento de Sistemas,Ouro Preto,SP,6.23
20268804,Igor Lopes Gomes Cavalcanti,55,Ciencia da Computacao,Pirapora,GO,7.31
20268805,Nicolas Ramos,51,Engenharia Eletrica,Pirapora,ES,7.11
20268806,Rafaela Cavalcanti Carvalho Pinto,39,Engenharia de Software,Belo Horizonte,SP,8.07
20268807,Natalia Rodrigues Lima Monteiro,36,Ciencia da Computacao,Belo Horizonte,DF,7.49
20268808,Debora Monteiro Moura Freitas,18,Engenharia de Software,Governador Valadares,GO,9.71
20268809,Nicolas Pereira,53,Fisica,Juiz de Fora,BA,5.64
20268810,Alexandre Alves Medeiros Dias,21,Matematica,Uberlandia,BA,5.93
20268811,Tatiana Santos Andrade,54,Quimica,Diamantina,DF,7.71
20268812,Rafaela Lopes Martins,31,Direito,Lavras,RJ,6.0
20268813,Alexandre Moura Souza,38,Agronomia,Teofilo Otoni,ES,8.08
20268814,Camila Castro Dias Medeiros,50,Engenharia Eletrica,Brasilia de Minas,ES,7.63
20268815,Luana Dias Rodrigues,40,Medicina,Uberlandia,RJ,6.34
20268816,Mariana Freitas Martins,21,Ciencia da Computacao,Uberlandia,BA,6.92
20268817,Tatiana Moura Cardoso,21,Engenharia de Software,Almenara,ES,9.47
20268818,Tatiana Cavalcanti,24,Matematica,Almenara,ES,6.43
20268819,Joao Machado Carvalho,30,Fisica,Juiz de Fora,RJ,8.78
20268820,Rafaela Teixeira Santos,34,Direito,Januaria,MG,6.19
20268821,Larissa Machado,18,Engenharia de Software,Curvelo,MG,7.87
20268822,Natalia Castro,54,Direito,Montes Claros,DF,6.63
20268823,Joao Carvalho Alves,19,Agronomia,Januaria,GO,5.85
20268824,Pedro Machado Costa Ribeiro,38,Medicina,Vicosa,ES,6.38
20268825,Ana Lopes Gomes Lima,26,Engenharia Eletrica,Pirapora,BA,9.04
20268826,Isabela Brito Rodrigues,53,Administracao,Uberlandia,DF,5.15
20268827,Luana Barbosa Ferreira,55,Medicina,Vicosa,BA,8.77
20268828,Guilherme Monteiro,39,Quimica,Lavras,GO,8.12
20268829,Olivia Moreira Medeiros,50,Fisica,Salinas,GO,5.19
20268830,Nicolas Barbosa Silva Andrade,32,Engenharia de Software,Vicosa,DF,6.4
20268831,Olivia Oliveira,52,Engenharia Eletrica,Januaria,RJ,8.55
20268832,Pedro Fernandes Nascimento,43,Medicina,Salinas,DF,6.1
20268833,Matheus Costa Moreira,47,Engenharia de Software,Janauba,DF,6.22
20268834,Enzo Lima Rocha,54,Matematica,Curvelo,MG,7.16
20268835,Bruno Ribeiro Cardoso,24,Medicina,Teofilo Otoni,DF,5.68
20268836,Lucas Lima Marques,30,Agronomia,Uberlandia,MG,9.58
20268837,Enzo Monteiro Rodrigues,30,Agronomia,Belo Horizonte,SP,7.58
20268838,Rodrigo Alves Santos Nascimento,27,Engenharia de Software,Janauba,MG,5.92
20268839,Felipe Carvalho Andrade,37,Sistemas de Informacao,Salinas,DF,5.57
20268840,Nicolas Dias Cardoso Brito,43,Engenharia Eletrica,Brasilia de Minas,SP,6.45
20268841,Larissa Pinto,54,Direito,Governador Valadares,ES,6.48
20268842,Beatriz Costa,28,Direito,Governador Valadares,MG,5.54
20268843,Yasmin Machado Nascimento,39,Ciencia da Computacao,Coronel Fabriciano,SP,8.74
20268844,Mariana Silva Santos,45,Agronomia,Coronel Fabriciano,DF,6.7
20268845,Lucas Souza,37,Sistemas de Informacao,Montes Claros,GO,6.42
20268846,Tatiana Freitas,18,Engenharia de Software,Teofilo Otoni,ES,9.6
20268847,Rodrigo Rocha Souza Rodrigues,30,Administracao,Vicosa,BA,6.45
20268848,Luana Lopes,27,Quimica,Januaria,DF,5.11
20268849,Leticia Mendes Rocha,27,Engenharia Eletrica,Curvelo,BA,5.78
20268850,Tatiana Moreira Barbosa,32,Engenharia Eletrica,Montes Claros,BA,7.88
20268851,Igor Santos Medeiros Ramos,45,Fisica,Janauba,ES,6.05
20268852,Helena Cardoso Moura,45,Sistemas de Informacao,Montes Claros,ES,8.63
20268853,Amanda Medeiros,49,Matematica,Belo Horizonte,SP,7.73
20268854,Samuel Moura,19,Direito,Porteirinha,BA,6.97
20268855,Helena Mendes Nascimento,21,Engenharia Eletrica,Juiz de Fora,RJ,6.71
20268856,Caio Oliveira Almeida,22,Administracao,Lavras,MG,6.75
20268857,Isabela Barbosa,18,Fisica,Governador Valadares,GO,7.04
20268858,Mariana Santos,19,Analise e Desenvolvimento de Sistemas,Curvelo,MG,9.71
20268859,Helena Castro Freitas,21,Fisica,Brasilia de Minas,RJ,6.99
20268860,Beatriz Vieira Vieira Oliveira,53,Agronomia,Ouro Preto,ES,6.64
20268861,Natalia Costa,22,Matematica,Belo Horizonte,MG,6.5
20268862,Bruno Moura,37,Agronomia,Almenara,ES,8.77
20268863,Vinicius Marques,28,Ciencia da Computacao,Ouro Preto,RJ,6.14
20268864,Pedro Lima Costa,24,Medicina,Coronel Fabriciano,BA,8.87
20268865,Nicolas Castro Ramos,44,Agronomia,Almenara,GO,6.72
20268866,Rodrigo Alves Dias Vieira,48,Engenharia de Software,Belo Horizonte,GO,5.84
20268867,Gustavo Nascimento Rocha,46,Medicina,Janauba,BA,8.87
20268868,Debora Santos Machado,40,Quimica,Porteirinha,MG,5.93
20268869,Bruno Cardoso Fernandes,34,Analise e Desenvolvimento de Sistemas,Almenara,ES,7.38
20268870,Ana Ribeiro,26,Sistemas de Informacao,Pirapora,DF,5.71
20268871,Joao Silva Almeida,27,Fisica,Almenara,ES,7.46
20268872,Matheus Souza Ribeiro,45,Ciencia da Computacao,Januaria,GO,6.73
20268873,Helena Santos,51,Engenharia de Software,Pirapora,MG,8.97
20268874,Amanda Ramos Cardoso,47,Medicina,Belo Horizonte,BA,6.19
20268875,Matheus Cardoso Carvalho,43,Quimica,Brasilia de Minas,BA,5.57
20268876,Matheus Costa Costa,50,Quimica,Montes Claros,DF,8.54
20268877,Pedro Nunes Castro Ferreira,46,Quimica,Brasilia de Minas,DF,5.92
20268878,Daniela Cavalcanti Machado,23,Matematica,Salinas,ES,5.26
20268879,Gabriel Cardoso Barbosa Rocha,39,Quimica,Almenara,GO,7.2
20268880,Nicolas Ramos Silva,19,Engenharia de Software,Pirapora,MG,5.85
20268881,Enzo Costa Monteiro,42,Engenharia de Software,Salinas,MG,6.92
20268882,Natalia Cardoso Souza,33,Agronomia,Governador Valadares,BA,8.32
20268883,Pedro Machado,34,Matematica,Montes Claros,DF,6.2
20268884,Joao Rodrigues Machado Moura,51,Matematica,Vicosa,BA,7.89
20268885,Gustavo Santos Rodrigues,20,Engenharia Eletrica,Ouro Preto,SP,9.7
20268886,Debora Ramos Soares,36,Agronomia,Vicosa,DF,5.11
20268887,Leticia Ferreira Ramos,24,Direito,Porteirinha,RJ,6.43
20268888,Bruno Cardoso Brito Ribeiro,33,Sistemas de Informacao,Lavras,SP,5.99
20268889,Rafaela Nunes Gomes Martins,19,Quimica,Janauba,DF,7.18
20268890,Daniela Freitas,28,Administracao,Uberlandia,DF,9.46
20268891,Felipe Andrade Teixeira,39,Sistemas de Informacao,Pirapora,ES,7.13
20268892,Gustavo Nascimento Moreira,31,Matematica,Porteirinha,GO,7.63
20268893,Igor Soares Carvalho,36,Matematica,Januaria,ES,9.08
20268894,Samuel Gomes Moreira Pinto,28,Administracao,Diamantina,SP,6.25
20268895,Ana Soares Pereira,19,Medicina,Brasilia de Minas,SP,8.21
20268896,Camila Brito Moreira Silva,22,Matematica,Diamantina,GO,7.22
20268897,Lucas Monteiro Moreira Ramos,38,Fisica,Uberlandia,RJ,8.62
20268898,Natalia Martins Barbosa Dias,47,Engenharia Eletrica,Montes Claros,RJ,5.51
20268899,Guilherme Nascimento Rocha,20,Sistemas de Informacao,Uberlandia,SP,7.33
20268900,Eduardo Soares,44,Fisica,Brasilia de Minas,DF,5.76
20268901,Joao Nunes,40,Direito,Curvelo,RJ,9.69
20268902,Caio Moura Ferreira Carvalho,37,Analise e Desenvolvimento de Sistemas,Brasilia de Minas,GO,6.33
20268903,Joao Moreira Costa Almeida,43,Quimica,Curvelo,RJ,7.0
20268904,Leticia Machado Pereira,29,Ciencia da Computacao,Porteirinha,SP,9.83
20268905,Guilherme Cardoso Soares,21,Engenharia de Software,Governador Valadares,SP,9.48
20268906,Gustavo Costa,40,Engenharia Eletrica,Governador Valadares,GO,9.57
20268907,Debora Machado,39,Sistemas de Informacao,Governador Valadares,DF,5.69
20268908,Helena Martins Nunes,27,Engenharia de Software,Ouro Preto,MG,8.78
20268909,Matheus Cardoso Castro,32,Analise e Desenvolvimento de Sistemas,Ouro Preto,BA,7.86
20268910,Daniela Gomes Freitas Monteiro,42,Fisica,Teofilo Otoni,GO,9.44
20268911,Gabriel Soares Ferreira,32,Medicina,Januaria,BA,8.38
20268912,Camila Rocha Ferreira,37,Engenharia Eletrica,Teofilo Otoni,MG,9.13
20268913,Amanda Santos,42,Direito,Vicosa,BA,9.29
20268914,Mariana Lopes Freitas,37,Direito,Uberlandia,MG,5.57
20268915,Vinicius Pinto Cardoso,30,Agronomia,Brasilia de Minas,MG,5.02
20268916,Daniela Nascimento,27,Engenharia Eletrica,Teofilo Otoni,SP,5.1
20268917,Isabela Marques Cardoso Moura,42,Quimica,Pirapora,ES,7.61
20268918,Enzo Vieira Nascimento Martins,33,Agronomia,Belo Horizonte,RJ,6.11
20268919,Joao Barbosa,46,Administracao,Montes Claros,BA,5.42
20268920,Larissa Martins Andrade,33,Analise e Desenvolvimento de Sistemas,Curvelo,RJ,6.29
20268921,Yasmin Ferreira Costa,48,Medicina,Vicosa,DF,9.08
20268922,Ana Ribeiro Freitas,26,Ciencia da Computacao,Governador Valadares,ES,9.15
20268923,Lucas Andrade,22,Sistemas de Informacao,Montes Claros,ES,7.6
20268924,Caio Dias Barbosa Nunes,49,Quimica,Januaria,MG,6.4
20268925,Leticia Freitas Oliveira,24,Sistemas de Informacao,Lavras,MG,9.82
20268926,Nicolas Fernandes Alves,25,Administracao,Belo Horizonte,ES,7.05
20268927,Ana Moura,30,Ciencia da Computacao,Pirapora,SP,5.95
20268928,Igor Mendes Monteiro Santos,20,Quimica,Janauba,RJ,9.38
20268929,Guilherme Martins Monteiro,36,Engenharia Eletrica,Governador Valadares,RJ,5.69
20268930,Gabriel Castro Soares,34,Direito,Brasilia de Minas,RJ,8.04
20268931,Natalia Pinto Costa Lopes,28,Fisica,Salinas,DF,7.66
20268932,Matheus Marques Cavalcanti,40,Analise e Desenvolvimento de Sistemas,Lavras,ES,6.14
20268933,Igor Fernandes Pereira,40,Engenharia Eletrica,Juiz de Fora,DF,7.72
20268934,Felipe Pinto Ribeiro,47,Agronomia,Coronel Fabriciano,ES,8.76
20268935,Guilherme Teixeira Cardoso,54,Administracao,Juiz de Fora,GO,5.99
20268936,Luana Andrade Moreira,52,Agronomia,Januaria,GO,9.62
20268937,Gustavo Marques Machado,40,Sistemas de Informacao,Pirapora,RJ,9.19
20268938,Yasmin Moura Cardoso,53,Administracao,Porteirinha,DF,9.52
20268939,Helena Souza Dias,25,Fisica,Salinas,ES,6.39
20268940,Enzo Barbosa Pereira Silva,28,Sistemas de Informacao,Januaria,SP,7.62
20268941,Alexandre Cardoso Monteiro,51,Ciencia da Computacao,Ouro Preto,BA,6.7
20268942,Mariana Mendes Lopes,52,Sistemas de Informacao,Juiz de Fora,RJ,9.76
20268943,Larissa Oliveira,43,Sistemas de Informacao,Sao Francisco,MG,9.56
20268944,Matheus Brito,28,Administracao,Pirapora,MG,8.03
20268945,Daniela Castro Rocha Machado,21,Administracao,Curvelo,ES,6.16
20268946,Igor Martins,45,Direito,Diamantina,RJ,8.41
20268947,Daniela Ferreira Medeiros,48,Analise e Desenvolvimento de Sistemas,Pirapora,MG,5.44
20268948,Juliana Freitas,28,Sistemas de Informacao,Pirapora,RJ,6.19
20268949,Vinicius Alves,32,Agronomia,Curvelo,BA,8.24
20268950,Tatiana Santos Castro,39,Agronomia,Coronel Fabriciano,BA,6.57
20268951,Mariana Lopes Lima,42,Administracao,Almenara,SP,5.75
20268952,Isabela Moreira Almeida Pinto,19,Direito,Porteirinha,BA,8.24
20268953,Olivia Teixeira Brito,23,Sistemas de Informacao,Almenara,ES,9.3
20268954,Mariana Almeida,48,Ciencia da Computacao,Uberlandia,MG,8.06
20268955,Nicolas Rodrigues Vieira Rodrigues,47,Fisica,Diamantina,GO,9.23
20268956,Lucas Almeida Pinto,31,Analise e Desenvolvimento de Sistemas,Ouro Preto,MG,7.69
20268957,Tatiana Pinto Mendes,40,Engenharia Eletrica,Janauba,BA,6.18
20268958,Beatriz Monteiro Medeiros,46,Sistemas de Informacao,Sao Francisco,MG,9.71
20268959,Enzo Freitas Rodrigues Almeida,27,Sistemas de Informacao,Diamantina,RJ,9.01
20268960,Bruno Pinto Santos Lopes,24,Analise e Desenvolvimento de Sistemas,Brasilia de Minas,RJ,6.53
20268961,Gustavo Silva Ferreira Dias,32,Analise e Desenvolvimento de Sistemas,Curvelo,SP,7.75
20268962,Nicolas Lima Machado Andrade,20,Matematica,Montes Claros,MG,5.85
20268963,Rodrigo Barbosa Cavalcanti,32,Fisica,Coronel Fabriciano,SP,6.63
20268964,Daniela Lopes Souza Souza,42,Direito,Curvelo,ES,5.33
20268965,Nicolas Vieira Marques Monteiro,20,Administracao,Montes Claros,RJ,6.7
20268966,Helena Ramos,37,Direito,Almenara,RJ,7.38
20268967,Carlos Machado Cavalcanti,52,Quimica,Juiz de Fora,RJ,5.73
20268968,Beatriz Martins Monteiro Marques,42,Agronomia,Governador Valadares,GO,7.38
20268969,Joao Carvalho,37,Fisica,Almenara,MG,7.63
20268970,Rodrigo Brito Carvalho Alves,43,Matematica,Lavras,BA,9.33
20268971,Nicolas Ramos Medeiros Pinto,41,Analise e Desenvolvimento de Sistemas,Brasilia de Minas,BA,8.33
20268972,Beatriz Marques Nunes Teixeira,19,Direito,Diamantina,SP,8.98
20268973,Joao Rocha,42,Medicina,Teofilo Otoni,ES,9.42
20268974,Felipe Silva Andrade Lopes,20,Analise e Desenvolvimento de Sistemas,Coronel Fabriciano,MG,5.04
20268975,Tatiana Machado,19,Quimica,Janauba,MG,5.01
20268976,Thiago Brito,39,Ciencia da Computacao,Januaria,ES,8.94
20268977,Matheus Costa Nunes,35,Administracao,Almenara,RJ,5.5
20268978,Caio Lima Silva Andrade,54,Analise e Desenvolvimento de Sistemas,Janauba,DF,6.29
20268979,Natalia Costa Lopes,55,Direito,Porteirinha,BA,6.23
20268980,Vinicius Gomes Rocha,52,Matematica,Pirapora,ES,9.2
20268981,Luana Ramos Barbosa Machado,38,Engenharia Eletrica,Curvelo,ES,6.45
20268982,Debora Moreira Carvalho,25,Administracao,Montes Claros,DF,6.0
20268983,Leticia Teixeira Pinto,34,Fisica,Ouro Preto,ES,7.37
20268984,Luana Barbosa Alves Ramos,26,Administracao,Diamantina,GO,8.46
20268985,Leticia Lima,50,Ciencia da Computacao,Lavras,BA,9.22
20268986,Nicolas Oliveira,27,Medicina,Almenara,MG,5.06
20268987,Thiago Moura,19,Engenharia de Software,Teofilo Otoni,GO,7.03
20268988,Carlos Cavalcanti Cardoso,52,Sistemas de Informacao,Janauba,BA,6.28
20268989,Ana Pinto Pinto,46,Fisica,Lavras,GO,6.61
20268990,Isabela Rodrigues,42,Engenharia Eletrica,Diamantina,MG,8.19
20268991,Larissa Moura Cavalcanti Cavalcanti,51,Fisica,Salinas,RJ,8.16
20268992,Flavia Brito Teixeira,48,Engenharia de Software,Almenara,BA,9.31
20268993,Pedro Moura Vieira Barbosa,37,Administracao,Salinas,MG,7.26
20268994,Alexandre Barbosa Castro Andrade,47,Engenharia Eletrica,Salinas,RJ,8.82
20268995,Samuel Barbosa Rodrigues,41,Analise e Desenvolvimento de Sistemas,Coronel Fabriciano,MG,6.26
20268996,Felipe Carvalho Rodrigues Almeida,27,Engenharia Eletrica,Lavras,MG,8.43
20268997,Carlos Barbosa Pinto Alves,41,Administracao,Pirapora,MG,9.85
20268998,Igor Machado Souza Freitas,42,Agronomia,Sao Francisco,MG,7.06
20268999,Daniela Machado Vieira Oliveira,21,Medicina,Ouro Preto,DF,9.51
20269000,Vinicius Vieira Nascimento Alves,26,Agronomia,Teofilo Otoni,RJ,8.83
20269001,Samuel Costa,52,Matematica,Ouro Preto,MG,5.54
20269002,Isabela Vieira Castro,48,Sistemas de Informacao,Porteirinha,ES,8.66
20269003,Alexandre Castro Rocha Ramos,37,Quimica,Ouro Preto,SP,8.05
20269004,Pedro Carvalho Ramos Nascimento,55,Matematica,Belo Horizonte,BA,6.25
20269005,Mariana Carvalho Monteiro Cavalcanti,23,Agronomia,Vicosa,MG,6.95
20269006,Joao Nascimento Machado,53,Matematica,Almenara,DF,7.96
20269007,Yasmin Freitas Marques Moura,20,Direito,Almenara,SP,7.3
20269008,Caio Rodrigues Martins,23,Medicina,Porteirinha,RJ,5.92
20269009,Isabela Gomes Alves,31,Fisica,Uberlandia,DF,5.06
20269010,Vinicius Pinto,35,Engenharia de Software,Juiz de Fora,GO,9.66
20269011,Igor Barbosa Nascimento Rocha,49,Administracao,Governador Valadares,ES,7.86
20269012,Natalia Rocha Rodrigues Alves,36,Agronomia,Curvelo,DF,6.22
20269013,Pedro Nunes Carvalho,54,Administracao,Montes Claros,MG,6.53
20269014,Helena Andrade Medeiros,54,Fisica,Juiz de Fora,RJ,8.23
20269015,Samuel Fernandes,39,Matematica,Sao Francisco,GO,8.02
20269016,Carlos Brito,47,Direito,Brasilia de Minas,MG,9.5
20269017,Juliana Moreira Soares,19,Medicina,Diamantina,SP,5.66
20269018,Mariana Lima Freitas,43,Matematica,Vicosa,BA,8.41
20269019,Larissa Ribeiro,25,Agronomia,Uberlandia,SP,6.65
20269020,Pedro Lima Machado Ferreira,43,Matematica,Salinas,RJ,9.81
20269021,Thiago Almeida Brito,35,Medicina,Teofilo Otoni,BA,7.19
20269022,Gabriel Moura Silva Nascimento,38,Engenharia de Software,Vicosa,MG,5.27
20269023,Leticia Moura Ramos Lopes,18,Fisica,Almenara,DF,7.76
20269024,Bruno Nascimento Marques,33,Analise e Desenvolvimento de Sistemas,Coronel Fabriciano,DF,6.27
20269025,Joao Marques Gomes Cavalcanti,28,Direito,Salinas,GO,5.78
20269026,Leticia Ribeiro Marques Lopes,25,Ciencia da Computacao,Curvelo,RJ,8.69
20269027,Mariana Andrade Barbosa,20,Direito,Vicosa,DF,8.6
20269028,Camila Rodrigues Marques,50,Sistemas de Informacao,Montes Claros,SP,6.06
20269029,Fernanda Lima Freitas Ramos,31,Engenharia Eletrica,Juiz de Fora,DF,7.27
20269030,Lucas Cardoso Cavalcanti,34,Analise e Desenvolvimento de Sistemas,Vicosa,ES,8.34
20269031,Tatiana Lima Freitas,40,Agronomia,Salinas,SP,5.12
20269032,Daniela Dias Cavalcanti,18,Quimica,Curvelo,GO,6.81
20269033,Yasmin Mendes,21,Medicina,Governador Valadares,GO,6.29
20269034,Larissa Dias Martins Fernandes,20,Direito,Belo Horizonte,BA,7.63
20269035,Enzo Cavalcanti Teixeira,54,Analise e Desenvolvimento de Sistemas,Almenara,BA,9.13
20269036,Matheus Ferreira Oliveira,53,Sistemas de Informacao,Almenara,DF,9.09
20269037,Tatiana Souza,31,Analise e Desenvolvimento de Sistemas,Porteirinha,ES,8.42
20269038,Luana Lopes Carvalho,42,Direito,Ouro Preto,BA,6.75
20269039,Vinicius Dias Fernandes,55,Ciencia da Computacao,Ouro Preto,RJ,7.39
20269040,Gabriel Carvalho Teixeira Gomes,32,Quimica,Pirapora,DF,8.45
20269041,Guilherme Ramos,43,Fisica,Porteirinha,RJ,6.55
20269042,Rafaela Lopes Nascimento,42,Administracao,Diamantina,ES,7.53
20269043,Lucas Teixeira Costa Ribeiro,46,Ciencia da Computacao,Coronel Fabriciano,GO,9.33
20269044,Matheus Ramos Freitas,49,Analise e Desenvolvimento de Sistemas,Januaria,ES,8.99
20269045,Amanda Teixeira Rocha Souza,46,Direito,Januaria,GO,5.69
20269046,Fernanda Souza Soares,45,Analise e Desenvolvimento de Sistemas,Coronel Fabriciano,GO,6.2
20269047,Fernanda Nascimento Barbosa Moreira,22,Sistemas de Informacao,Salinas,SP,8.58
20269048,Fernanda Ribeiro Ribeiro Cavalcanti,44,Fisica,Juiz de Fora,BA,5.51
20269049,Helena Medeiros Soares,54,Sistemas de Informacao,Uberlandia,GO,8.3
20269050,Helena Cavalcanti Dias,50,Ciencia da Computacao,Teofilo Otoni,MG,5.89
20269051,Alexandre Costa Alves,52,Ciencia da Computacao,Curvelo,RJ,5.34
20269052,Luana Gomes Souza,25,Agronomia,Brasilia de Minas,GO,6.13
20269053,Gustavo Cardoso Almeida Silva,51,Ciencia da Computacao,Uberlandia,SP,7.31
20269054,Nicolas Moura Souza,24,Administracao,Janauba,ES,6.5
20269055,Nicolas Ribeiro Soares,40,Engenharia de Software,Montes Claros,GO,6.76
20269056,Flavia Rocha Machado,50,Engenharia Eletrica,Janauba,SP,8.07
20269057,Camila Andrade Costa Alves,46,Quimica,Vicosa,BA,8.1
20269058,Igor Gomes Pinto,29,Analise e Desenvolvimento de Sistemas,Brasilia de Minas,GO,8.86
20269059,Felipe Barbosa Fernandes,44,Engenharia Eletrica,Juiz de Fora,BA,5.69
20269060,Bruno Mendes Nunes,42,Direito,Porteirinha,GO,5.03
20269061,Camila Barbosa,47,Fisica,Uberlandia,RJ,7.87
20269062,Debora Martins Nascimento Medeiros,42,Ciencia da Computacao,Juiz de Fora,MG,5.71
20269063,Daniela Monteiro Soares Cardoso,42,Medicina,Almenara,MG,8.76
20269064,Mariana Ribeiro Barbosa,47,Engenharia Eletrica,Ouro Preto,MG,5.92
20269065,Camila Moura Rodrigues,36,Fisica,Diamantina,RJ,5.51
20269066,Alexandre Moura Ribeiro Moreira,21,Matematica,Coronel Fabriciano,GO,5.18
20269067,Larissa Rocha Souza Freitas,54,Direito,Janauba,DF,9.26
20269068,Eduardo Freitas,50,Ciencia da Computacao,Uberlandia,RJ,7.42
20269069,Rodrigo Rodrigues Teixeira Pinto,30,Ciencia da Computacao,Salinas,RJ,5.99
20269070,Isabela Teixeira Fernandes,26,Administracao,Diamantina,BA,7.14
20269071,Amanda Alves Lopes,38,Medicina,Governador Valadares,DF,8.54
20269072,Lucas Freitas Gomes,53,Direito,Ouro Preto,MG,8.22
20269073,Samuel Pereira Barbosa,47,Administracao,Teofilo Otoni,DF,8.85
20269074,Carlos Costa Nunes,49,Ciencia da Computacao,Governador Valadares,SP,7.0
20269075,Larissa Cardoso Ferreira,44,Engenharia de Software,Salinas,ES,5.61
20269076,Daniela Soares Medeiros Pinto,23,Sistemas de Informacao,Curvelo,GO,9.45
20269077,Nicolas Gomes Gomes,51,Ciencia da Computacao,Teofilo Otoni,ES,7.19
20269078,Ana Rodrigues Carvalho Barbosa,49,Sistemas de Informacao,Januaria,ES,7.13
20269079,Felipe Machado Moreira Cardoso,40,Engenharia Eletrica,Governador Valadares,RJ,6.83
20269080,Enzo Freitas Santos,33,Matematica,Teofilo Otoni,RJ,6.48
20269081,Fernanda Barbosa Almeida Cavalcanti,33,Matematica,Juiz de Fora,GO,6.56
20269082,Pedro Silva,53,Fisica,Belo Horizonte,BA,9.05
20269083,Carlos Alves Vieira Machado,49,Engenharia Eletrica,Sao Francisco,MG,5.41
20269084,Leticia Moura Monteiro,29,Direito,Januaria,BA,5.78
20269085,Vinicius Teixeira Brito Rodrigues,33,Administracao,Januaria,SP,9.35
20269086,Caio Andrade Mendes,43,Administracao,Diamantina,ES,9.21
20269087,Fernanda Medeiros,26,Direito,Janauba,ES,8.85
20269088,Camila Costa Ramos,46,Medicina,Curvelo,SP,9.43
20269089,Mariana Costa Freitas,21,Engenharia Eletrica,Curvelo,BA,6.25
20269090,Caio Brito Rocha,48,Matematica,Coronel Fabriciano,BA,6.21
20269091,Eduardo Castro,30,Medicina,Pirapora,DF,7.27
20269092,Larissa Pereira Marques Rocha,21,Agronomia,Pirapora,RJ,5.24
20269093,Joao Nunes Rodrigues Carvalho,38,Sistemas de Informacao,Brasilia de Minas,BA,7.7
20269094,Amanda Fernandes,39,Analise e Desenvolvimento de Sistemas,Ouro Preto,SP,6.54
20269095,Larissa Lima Fernandes,35,Fisica,Juiz de Fora,SP,8.72
20269096,Leticia Mendes Pinto Lima,20,Engenharia Eletrica,Brasilia de Minas,ES,5.73
20269097,Lucas Martins Cardoso Brito,29,Medicina,Curvelo,GO,9.29
20269098,Felipe Marques Rocha,18,Administracao,Uberlandia,MG,5.59
20269099,Flavia Nascimento Dias Moura,43,Medicina,Pirapora,MG,6.7
20269100,Rafaela Rocha Andrade Andrade,53,Engenharia Eletrica,Ouro Preto,GO,5.27
20269101,Daniela Marques Nunes Santos,40,Administracao,Vicosa,RJ,8.23
20269102,Gabriel Martins,45,Ciencia da Computacao,Januaria,ES,8.89
20269103,Olivia Cavalcanti Oliveira Santos,45,Analise e Desenvolvimento de Sistemas,Governador Valadares,ES,9.39
20269104,Igor Lopes Machado,55,Quimica,Pirapora,MG,7.96
20269105,Natalia Moura Mendes,28,Engenharia Eletrica,Curvelo,MG,8.97
20269106,Ana Brito,25,Administracao,Janauba,MG,7.05
20269107,Tatiana Cardoso,29,Engenharia Eletrica,Janauba,BA,6.62
20269108,Carlos Santos Brito Carvalho,39,Agronomia,Juiz de Fora,MG,7.38
20269109,Mariana Silva,21,Fisica,Sao Francisco,SP,9.61
20269110,Gabriel Cavalcanti Mendes,51,Matematica,Montes Claros,MG,8.2
20269111,Amanda Castro Soares Gomes,32,Sistemas de Informacao,Sao Francisco,SP,8.25
20269112,Nicolas Martins Soares Castro,28,Fisica,Belo Horizonte,BA,8.16
20269113,Mariana Barbosa,30,Ciencia da Computacao,Almenara,SP,7.53
20269114,Nicolas Lopes Santos,31,Administracao,Salinas,BA,5.66
20269115,Isabela Pinto Silva Soares,48,Fisica,Porteirinha,SP,7.43
20269116,Pedro Silva Castro,50,Engenharia Eletrica,Pirapora,DF,5.15
20269117,Leticia Silva Monteiro Ramos,44,Administracao,Vicosa,ES,6.49
20269118,Nicolas Vieira Martins,33,Medicina,Juiz de Fora,ES,6.46
20269119,Eduardo Rodrigues Teixeira,20,Analise e Desenvolvimento de Sistemas,Belo Horizonte,GO,9.82
20269120,Olivia Nunes Carvalho Cardoso,38,Ciencia da Computacao,Uberlandia,MG,6.53
20269121,Debora Alves Pereira,43,Analise e Desenvolvimento de Sistemas,Vicosa,ES,8.7
20269122,Caio Mendes Lopes Marques,28,Medicina,Diamantina,MG,6.2
20269123,Igor Machado Silva,28,Direito,Diamantina,BA,9.53
20269124,Luana Castro Lima,46,Sistemas de Informacao,Lavras,RJ,5.13
20269125,Yasmin Silva,19,Matematica,Vicosa,SP,5.4
20269126,Ana Ribeiro Medeiros Lopes,34,Ciencia da Computacao,Curvelo,DF,8.87
20269127,Guilherme Freitas Monteiro,54,Medicina,Coronel Fabriciano,SP,9.4
20269128,Camila Ferreira Mendes,22,Analise e Desenvolvimento de Sistemas,Januaria,BA,5.79
20269129,Leticia Vieira Barbosa,29,Quimica,Teofilo Otoni,MG,6.04
20269130,Olivia Carvalho Lima,23,Analise e Desenvolvimento de Sistemas,Diamantina,DF,5.18
20269131,Daniela Vieira,28,Matematica,Janauba,RJ,5.01
20269132,Igor Castro,30,Fisica,Montes Claros,ES,6.66
20269133,Mariana Santos Costa,19,Direito,Sao Francisco,BA,5.25
20269134,Mariana Rocha Nascimento Nunes,31,Engenharia Eletrica,Lavras,RJ,5.03
20269135,Pedro Pereira Fernandes Lopes,51,Direito,Brasilia de Minas,SP,6.13
20269136,Ana Nascimento Almeida Nascimento,44,Sistemas de Informacao,Vicosa,RJ,6.16
20269137,Amanda Ramos,42,Analise e Desenvolvimento de Sistemas,Teofilo Otoni,SP,5.67
20269138,Gustavo Mendes Moreira,49,Engenharia de Software,Ouro Preto,ES,5.43
20269139,Gabriel Fernandes Gomes Silva,32,Direito,Sao Francisco,DF,6.93
20269140,Eduardo Barbosa Lopes Rodrigues,37,Ciencia da Computacao,Pirapora,BA,7.89
20269141,Leticia Barbosa Costa,41,Analise e Desenvolvimento de Sistemas,Belo Horizonte,GO,9.51
20269142,Amanda Soares,29,Agronomia,Brasilia de Minas,MG,8.88
20269143,Felipe Teixeira Andrade,44,Fisica,Diamantina,ES,5.04
20269144,Beatriz Gomes Rodrigues,27,Ciencia da Computacao,Januaria,DF,6.41
20269145,Tatiana Monteiro,41,Quimica,Salinas,DF,9.43
20269146,Flavia Soares Cavalcanti,48,Ciencia da Computacao,Belo Horizonte,DF,9.09
20269147,Camila Freitas Silva Lopes,41,Quimica,Januaria,GO,8.27
20269148,Leticia Monteiro Moura Fernandes,28,Analise e Desenvolvimento de Sistemas,Sao Francisco,ES,6.3
20269149,Eduardo Marques,54,Agronomia,Januaria,RJ,7.7
20269150,Enzo Carvalho Moreira,27,Sistemas de Informacao,Porteirinha,GO,6.41
20269151,Isabela Dias Andrade Marques,25,Medicina,Vicosa,GO,7.21
20269152,Pedro Dias Nascimento Ferreira,48,Sistemas de Informacao,Juiz de Fora,SP,9.66
20269153,Larissa Castro Ribeiro,47,Ciencia da Computacao,Sao Francisco,ES,7.93
20269154,Tatiana Moreira Alves Mendes,32,Medicina,Diamantina,RJ,5.27
20269155,Vinicius Vieira Ramos Silva,45,Quimica,Vicosa,SP,5.02
20269156,Lucas Moreira Santos Gomes,50,Direito,Januaria,MG,8.56
20269157,Eduardo Alves Santos Machado,36,Agronomia,Januaria,DF,5.71
20269158,Caio Teixeira,43,Matematica,Governador Valadares,DF,8.07
20269159,Bruno Souza Cavalcanti,52,Engenharia Eletrica,Brasilia de Minas,ES,6.47
20269160,Yasmin Moreira Dias,34,Engenharia Eletrica,Salinas,BA,6.36
20269161,Juliana Castro Marques Souza,45,Matematica,Salinas,BA,8.85
20269162,Helena Cardoso,28,Quimica,Governador Valadares,SP,9.03
20269163,Leticia Marques Machado,46,Agronomia,Almenara,BA,8.91
20269164,Guilherme Cardoso Rocha,45,Quimica,Juiz de Fora,RJ,8.47
20269165,Leticia Nunes Almeida,46,Agronomia,Vicosa,DF,8.14
20269166,Beatriz Pinto Mendes,25,Engenharia Eletrica,Lavras,ES,9.44
20269167,Vinicius Moura Pereira,51,Quimica,Juiz de Fora,MG,9.55
20269168,Matheus Cavalcanti,47,Engenharia de Software,Juiz de Fora,BA,8.47
20269169,Joao Carvalho Costa Moreira,51,Engenharia Eletrica,Diamantina,RJ,5.32
20269170,Luana Almeida Nunes Barbosa,21,Direito,Coronel Fabriciano,BA,5.23
20269171,Mariana Cavalcanti Gomes Santos,48,Engenharia de Software,Curvelo,SP,8.48
20269172,Tatiana Ferreira Lopes,27,Engenharia de Software,Janauba,ES,9.51
20269173,Igor Lopes,22,Engenharia de Software,Salinas,SP,5.83
20269174,Camila Gomes Dias Soares,39,Quimica,Pirapora,SP,6.07
20269175,Juliana Nascimento Souza,21,Agronomia,Coronel Fabriciano,GO,7.96
20269176,Igor Oliveira Nascimento Rodrigues,21,Analise e Desenvolvimento de Sistemas,Porteirinha,GO,8.8
20269177,Yasmin Brito Lima,52,Analise e Desenvolvimento de Sistemas,Brasilia de Minas,ES,6.39
20269178,Caio Lima Mendes,21,Administracao,Montes Claros,RJ,7.36
20269179,Eduardo Fernandes Castro Cardoso,43,Engenharia de Software,Almenara,BA,6.94
20269180,Natalia Oliveira Lopes,26,Engenharia de Software,Teofilo Otoni,BA,6.11
20269181,Larissa Freitas,55,Quimica,Almenara,DF,8.38
20269182,Gabriel Freitas,21,Ciencia da Computacao,Sao Francisco,BA,6.41
20269183,Flavia Silva Brito Santos,24,Sistemas de Informacao,Vicosa,DF,5.59
20269184,Carlos Medeiros,52,Engenharia de Software,Montes Claros,BA,7.18
20269185,Thiago Fernandes,30,Engenharia Eletrica,Sao Francisco,BA,5.57
20269186,Gustavo Brito Ramos Pereira,48,Agronomia,Uberlandia,GO,5.9
20269187,Flavia Ferreira Andrade Marques,33,Administracao,Ouro Preto,ES,9.67
20269188,Enzo Dias Santos,36,Medicina,Coronel Fabriciano,ES,6.9
20269189,Guilherme Costa Moura Nascimento,32,Administracao,Vicosa,DF,6.52
20269190,Eduardo Moura,48,Engenharia Eletrica,Salinas,DF,8.41
20269191,Guilherme Almeida Nascimento Vieira,30,Engenharia Eletrica,Diamantina,BA,9.65
20269192,Juliana Ramos,21,Administracao,Brasilia de Minas,SP,6.52
20269193,Camila Carvalho Medeiros Medeiros,19,Engenharia de Software,Curvelo,RJ,7.97
20269194,Rafaela Oliveira,31,Analise e Desenvolvimento de Sistemas,Vicosa,ES,7.99
20269195,Rodrigo Dias Silva,28,Matematica,Juiz de Fora,RJ,7.15
20269196,Samuel Vieira Silva Castro,31,Ciencia da Computacao,Janauba,RJ,7.16
20269197,Fernanda Vieira Silva Moreira,55,Quimica,Almenara,RJ,5.11
20269198,Juliana Monteiro Marques,31,Medicina,Vicosa,SP,5.19
20269199,Beatriz Alves Mendes,37,Engenharia de Software,Brasilia de Minas,SP,9.71
20269200,Camila Cavalcanti Lima,38,Agronomia,Teofilo Otoni,GO,6.2
20269201,Beatriz Gomes Nunes,32,Direito,Belo Horizonte,BA,7.62
20269202,Enzo Alves,49,Direito,Governador Valadares,ES,7.51
20269203,Olivia Cavalcanti,23,Ciencia da Computacao,Montes Claros,RJ,6.06
20269204,Gustavo Nascimento,19,Direito,Coronel Fabriciano,MG,6.25
20269205,Rodrigo Machado Teixeira,47,Engenharia Eletrica,Uberlandia,ES,5.29
20269206,Rafaela Almeida Monteiro Gomes,24,Ciencia da Computacao,Governador Valadares,BA,5.26
20269207,Helena Fernandes Castro,51,Matematica,Almenara,MG,8.36
20269208,Bruno Medeiros Teixeira,35,Direito,Governador Valadares,BA,8.01
20269209,Pedro Moreira Soares Nunes,18,Fisica,Uberlandia,GO,5.55
20269210,Carlos Almeida Almeida,51,Quimica,Almenara,DF,8.73
20269211,Olivia Monteiro Costa,29,Analise e Desenvolvimento de Sistemas,Sao Francisco,BA,7.25
20269212,Natalia Lima Freitas,20,Medicina,Governador Valadares,BA,8.7
20269213,Eduardo Cavalcanti Cavalcanti,46,Sistemas de Informacao,Januaria,RJ,8.02
20269214,Joao Ramos Nunes,49,Quimica,Juiz de Fora,ES,9.48
20269215,Helena Martins Silva,50,Fisica,Porteirinha,DF,9.67
20269216,Natalia Lima Silva,20,Administracao,Uberlandia,BA,5.64
20269217,Rodrigo Medeiros Cavalcanti,42,Medicina,Juiz de Fora,SP,7.46
20269218,Rafaela Nunes Freitas Santos,45,Quimica,Salinas,ES,8.43
20269219,Caio Silva Silva Carvalho,51,Engenharia Eletrica,Brasilia de Minas,GO,5.27
20269220,Leticia Cavalcanti Silva,23,Medicina,Belo Horizonte,MG,6.73
20269221,Ana Andrade Cavalcanti Carvalho,41,Fisica,Belo Horizonte,SP,8.37
20269222,Leticia Vieira Ribeiro,39,Medicina,Coronel Fabriciano,MG,6.35
20269223,Eduardo Mendes Moura Barbosa,31,Direito,Coronel Fabriciano,MG,5.48
20269224,Nicolas Ribeiro Nascimento,48,Fisica,Curvelo,ES,9.75
20269225,Enzo Castro Nascimento Almeida,41,Sistemas de Informacao,Porteirinha,GO,8.56
20269226,Amanda Martins Machado Souza,34,Quimica,Teofilo Otoni,SP,7.81
20269227,Samuel Silva Rodrigues,33,Matematica,Janauba,GO,8.95
20269228,Fernanda Teixeira Vieira,33,Quimica,Teofilo Otoni,SP,9.0
20269229,Debora Ramos Barbosa,32,Engenharia de Software,Teofilo Otoni,SP,7.9
20269230,Lucas Gomes Monteiro,43,Matematica,Janauba,BA,7.86
20269231,Rodrigo Costa Alves Souza,45,Sistemas de Informacao,Ouro Preto,RJ,7.71
20269232,Gabriel Oliveira Oliveira,47,Analise e Desenvolvimento de Sistemas,Janauba,ES,5.16
20269233,Caio Freitas Santos,37,Engenharia de Software,Salinas,DF,6.27
20269234,Tatiana Carvalho,19,Sistemas de Informacao,Janauba,ES,6.59
20269235,Debora Rocha Mendes,31,Matematica,Diamantina,ES,7.39
20269236,Flavia Silva,52,Medicina,Sao Francisco,MG,5.66
20269237,Lucas Andrade Pinto,25,Engenharia de Software,Diamantina,DF,8.79
20269238,Thiago Andrade Castro,38,Administracao,Governador Valadares,DF,5.6
20269239,Ana Cardoso Souza Lopes,45,Quimica,Vicosa,ES,7.73
20269240,Gustavo Carvalho Cardoso Martins,42,Analise e Desenvolvimento de Sistemas,Januaria,MG,6.69
20269241,Matheus Cardoso Martins,47,Engenharia de Software,Ouro Preto,DF,9.4
20269242,Yasmin Fernandes,52,Direito,Ouro Preto,ES,9.17
20269243,Thiago Alves Cavalcanti,36,Engenharia de Software,Januaria,ES,5.11
20269244,Lucas Dias Rocha Moura,47,Agronomia,Almenara,SP,9.25
20269245,Helena Carvalho,19,Sistemas de Informacao,Teofilo Otoni,DF,8.97
20269246,Joao Lopes Nascimento Barbosa,20,Medicina,Diamantina,BA,8.36
20269247,Ana Alves Marques,35,Fisica,Juiz de Fora,ES,8.6
20269248,Guilherme Oliveira Brito,32,Analise e Desenvolvimento de Sistemas,Vicosa,MG,8.04
20269249,Rodrigo Rocha Rodrigues,19,Sistemas de Informacao,Salinas,DF,8.59
20269250,Samuel Cavalcanti Alves,54,Fisica,Belo Horizonte,BA,9.74
20269251,Bruno Nunes,22,Medicina,Teofilo Otoni,GO,6.55
20269252,Gustavo Ferreira,46,Direito,Governador Valadares,ES,8.49
20269253,Bruno Barbosa Freitas,20,Ciencia da Computacao,Coronel Fabriciano,BA,5.69
20269254,Carlos Rodrigues Mendes Ramos,39,Matematica,Salinas,RJ,8.36
20269255,Amanda Oliveira Castro Ribeiro,30,Matematica,Diamantina,RJ,9.32
20269256,Tatiana Ramos Santos Freitas,19,Administracao,Uberlandia,MG,8.56
20269257,Enzo Rocha Lima,48,Analise e Desenvolvimento de Sistemas,Curvelo,DF,8.87
20269258,Leticia Lopes Rodrigues Alves,28,Quimica,Janauba,ES,7.47
20269259,Fernanda Teixeira,52,Direito,Montes Claros,MG,7.12
20269260,Vinicius Soares,35,Medicina,Salinas,RJ,7.98
20269261,Olivia Ramos Silva,33,Engenharia de Software,Montes Claros,DF,7.65
20269262,Matheus Moura Rocha,32,Engenharia Eletrica,Janauba,GO,5.22
20269263,Larissa Vieira Lopes Medeiros,33,Matematica,Pirapora,DF,7.76
20269264,Enzo Nascimento Fernandes,38,Matematica,Porteirinha,ES,5.12
20269265,Thiago Rocha,26,Quimica,Vicosa,ES,6.64
20269266,Flavia Souza Mendes Costa,40,Ciencia da Computacao,Governador Valadares,BA,5.93
20269267,Pedro Santos Gomes Souza,44,Agronomia,Teofilo Otoni,DF,5.7
20269268,Rodrigo Vieira Dias,28,Agronomia,Pirapora,BA,6.23
20269269,Alexandre Mendes Rocha,27,Analise e Desenvolvimento de Sistemas,Almenara,RJ,6.85
20269270,Olivia Monteiro Gomes Pereira,25,Agronomia,Uberlandia,BA,5.04
20269271,Carlos Lima Andrade,38,Engenharia Eletrica,Diamantina,MG,9.31
20269272,Amanda Brito Nunes Ribeiro,37,Sistemas de Informacao,Uberlandia,SP,8.15
20269273,Natalia Santos Cardoso,19,Analise e Desenvolvimento de Sistemas,Brasilia de Minas,SP,6.85
20269274,Caio Dias,26,Direito,Porteirinha,BA,9.69
20269275,Thiago Alves,55,Medicina,Vicosa,SP,9.01
20269276,Yasmin Pereira Medeiros Silva,34,Medicina,Porteirinha,DF,7.81
20269277,Yasmin Ramos Moura,27,Matematica,Almenara,SP,5.27
20269278,Camila Moreira Machado,43,Engenharia Eletrica,Pirapora,DF,7.59
20269279,Daniela Silva Mendes Fernandes,53,Matematica,Montes Claros,MG,7.04
20269280,Juliana Oliveira Martins,25,Medicina,Sao Francisco,RJ,9.41
20269281,Alexandre Ribeiro Pereira,44,Analise e Desenvolvimento de Sistemas,Sao Francisco,ES,8.92
20269282,Samuel Fernandes,37,Medicina,Montes Claros,RJ,7.13
20269283,Larissa Moura Teixeira,54,Engenharia Eletrica,Janauba,DF,6.82
20269284,Felipe Pinto Freitas,49,Medicina,Pirapora,DF,6.51
20269285,Rodrigo Santos Ramos,36,Sistemas de Informacao,Teofilo Otoni,MG,5.79
20269286,Matheus Carvalho Marques Silva,18,Engenharia Eletrica,Brasilia de Minas,SP,5.91
20269287,Rafaela Lima Brito,24,Engenharia de Software,Almenara,GO,9.44
20269288,Gabriel Ramos Pinto,31,Quimica,Curvelo,SP,6.08
20269289,Ana Cardoso Rodrigues,50,Engenharia de Software,Uberlandia,RJ,5.06
20269290,Beatriz Pereira,35,Matematica,Januaria,GO,6.02
20269291,Gabriel Lopes Medeiros Martins,42,Quimica,Januaria,DF,6.74
20269292,Daniela Mendes Martins,23,Engenharia Eletrica,Sao Francisco,DF,8.29
20269293,Natalia Marques Ribeiro Lopes,50,Administracao,Sao Francisco,ES,5.65
20269294,Bruno Alves Moreira,22,Agronomia,Januaria,BA,5.17
20269295,Olivia Moura Mendes Pinto,35,Sistemas de Informacao,Coronel Fabriciano,BA,8.31
20269296,Caio Vieira Ramos,40,Medicina,Salinas,SP,9.11
20269297,Luana Moura Almeida,28,Sistemas de Informacao,Governador Valadares,DF,7.83
20269298,Leticia Rodrigues Costa Teixeira,18,Matematica,Salinas,DF,9.51
20269299,Larissa Cardoso Santos Ferreira,54,Quimica,Lavras,BA,9.1
20269300,Helena Freitas Pinto,39,Administracao,Vicosa,ES,6.61
20269301,Joao Nunes Machado,25,Sistemas de Informacao,Salinas,GO,7.21
20269302,Vinicius Soares Barbosa Alves,40,Administracao,Sao Francisco,RJ,6.4
20269303,Matheus Dias Castro Moura,29,Engenharia de Software,Ouro Preto,MG,6.06
20269304,Helena Teixeira Silva Alves,29,Matematica,Sao Francisco,SP,7.46
20269305,Alexandre Mendes Martins,38,Sistemas de Informacao,Coronel Fabriciano,SP,5.17
20269306,Yasmin Medeiros Ferreira,30,Engenharia Eletrica,Januaria,SP,7.11
20269307,Juliana Ramos Barbosa Souza,34,Medicina,Uberlandia,SP,6.57
20269308,Eduardo Ribeiro Medeiros Souza,33,Agronomia,Teofilo Otoni,RJ,6.56
20269309,Amanda Soares,46,Sistemas de Informacao,Curvelo,ES,5.64
20269310,Nicolas Mendes Oliveira Oliveira,40,Engenharia Eletrica,Salinas,BA,9.05
20269311,Fernanda Ribeiro Gomes,27,Direito,Uberlandia,MG,6.72
20269312,Juliana Nascimento Ferreira,23,Agronomia,Vicosa,GO,6.45
20269313,Rafaela Pereira,53,Medicina,Lavras,BA,9.79
20269314,Olivia Costa Brito Cardoso,40,Direito,Montes Claros,BA,6.43
20269315,Luana Mendes Pereira Cavalcanti,23,Engenharia de Software,Ouro Preto,SP,6.51
20269316,Juliana Mendes Fernandes Moura,24,Agronomia,Juiz de Fora,BA,5.57
20269317,Alexandre Lima Pinto Cardoso,45,Engenharia de Software,Teofilo Otoni,DF,9.53
20269318,Enzo Monteiro Rocha,25,Matematica,Almenara,RJ,5.32
20269319,Caio Cavalcanti Nunes,27,Direito,Brasilia de Minas,BA,8.22
20269320,Daniela Almeida,25,Administracao,Pirapora,MG,5.68
20269321,Gabriel Alves,49,Ciencia da Computacao,Brasilia de Minas,MG,6.42
20269322,Felipe Cardoso Almeida Cardoso,37,Agronomia,Januaria,SP,5.66
20269323,Larissa Silva Lima Oliveira,49,Analise e Desenvolvimento de Sistemas,Curvelo,DF,7.37
20269324,Fernanda Marques Almeida Pereira,45,Sistemas de Informacao,Curvelo,SP,7.52
20269325,Daniela Mendes,48,Engenharia Eletrica,Curvelo,RJ,8.22
20269326,Natalia Soares Rodrigues,43,Administracao,Januaria,RJ,6.31
20269327,Leticia Moura Cavalcanti,36,Fisica,Brasilia de Minas,SP,8.26
20269328,Daniela Fernandes Brito,50,Agronomia,Coronel Fabriciano,SP,9.18
20269329,Isabela Monteiro Vieira,38,Engenharia Eletrica,Teofilo Otoni,RJ,6.62
20269330,Guilherme Marques,46,Analise e Desenvolvimento de Sistemas,Pirapora,SP,6.81
20269331,Tatiana Ferreira Freitas,52,Analise e Desenvolvimento de Sistemas,Teofilo Otoni,MG,5.39
20269332,Felipe Alves Monteiro,44,Agronomia,Sao Francisco,MG,9.15
20269333,Yasmin Rocha Moura,39,Administracao,Curvelo,RJ,9.5
20269334,Vinicius Andrade,42,Agronomia,Ouro Preto,BA,7.13
20269335,Yasmin Ribeiro Barbosa,29,Analise e Desenvolvimento de Sistemas,Sao Francisco,ES,5.91
20269336,Matheus Silva Santos Dias,26,Medicina,Salinas,DF,6.03
20269337,Mariana Rocha,52,Administracao,Pirapora,ES,5.9
20269338,Samuel Silva,53,Engenharia de Software,Lavras,RJ,6.27
20269339,Caio Barbosa Freitas,25,Sistemas de Informacao,Salinas,DF,8.57
20269340,Matheus Andrade Freitas Martins,33,Quimica,Teofilo Otoni,MG,5.12
20269341,Luana Almeida,45,Agronomia,Governador Valadares,SP,9.58
20269342,Matheus Vieira Cavalcanti,18,Sistemas de Informacao,Belo Horizonte,BA,8.11
20269343,Rafaela Rocha Moura,34,Fisica,Sao Francisco,ES,7.12
20269344,Olivia Moura Barbosa Nunes,21,Direito,Brasilia de Minas,ES,9.76
20269345,Luana Moura Pereira,38,Medicina,Janauba,RJ,5.5
20269346,Isabela Souza Barbosa Cardoso,38,Engenharia Eletrica,Montes Claros,SP,5.9
20269347,Alexandre Monteiro Soares Nunes,41,Agronomia,Curvelo,ES,6.02
20269348,Beatriz Cardoso Ferreira,46,Administracao,Ouro Preto,DF,8.49
20269349,Tatiana Pinto,35,Ciencia da Computacao,Lavras,GO,9.22
20269350,Larissa Gomes Cardoso Brito,46,Sistemas de Informacao,Lavras,MG,8.04
20269351,Larissa Rodrigues,37,Ciencia da Computacao,Montes Claros,DF,8.35
20269352,Samuel Souza Moura Ramos,52,Engenharia Eletrica,Vicosa,BA,7.12
20269353,Camila Dias Mendes,39,Sistemas de Informacao,Porteirinha,SP,5.79
20269354,Vinicius Costa,20,Quimica,Salinas,MG,8.6
20269355,Lucas Castro,38,Engenharia de Software,Ouro Preto,GO,6.56
20269356,Fernanda Lima,25,Quimica,Sao Francisco,ES,9.35
20269357,Rafaela Martins Lopes Monteiro,24,Quimica,Vicosa,ES,8.28
20269358,Joao Marques Pinto,20,Engenharia Eletrica,Juiz de Fora,RJ,5.13
20269359,Daniela Dias Almeida,30,Direito,Januaria,GO,5.61
20269360,Enzo Almeida Castro,51,Quimica,Uberlandia,GO,6.66
20269361,Samuel Carvalho,44,Engenharia de Software,Uberlandia,BA,7.79
20269362,Thiago Souza Nascimento Barbosa,39,Sistemas de Informacao,Salinas,ES,5.2
20269363,Flavia Cardoso Pereira,29,Medicina,Ouro Preto,DF,9.1
20269364,Vinicius Ramos Marques,21,Agronomia,Diamantina,DF,8.61
20269365,Beatriz Fernandes Marques,21,Ciencia da Computacao,Vicosa,ES,7.25
20269366,Matheus Machado Moura,40,Administracao,Porteirinha,SP,9.1
20269367,Juliana Rocha Dias,54,Analise e Desenvolvimento de Sistemas,Diamantina,SP,7.61
20269368,Thiago Rocha Barbosa,44,Agronomia,Januaria,MG,5.61
20269369,Luana Mendes Machado Fernandes,42,Medicina,Belo Horizonte,MG,8.47
20269370,Debora Brito Dias,54,Administracao,Almenara,GO,8.29
20269371,Igor Carvalho Almeida,37,Fisica,Pirapora,DF,5.75
20269372,Vinicius Lopes Cardoso,19,Analise e Desenvolvimento de Sistemas,Juiz de Fora,SP,5.92
20269373,Guilherme Teixeira Andrade Cardoso,40,Analise e Desenvolvimento de Sistemas,Governador Valadares,MG,6.88
20269374,Nicolas Brito Soares,42,Agronomia,Governador Valadares,BA,6.15
20269375,Flavia Ferreira Moreira,31,Matematica,Lavras,SP,7.57
20269376,Larissa Gomes Gomes Dias,25,Sistemas de Informacao,Janauba,RJ,6.49
20269377,Caio Carvalho,29,Engenharia de Software,Uberlandia,GO,5.25
20269378,Pedro Castro Teixeira,24,Fisica,Lavras,MG,7.58
20269379,Mariana Oliveira Nunes,18,Matematica,Governador Valadares,GO,6.22
20269380,Flavia Souza Souza Ramos,53,Matematica,Porteirinha,ES,8.76
20269381,Ana Nunes Alves,49,Direito,Teofilo Otoni,BA,9.39
20269382,Larissa Nascimento,22,Engenharia Eletrica,Diamantina,SP,7.74
20269383,Joao Pinto Marques,53,Engenharia Eletrica,Montes Claros,BA,5.91
20269384,Samuel Silva,24,Direito,Diamantina,GO,5.78
20269385,Luana Rocha,37,Analise e Desenvolvimento de Sistemas,Salinas,BA,6.27
20269386,Samuel Silva Silva,36,Ciencia da Computacao,Brasilia de Minas,BA,7.2
20269387,Vinicius Rodrigues,25,Matematica,Sao Francisco,ES,7.29
20269388,Pedro Marques Souza Marques,32,Engenharia de Software,Januaria,SP,9.79
20269389,Fernanda Martins Oliveira Oliveira,40,Direito,Teofilo Otoni,BA,7.77
20269390,Joao Medeiros Pereira,50,Sistemas de Informacao,Diamantina,BA,9.01
20269391,Helena Marques Lima,55,Administracao,Ouro Preto,MG,8.23
20269392,Yasmin Monteiro Ferreira Vieira,36,Sistemas de Informacao,Diamantina,BA,6.69
20269393,Juliana Alves Rocha Nunes,21,Sistemas de Informacao,Belo Horizonte,GO,8.11
20269394,Natalia Barbosa,43,Agronomia,Vicosa,ES,5.65
20269395,Leticia Nascimento Nascimento,22,Analise e Desenvolvimento de Sistemas,Juiz de Fora,MG,6.02
20269396,Amanda Mendes Castro,47,Agronomia,Montes Claros,ES,7.42
20269397,Vinicius Alves Freitas,50,Administracao,Vicosa,ES,8.18
20269398,Olivia Machado Castro,32,Matematica,Brasilia de Minas,GO,8.67
20269399,Beatriz Ramos Ribeiro,19,Sistemas de Informacao,Januaria,BA,9.38
20269400,Daniela Barbosa,52,Engenharia Eletrica,Pirapora,DF,9.01
20269401,Camila Ferreira Lopes Cavalcanti,55,Quimica,Diamantina,BA,5.36
20269402,Nicolas Vieira Medeiros,26,Analise e Desenvolvimento de Sistemas,Janauba,GO,8.3
20269403,Tatiana Castro Martins Ramos,25,Ciencia da Computacao,Porteirinha,MG,7.28
20269404,Leticia Dias,24,Ciencia da Computacao,Diamantina,GO,5.03
20269405,Eduardo Marques Fernandes Oliveira,35,Ciencia da Computacao,Diamantina,ES,8.43
20269406,Flavia Lima Pereira Pereira,51,Agronomia,Montes Claros,RJ,8.0
20269407,Rodrigo Pinto Ferreira,24,Engenharia de Software,Lavras,BA,5.34
20269408,Helena Costa Silva Moreira,27,Engenharia de Software,Brasilia de Minas,MG,7.59
20269409,Eduardo Marques Marques Vieira,23,Medicina,Montes Claros,ES,8.0
20269410,Beatriz Moreira Moura Ferreira,22,Fisica,Diamantina,SP,6.09
20269411,Mariana Castro Almeida,24,Engenharia de Software,Curvelo,BA,7.96
20269412,Camila Gomes Costa Carvalho,41,Quimica,Governador Valadares,DF,6.97
20269413,Matheus Costa Machado,28,Quimica,Porteirinha,DF,7.18
20269414,Pedro Medeiros Alves Marques,38,Sistemas de Informacao,Juiz de Fora,GO,9.38
20269415,Nicolas Silva Cavalcanti Cardoso,26,Fisica,Porteirinha,MG,6.15
20269416,Carlos Silva Costa,40,Fisica,Brasilia de Minas,MG,7.11
20269417,Enzo Freitas Machado,41,Engenharia Eletrica,Vicosa,BA,7.37
20269418,Alexandre Almeida Costa,54,Engenharia Eletrica,Almenara,BA,8.12
20269419,Beatriz Machado Vieira,34,Engenharia Eletrica,Porteirinha,ES,5.96
20269420,Debora Brito,18,Analise e Desenvolvimento de Sistemas,Ouro Preto,BA,6.24
20269421,Daniela Pinto,28,Sistemas de Informacao,Lavras,BA,8.83
20269422,Tatiana Barbosa Andrade,42,Administracao,Belo Horizonte,MG,7.91
20269423,Carlos Moreira Machado Medeiros,38,Agronomia,Januaria,GO,6.41
20269424,Bruno Nunes Marques,37,Engenharia de Software,Uberlandia,DF,6.81
20269425,Gabriel Ramos Medeiros,27,Quimica,Diamantina,MG,5.06
20269426,Rodrigo Martins,35,Matematica,Almenara,ES,6.31
20269427,Alexandre Oliveira Cardoso,37,Fisica,Teofilo Otoni,DF,8.03
20269428,Felipe Santos Martins,49,Matematica,Porteirinha,SP,5.15
20269429,Eduardo Silva,39,Administracao,Lavras,ES,9.57
20269430,Daniela Almeida Machado,34,Matematica,Coronel Fabriciano,SP,6.48
20269431,Juliana Pereira Nunes Pinto,44,Fisica,Lavras,ES,8.9
20269432,Isabela Medeiros Ramos,55,Direito,Curvelo,BA,9.12
20269433,Alexandre Brito Machado,30,Medicina,Vicosa,BA,5.63
20269434,Nicolas Ferreira Rocha Lima,43,Ciencia da Computacao,Sao Francisco,GO,9.87
20269435,Leticia Rodrigues Rocha,47,Medicina,Lavras,MG,9.88
20269436,Debora Barbosa,37,Direito,Sao Francisco,MG,5.88
20269437,Natalia Lopes Cardoso Medeiros,52,Engenharia de Software,Lavras,DF,5.19
20269438,Ana Almeida,28,Agronomia,Vicosa,DF,8.15
20269439,Camila Medeiros,42,Quimica,Salinas,RJ,7.58
20269440,Rafaela Gomes Lima Andrade,21,Matematica,Pirapora,DF,6.8
20269441,Joao Almeida Costa Ribeiro,27,Sistemas de Informacao,Diamantina,GO,5.66
20269442,Fernanda Freitas Nascimento Vieira,27,Administracao,Governador Valadares,GO,8.48
20269443,Olivia Costa Souza,54,Fisica,Salinas,BA,6.34
20269444,Leticia Martins Brito,20,Quimica,Uberlandia,MG,8.45
20269445,Beatriz Nunes Cardoso,27,Direito,Lavras,SP,7.35
20269446,Olivia Pinto,36,Agronomia,Brasilia de Minas,RJ,8.42
20269447,Flavia Cardoso,32,Analise e Desenvolvimento de Sistemas,Curvelo,GO,8.55
20269448,Helena Lopes Mendes,20,Engenharia Eletrica,Lavras,BA,9.05
20269449,Ana Martins Pereira,45,Matematica,Brasilia de Minas,GO,9.23
20269450,Tatiana Lopes Soares,23,Agronomia,Lavras,MG,9.7
20269451,Joao Machado Andrade Ferreira,41,Ciencia da Computacao,Almenara,MG,7.51
20269452,Beatriz Castro Monteiro Lima,23,Matematica,Brasilia de Minas,MG,6.79
20269453,Rafaela Teixeira Marques,23,Agronomia,Governador Valadares,MG,7.69
20269454,Ana Almeida Souza,30,Sistemas de Informacao,Sao Francisco,BA,6.81
20269455,Gustavo Andrade Martins,46,Sistemas de Informacao,Montes Claros,DF,9.33
20269456,Alexandre Marques Santos Silva,44,Quimica,Brasilia de Minas,DF,5.69
20269457,Juliana Andrade Medeiros,49,Analise e Desenvolvimento de Sistemas,Governador Valadares,DF,7.03
20269458,Joao Ferreira Oliveira Moreira,19,Engenharia Eletrica,Salinas,GO,6.14
20269459,Pedro Lima Costa Carvalho,28,Analise e Desenvolvimento de Sistemas,Sao Francisco,GO,6.49
20269460,Natalia Soares,38,Analise e Desenvolvimento de Sistemas,Uberlandia,GO,9.15
20269461,Igor Moreira Cardoso,37,Engenharia Eletrica,Teofilo Otoni,MG,9.16
20269462,Rodrigo Costa Soares,38,Matematica,Coronel Fabriciano,BA,5.82
20269463,Luana Ramos Gomes Fernandes,52,Engenharia de Software,Belo Horizonte,ES,7.1
20269464,Daniela Castro Pinto Moreira,21,Direito,Curvelo,BA,7.84
20269465,Caio Alves,40,Fisica,Montes Claros,GO,7.25
20269466,Daniela Moura Rodrigues,44,Medicina,Belo Horizonte,GO,9.21
20269467,Felipe Andrade Rodrigues,41,Fisica,Belo Horizonte,GO,9.18
20269468,Luana Costa,53,Analise e Desenvolvimento de Sistemas,Sao Francisco,BA,6.33
20269469,Gustavo Dias Silva,23,Medicina,Teofilo Otoni,GO,8.57
20269470,Ana Souza Marques,34,Agronomia,Uberlandia,MG,9.66
20269471,Larissa Pinto Pinto,31,Fisica,Teofilo Otoni,SP,6.97
20269472,Flavia Fernandes Castro,28,Agronomia,Curvelo,RJ,5.99
20269473,Thiago Medeiros Marques,50,Ciencia da Computacao,Pirapora,BA,8.48
20269474,Luana Martins Souza,20,Medicina,Brasilia de Minas,RJ,6.97
20269475,Lucas Vieira Brito Fernandes,37,Sistemas de Informacao,Ouro Preto,BA,9.12
20269476,Rodrigo Martins,27,Medicina,Sao Francisco,MG,9.03
20269477,Gustavo Rodrigues Cardoso,52,Sistemas de Informacao,Juiz de Fora,BA,7.97
20269478,Helena Lopes Machado Brito,19,Agronomia,Coronel Fabriciano,RJ,5.09
20269479,Amanda Nunes Almeida Rodrigues,44,Medicina,Januaria,MG,8.49
20269480,Daniela Vieira Silva,31,Engenharia de Software,Pirapora,RJ,7.05
20269481,Luana Ramos Pereira,30,Direito,Vicosa,RJ,9.13
20269482,Enzo Barbosa Santos,34,Direito,Montes Claros,SP,9.04
20269483,Felipe Machado,43,Quimica,Brasilia de Minas,RJ,8.64
20269484,Debora Pinto Fernandes,33,Ciencia da Computacao,Salinas,DF,5.73
20269485,Yasmin Pereira Rocha,33,Fisica,Janauba,SP,8.98
20269486,Matheus Silva,40,Ciencia da Computacao,Governador Valadares,ES,9.01
20269487,Eduardo Marques Lima Andrade,32,Sistemas de Informacao,Teofilo Otoni,SP,5.04
20269488,Camila Vieira Santos Ramos,36,Matematica,Belo Horizonte,ES,6.19
20269489,Guilherme Lima Lopes Gomes,38,Fisica,Almenara,ES,7.45
20269490,Bruno Lima Medeiros,25,Analise e Desenvolvimento de Sistemas,Belo Horizonte,BA,5.74
20269491,Bruno Carvalho Pinto,29,Engenharia Eletrica,Curvelo,MG,9.84
20269492,Alexandre Teixeira Oliveira Moreira,34,Analise e Desenvolvimento de Sistemas,Lavras,SP,8.87
20269493,Igor Brito Pinto Teixeira,45,Administracao,Diamantina,DF,5.55
20269494,Alexandre Teixeira Lopes,18,Matematica,Juiz de Fora,RJ,7.86
20269495,Vinicius Moreira Martins Rocha,19,Direito,Vicosa,BA,9.7
20269496,Felipe Dias,33,Direito,Juiz de Fora,SP,6.18
20269497,Samuel Oliveira Medeiros,38,Fisica,Diamantina,DF,5.95
20269498,Tatiana Lopes,30,Quimica,Janauba,DF,5.09
20269499,Camila Vieira Barbosa,33,Analise e Desenvolvimento de Sistemas,Lavras,ES,5.1
20269500,Tatiana Ramos Ferreira,29,Direito,Ouro Preto,MG,9.05
20269501,Samuel Barbosa Monteiro,41,Fisica,Uberlandia,DF,7.37
20269502,Enzo Teixeira Castro,28,Administracao,Lavras,SP,8.5
20269503,Matheus Souza,24,Engenharia Eletrica,Lavras,GO,6.0
20269504,Pedro Ramos,18,Quimica,Janauba,SP,6.51
20269505,Beatriz Alves Dias,35,Fisica,Salinas,DF,6.36
20269506,Felipe Marques Rodrigues Barbosa,38,Ciencia da Computacao,Governador Valadares,SP,5.61
20269507,Leticia Costa Gomes,40,Agronomia,Salinas,SP,8.48
20269508,Ana Alves,25,Matematica,Montes Claros,SP,5.17
20269509,Yasmin Costa Cavalcanti,24,Administracao,Brasilia de Minas,SP,7.47
20269510,Carlos Moura Alves Oliveira,43,Quimica,Diamantina,SP,6.75
20269511,Juliana Nunes Martins,36,Quimica,Porteirinha,SP,6.56
20269512,Leticia Costa Vieira,49,Administracao,Ouro Preto,BA,8.38
20269513,Felipe Soares Nascimento Pinto,49,Sistemas de Informacao,Almenara,MG,6.82
20269514,Fernanda Moreira,19,Ciencia da Computacao,Almenara,RJ,7.54
20269515,Isabela Cardoso Freitas,49,Administracao,Pirapora,ES,5.87
20269516,Larissa Nunes,33,Direito,Juiz de Fora,SP,6.7
20269517,Joao Brito Barbosa,32,Engenharia Eletrica,Governador Valadares,BA,9.17
20269518,Joao Ferreira Ferreira Nunes,28,Medicina,Belo Horizonte,SP,5.88
20269519,Pedro Monteiro Nunes Costa,54,Fisica,Salinas,ES,7.33
20269520,Larissa Dias Castro,33,Fisica,Juiz de Fora,GO,5.64
20269521,Gabriel Carvalho Rodrigues,38,Agronomia,Coronel Fabriciano,BA,9.23
20269522,Olivia Moura Medeiros,34,Direito,Juiz de Fora,GO,7.71
20269523,Daniela Mendes Pinto,34,Medicina,Diamantina,ES,6.04
20269524,Mariana Carvalho,44,Engenharia de Software,Uberlandia,GO,5.89
20269525,Alexandre Souza Moreira Medeiros,43,Direito,Almenara,GO,9.24
20269526,Tatiana Freitas Barbosa,18,Quimica,Janauba,SP,8.47
20269527,Alexandre Silva Pereira,44,Ciencia da Computacao,Janauba,SP,7.4
20269528,Matheus Teixeira,46,Fisica,Salinas,BA,6.14
20269529,Mariana Monteiro Cardoso Lopes,41,Direito,Coronel Fabriciano,DF,9.26
20269530,Samuel Gomes Brito,44,Medicina,Belo Horizonte,DF,8.85
20269531,Amanda Souza Brito Rocha,36,Direito,Salinas,RJ,8.38
20269532,Gabriel Machado Moura Machado,49,Engenharia de Software,Porteirinha,ES,7.77
20269533,Beatriz Alves Machado,18,Ciencia da Computacao,Ouro Preto,MG,6.25
20269534,Debora Cavalcanti Almeida Dias,24,Ciencia da Computacao,Januaria,RJ,8.28
20269535,Joao Machado Santos,33,Quimica,Porteirinha,DF,9.68
20269536,Carlos Freitas Martins,35,Engenharia Eletrica,Sao Francisco,BA,7.35
20269537,Juliana Ferreira Gomes Cavalcanti,25,Analise e Desenvolvimento de Sistemas,Belo Horizonte,MG,7.98
20269538,Camila Souza Pereira,53,Ciencia da Computacao,Ouro Preto,RJ,9.28
20269539,Nicolas Freitas Barbosa,24,Sistemas de Informacao,Uberlandia,MG,5.12
20269540,Isabela Mendes,35,Medicina,Lavras,RJ,5.36
20269541,Samuel Lima Santos,42,Sistemas de Informacao,Brasilia de Minas,ES,7.62
20269542,Bruno Costa Monteiro,27,Medicina,Belo Horizonte,DF,8.68
20269543,Alexandre Gomes Gomes,19,Medicina,Belo Horizonte,DF,7.64
20269544,Daniela Almeida Silva Ribeiro,40,Engenharia Eletrica,Sao Francisco,RJ,8.81
20269545,Eduardo Castro Dias,37,Administracao,Juiz de Fora,BA,5.93
20269546,Vinicius Barbosa,24,Agronomia,Sao Francisco,GO,5.18
20269547,Eduardo Carvalho,50,Analise e Desenvolvimento de Sistemas,Sao Francisco,MG,6.28
20269548,Vinicius Freitas Nunes,41,Agronomia,Porteirinha,ES,8.4
20269549,Alexandre Barbosa Freitas Marques,29,Ciencia da Computacao,Uberlandia,ES,9.05
20269550,Vinicius Teixeira Moreira Ramos,31,Direito,Montes Claros,GO,5.91
20269551,Matheus Nunes Pereira Cardoso,34,Analise e Desenvolvimento de Sistemas,Almenara,DF,7.06
20269552,Fernanda Cardoso Costa Ribeiro,41,Medicina,Pirapora,SP,6.71
20269553,Rodrigo Dias Santos Pereira,52,Sistemas de Informacao,Curvelo,ES,7.79
20269554,Fernanda Silva,24,Ciencia da Computacao,Teofilo Otoni,RJ,6.2
20269555,Carlos Silva Alves Castro,55,Ciencia da Computacao,Juiz de Fora,GO,6.14
20269556,Leticia Monteiro Lopes Barbosa,18,Analise e Desenvolvimento de Sistemas,Governador Valadares,MG,7.07
20269557,Matheus Rodrigues,52,Direito,Teofilo Otoni,DF,9.31
20269558,Nicolas Soares Rocha,21,Fisica,Sao Francisco,ES,9.64
20269559,Rodrigo Costa Oliveira Costa,34,Engenharia de Software,Coronel Fabriciano,GO,8.75
20269560,Olivia Brito Cardoso,36,Sistemas de Informacao,Almenara,SP,7.4
20269561,Rodrigo Almeida Silva,37,Fisica,Almenara,MG,6.34
20269562,Lucas Martins Lopes,28,Engenharia Eletrica,Belo Horizonte,GO,9.33
20269563,Amanda Carvalho,53,Administracao,Lavras,DF,5.8
20269564,Mariana Lopes Dias,44,Engenharia Eletrica,Salinas,ES,9.28
20269565,Gabriel Vieira,49,Medicina,Coronel Fabriciano,BA,7.87
20269566,Juliana Lopes Nascimento,39,Analise e Desenvolvimento de Sistemas,Salinas,ES,9.58
20269567,Samuel Vieira Barbosa,42,Matematica,Januaria,SP,7.52
20269568,Flavia Martins Vieira,49,Engenharia Eletrica,Uberlandia,ES,8.16
20269569,Matheus Freitas,23,Ciencia da Computacao,Ouro Preto,GO,7.12
20269570,Debora Soares Oliveira,43,Medicina,Montes Claros,MG,5.71
20269571,Yasmin Ferreira Barbosa,20,Direito,Juiz de Fora,MG,9.12
20269572,Fernanda Santos Rocha Barbosa,33,Medicina,Salinas,BA,7.17
20269573,Samuel Pinto Ramos,55,Matematica,Almenara,DF,5.75
20269574,Felipe Oliveira,46,Direito,Ouro Preto,DF,6.82
20269575,Alexandre Brito Castro,23,Fisica,Governador Valadares,BA,7.52
20269576,Juliana Pereira Freitas,45,Matematica,Uberlandia,DF,5.28
20269577,Felipe Lopes Soares Ramos,51,Administracao,Almenara,RJ,6.34
20269578,Flavia Pereira Dias Souza,22,Agronomia,Uberlandia,MG,6.65
20269579,Carlos Brito Silva,49,Agronomia,Coronel Fabriciano,MG,9.67
20269580,Samuel Santos,47,Administracao,Juiz de Fora,MG,6.13
20269581,Larissa Santos Oliveira Teixeira,26,Administracao,Belo Horizonte,RJ,9.62
20269582,Vinicius Moreira Gomes,26,Fisica,Sao Francisco,MG,8.14
20269583,Isabela Costa Ferreira,54,Agronomia,Curvelo,GO,6.19
20269584,Olivia Rocha Medeiros Almeida,18,Engenharia Eletrica,Coronel Fabriciano,ES,8.84
20269585,Daniela Mendes Rodrigues,55,Matematica,Almenara,SP,7.37
20269586,Larissa Rodrigues,34,Engenharia de Software,Montes Claros,DF,5.94
20269587,Larissa Rocha,43,Direito,Belo Horizonte,GO,5.56
20269588,Daniela Pereira,47,Administracao,Coronel Fabriciano,MG,9.53
20269589,Luana Ferreira,26,Administracao,Salinas,SP,6.36
20269590,Rodrigo Andrade Nunes Castro,23,Ciencia da Computacao,Diamantina,ES,9.32
20269591,Helena Souza Souza,33,Analise e Desenvolvimento de Sistemas,Brasilia de Minas,GO,6.67
20269592,Nicolas Pereira Cardoso Barbosa,26,Sistemas de Informacao,Salinas,RJ,6.77
20269593,Gabriel Ferreira Andrade,48,Matematica,Salinas,BA,6.9
20269594,Camila Castro Dias,33,Direito,Governador Valadares,BA,9.82
20269595,Rafaela Brito,42,Fisica,Ouro Preto,BA,6.28
20269596,Mariana Brito,49,Engenharia Eletrica,Belo Horizonte,MG,5.45
20269597,Rodrigo Costa Rocha,21,Agronomia,Brasilia de Minas,DF,6.04
20269598,Fernanda Pereira Costa,24,Quimica,Ouro Preto,DF,9.76
20269599,Camila Costa,55,Engenharia Eletrica,Porteirinha,SP,6.52
20269600,Carlos Rocha Vieira Lopes,31,Sistemas de Informacao,Salinas,BA,6.57
20269601,Vinicius Martins Gomes Fernandes,36,Quimica,Belo Horizonte,GO,7.99
20269602,Larissa Teixeira,25,Ciencia da Computacao,Janauba,GO,9.37
20269603,Amanda Monteiro Castro Fernandes,21,Quimica,Ouro Preto,GO,8.62
20269604,Larissa Costa Lopes,31,Administracao,Curvelo,BA,6.82
20269605,Carlos Freitas Carvalho Teixeira,41,Engenharia Eletrica,Janauba,DF,9.85
20269606,Olivia Andrade Machado,48,Matematica,Brasilia de Minas,MG,6.69
20269607,Ana Brito Barbosa Marques,24,Direito,Porteirinha,SP,6.56
20269608,Natalia Monteiro,20,Engenharia Eletrica,Lavras,RJ,9.75
20269609,Fernanda Almeida Silva Silva,43,Analise e Desenvolvimento de Sistemas,Brasilia de Minas,MG,7.9
20269610,Gabriel Ribeiro Pinto Medeiros,28,Administracao,Almenara,GO,9.46
20269611,Enzo Pereira Cavalcanti,25,Medicina,Juiz de Fora,ES,7.29
20269612,Vinicius Lima Martins,47,Agronomia,Lavras,SP,5.18
20269613,Bruno Barbosa Freitas Andrade,40,Sistemas de Informacao,Belo Horizonte,DF,8.83
20269614,Olivia Rocha Santos Alves,29,Analise e Desenvolvimento de Sistemas,Teofilo Otoni,ES,5.03
20269615,Gabriel Pereira,28,Engenharia de Software,Governador Valadares,BA,6.37
20269616,Caio Teixeira Gomes,26,Engenharia Eletrica,Teofilo Otoni,DF,5.41
20269617,Eduardo Alves Oliveira Monteiro,52,Ciencia da Computacao,Governador Valadares,ES,7.77
20269618,Enzo Marques Andrade Castro,32,Medicina,Coronel Fabriciano,DF,5.46
20269619,Daniela Santos Monteiro,24,Engenharia de Software,Sao Francisco,BA,9.36
20269620,Leticia Nunes Silva Nunes,52,Matematica,Almenara,DF,5.43
20269621,Samuel Ramos Santos Cardoso,34,Matematica,Janauba,BA,5.68
20269622,Luana Soares Castro,52,Matematica,Juiz de Fora,RJ,9.36
20269623,Enzo Santos Souza,46,Administracao,Curvelo,SP,5.4
20269624,Leticia Freitas Santos,22,Medicina,Almenara,ES,6.71
20269625,Guilherme Lopes Dias Barbosa,25,Fisica,Uberlandia,RJ,7.58
20269626,Pedro Santos Fernandes,37,Medicina,Coronel Fabriciano,RJ,8.81
20269627,Caio Pinto Teixeira Rodrigues,53,Fisica,Coronel Fabriciano,BA,9.12
20269628,Olivia Martins Rocha,18,Agronomia,Sao Francisco,MG,9.26
20269629,Larissa Soares,50,Fisica,Pirapora,RJ,5.7
20269630,Luana Moura Andrade Ribeiro,19,Medicina,Uberlandia,GO,7.03
20269631,Thiago Medeiros Medeiros,30,Sistemas de Informacao,Salinas,ES,7.26
20269632,Debora Nunes Carvalho,51,Sistemas de Informacao,Sao Francisco,RJ,7.94
20269633,Camila Mendes,43,Engenharia Eletrica,Governador Valadares,RJ,9.8
20269634,Felipe Ferreira Almeida,50,Matematica,Pirapora,MG,5.64
20269635,Natalia Barbosa,20,Sistemas de Informacao,Ouro Preto,ES,7.85
20269636,Beatriz Santos Oliveira Lopes,22,Matematica,Montes Claros,ES,6.55
20269637,Leticia Costa Rocha,51,Engenharia de Software,Almenara,BA,5.09
20269638,Enzo Nascimento Lima Souza,47,Direito,Brasilia de Minas,DF,7.56
20269639,Mariana Nascimento Marques,32,Direito,Lavras,MG,5.44
20269640,Enzo Pinto Souza,46,Sistemas de Informacao,Juiz de Fora,BA,5.84
20269641,Debora Ramos Freitas,55,Direito,Porteirinha,ES,9.56
20269642,Ana Moura Andrade Costa,29,Agronomia,Uberlandia,MG,9.76
20269643,Joao Gomes Marques,18,Administracao,Janauba,RJ,7.12
20269644,Luana Castro,45,Direito,Almenara,ES,5.87
20269645,Gabriel Brito Freitas Teixeira,43,Agronomia,Januaria,SP,5.83
20269646,Rodrigo Castro Costa,38,Matematica,Lavras,RJ,9.35
20269647,Vinicius Pereira Castro,40,Engenharia de Software,Pirapora,GO,6.78
20269648,Isabela Costa,43,Matematica,Coronel Fabriciano,RJ,9.11
20269649,Thiago Lima Andrade Ramos,45,Medicina,Janauba,DF,6.65
20269650,Isabela Andrade,55,Agronomia,Diamantina,MG,6.32
20269651,Gustavo Castro Nascimento Almeida,28,Engenharia Eletrica,Ouro Preto,ES,9.28
20269652,Debora Lopes Oliveira,38,Fisica,Lavras,GO,9.54
20269653,Debora Soares Cavalcanti Carvalho,32,Fisica,Lavras,ES,5.22
20269654,Gustavo Alves Ramos,36,Sistemas de Informacao,Sao Francisco,MG,7.52
20269655,Luana Freitas Dias,44,Administracao,Vicosa,MG,9.08
20269656,Debora Lima Barbosa Oliveira,47,Quimica,Sao Francisco,ES,6.84
20269657,Rafaela Medeiros Almeida Fernandes,48,Engenharia de Software,Curvelo,SP,9.02
20269658,Daniela Barbosa,37,Engenharia Eletrica,Ouro Preto,DF,6.75
20269659,Isabela Oliveira,30,Ciencia da Computacao,Vicosa,DF,8.21
20269660,Yasmin Lopes Moreira,32,Engenharia de Software,Lavras,RJ,5.4
20269661,Alexandre Cavalcanti Teixeira Cardoso,30,Engenharia de Software,Montes Claros,GO,6.26
20269662,Rafaela Cavalcanti Soares,22,Analise e Desenvolvimento de Sistemas,Vicosa,MG,7.17
20269663,Pedro Martins Souza,23,Engenharia de Software,Salinas,MG,7.48
20269664,Daniela Machado Oliveira Moreira,51,Sistemas de Informacao,Salinas,RJ,8.03
20269665,Tatiana Nunes Ramos Santos,39,Direito,Brasilia de Minas,BA,5.0
20269666,Daniela Cavalcanti,20,Ciencia da Computacao,Januaria,MG,7.59
20269667,Ana Nunes,29,Ciencia da Computacao,Pirapora,MG,8.01
20269668,Enzo Cavalcanti,53,Direito,Montes Claros,GO,8.58
20269669,Daniela Barbosa,28,Analise e Desenvolvimento de Sistemas,Almenara,RJ,8.61
20269670,Pedro Fernandes Nascimento Nunes,37,Medicina,Januaria,GO,8.06
20269671,Matheus Pinto Vieira Gomes,40,Matematica,Almenara,BA,5.08
20269672,Pedro Brito,38,Sistemas de Informacao,Montes Claros,RJ,9.02
20269673,Rafaela Dias Medeiros Carvalho,27,Medicina,Uberlandia,MG,9.53
20269674,Nicolas Cardoso Oliveira,25,Medicina,Juiz de Fora,DF,8.98
20269675,Fernanda Marques Machado,27,Engenharia Eletrica,Brasilia de Minas,GO,6.6
20269676,Yasmin Moura Fernandes,48,Fisica,Salinas,RJ,8.14
20269677,Pedro Marques Alves,49,Fisica,Janauba,RJ,7.71
20269678,Flavia Cavalcanti,22,Engenharia de Software,Pirapora,SP,6.61
20269679,Fernanda Vieira,39,Direito,Montes Claros,MG,6.38
20269680,Gabriel Ramos,30,Fisica,Diamantina,RJ,6.64
20269681,Gabriel Costa Moura Marques,22,Analise e Desenvolvimento de Sistemas,Pirapora,DF,9.27
20269682,Luana Dias Dias,46,Ciencia da Computacao,Salinas,RJ,5.14
20269683,Luana Brito Andrade,54,Engenharia de Software,Teofilo Otoni,SP,8.4
20269684,Igor Andrade Lopes,46,Ciencia da Computacao,Governador Valadares,SP,5.76
20269685,Enzo Nascimento Brito Pinto,55,Medicina,Porteirinha,SP,5.02
20269686,Amanda Pinto Rocha Monteiro,27,Fisica,Lavras,BA,9.01
20269687,Yasmin Pinto Machado,30,Ciencia da Computacao,Lavras,BA,7.98
20269688,Matheus Lima Dias,25,Agronomia,Lavras,BA,5.95
20269689,Amanda Dias Lopes Barbosa,55,Engenharia Eletrica,Januaria,BA,8.93
20269690,Felipe Marques Vieira,55,Analise e Desenvolvimento de Sistemas,Sao Francisco,SP,6.26
20269691,Natalia Silva Mendes,39,Medicina,Brasilia de Minas,SP,5.93
20269692,Lucas Gomes Lopes,35,Ciencia da Computacao,Curvelo,MG,7.18
20269693,Thiago Rocha Ramos Barbosa,31,Agronomia,Almenara,RJ,7.44
20269694,Lucas Mendes,40,Matematica,Lavras,RJ,6.84
20269695,Larissa Medeiros Monteiro Rodrigues,20,Medicina,Pirapora,GO,6.13
20269696,Amanda Costa Pinto,32,Analise e Desenvolvimento de Sistemas,Lavras,RJ,8.64
20269697,Caio Teixeira Ramos,28,Analise e Desenvolvimento de Sistemas,Coronel Fabriciano,DF,6.22
20269698,Camila Dias Teixeira,36,Fisica,Curvelo,ES,5.36
20269699,Samuel Andrade Ramos Andrade,51,Quimica,Juiz de Fora,BA,9.39
20269700,Felipe Moura Santos Andrade,21,Quimica,Juiz de Fora,SP,6.53
20269701,Mariana Vieira,47,Engenharia Eletrica,Lavras,GO,7.15
20269702,Bruno Oliveira,19,Analise e Desenvolvimento de Sistemas,Montes Claros,MG,6.2
20269703,Matheus Rocha Alves,47,Fisica,Teofilo Otoni,ES,6.92
20269704,Luana Barbosa,53,Direito,Lavras,BA,7.08
20269705,Carlos Oliveira Gomes Castro,50,Engenharia de Software,Sao Francisco,GO,6.76
20269706,Rodrigo Rodrigues Vieira,43,Fisica,Pirapora,RJ,9.28
20269707,Matheus Santos Ferreira Monteiro,54,Engenharia Eletrica,Belo Horizonte,ES,7.73
20269708,Igor Pereira Ramos Lima,52,Analise e Desenvolvimento de Sistemas,Coronel Fabriciano,MG,7.12
20269709,Felipe Teixeira Fernandes,34,Agronomia,Vicosa,ES,6.41
20269710,Joao Martins Martins,26,Sistemas de Informacao,Montes Claros,RJ,9.17
20269711,Leticia Santos Freitas,28,Direito,Brasilia de Minas,BA,6.65
20269712,Debora Moreira Medeiros,31,Sistemas de Informacao,Lavras,RJ,8.64
20269713,Rafaela Vieira Lima Souza,39,Ciencia da Computacao,Teofilo Otoni,SP,5.27
20269714,Ana Nascimento Oliveira,53,Fisica,Belo Horizonte,GO,9.18
20269715,Caio Souza Martins Mendes,32,Medicina,Montes Claros,ES,5.88
20269716,Enzo Medeiros Ribeiro Dias,28,Administracao,Salinas,RJ,6.82
20269717,Samuel Ferreira Moura,52,Fisica,Almenara,GO,5.87
20269718,Joao Oliveira Souza,27,Engenharia Eletrica,Belo Horizonte,RJ,8.68
20269719,Gustavo Pinto,54,Sistemas de Informacao,Belo Horizonte,BA,9.56
20269720,Rodrigo Mendes Fernandes,36,Medicina,Pirapora,DF,9.66
20269721,Guilherme Silva,46,Agronomia,Uberlandia,RJ,5.04
20269722,Flavia Vieira Vieira,26,Ciencia da Computacao,Juiz de Fora,MG,7.42
20269723,Debora Medeiros,27,Quimica,Diamantina,BA,5.43
20269724,Amanda Teixeira Rocha,25,Engenharia Eletrica,Lavras,GO,7.11
20269725,Ana Nascimento Fernandes,26,Analise e Desenvolvimento de Sistemas,Salinas,MG,8.21
20269726,Igor Nascimento Mendes,35,Agronomia,Governador Valadares,SP,6.94
20269727,Yasmin Moreira Rocha Dias,19,Medicina,Juiz de Fora,SP,8.22
20269728,Pedro Soares Lima,39,Engenharia de Software,Lavras,BA,8.11
20269729,Felipe Andrade Rodrigues,23,Medicina,Brasilia de Minas,DF,7.8
20269730,Debora Silva Vieira,45,Medicina,Belo Horizonte,SP,9.13
20269731,Juliana Gomes Teixeira,53,Ciencia da Computacao,Diamantina,GO,5.75
20269732,Thiago Cardoso,36,Agronomia,Montes Claros,DF,6.58
20269733,Leticia Mendes Martins,31,Medicina,Teofilo Otoni,MG,5.49
20269734,Larissa Nunes Ferreira,23,Ciencia da Computacao,Governador Valadares,RJ,9.1
20269735,Carlos Costa Moura Machado,45,Quimica,Sao Francisco,BA,6.79
20269736,Leticia Rodrigues Monteiro Pinto,53,Medicina,Juiz de Fora,ES,9.39
20269737,Lucas Ferreira Soares,51,Administracao,Ouro Preto,ES,5.81
20269738,Caio Nascimento Pereira,40,Engenharia Eletrica,Montes Claros,DF,8.28
20269739,Samuel Nunes Machado,46,Analise e Desenvolvimento de Sistemas,Januaria,ES,8.99
20269740,Samuel Cavalcanti Silva Moura,23,Sistemas de Informacao,Vicosa,DF,9.72
20269741,Tatiana Machado Silva Oliveira,23,Engenharia Eletrica,Salinas,SP,7.13
20269742,Guilherme Lopes Pereira Rodrigues,19,Quimica,Lavras,SP,7.67
20269743,Gustavo Martins Castro,32,Agronomia,Pirapora,BA,6.23
20269744,Vinicius Ramos,43,Administracao,Curvelo,RJ,6.35
20269745,Fernanda Dias Brito,24,Ciencia da Computacao,Pirapora,SP,6.57
20269746,Joao Alves Freitas Martins,18,Engenharia de Software,Belo Horizonte,GO,9.51
20269747,Eduardo Martins Teixeira Mendes,38,Ciencia da Computacao,Curvelo,BA,5.36
20269748,Guilherme Alves,48,Analise e Desenvolvimento de Sistemas,Janauba,GO,6.69
20269749,Luana Ramos Pereira Cardoso,48,Direito,Teofilo Otoni,DF,5.56
20269750,Vinicius Souza Ferreira,42,Sistemas de Informacao,Janauba,ES,6.68
20269751,Debora Fernandes Freitas Brito,48,Sistemas de Informacao,Ouro Preto,GO,8.31
20269752,Gustavo Martins Ramos,27,Medicina,Curvelo,SP,9.8
20269753,Flavia Cavalcanti Castro,53,Analise e Desenvolvimento de Sistemas,Vicosa,GO,6.55
20269754,Leticia Pereira,20,Sistemas de Informacao,Vicosa,MG,8.68
20269755,Tatiana Nunes Nascimento,48,Administracao,Salinas,GO,8.08
20269756,Igor Ramos,29,Analise e Desenvolvimento de Sistemas,Vicosa,DF,6.69
20269757,Alexandre Barbosa Cardoso Cardoso,53,Fisica,Januaria,MG,6.56
20269758,Ana Ramos Vieira,52,Administracao,Curvelo,GO,8.04
20269759,Camila Martins Medeiros,49,Quimica,Ouro Preto,DF,6.3
20269760,Flavia Nunes Rocha,54,Fisica,Salinas,SP,6.48
20269761,Pedro Ribeiro Martins,25,Sistemas de Informacao,Porteirinha,GO,7.5
20269762,Thiago Pereira Soares,28,Direito,Porteirinha,BA,9.41
20269763,Thiago Alves Andrade,42,Medicina,Brasilia de Minas,SP,9.36
20269764,Matheus Carvalho Freitas,29,Ciencia da Computacao,Porteirinha,MG,7.14
20269765,Nicolas Castro Fernandes Costa,35,Engenharia Eletrica,Lavras,DF,6.57
20269766,Camila Pinto,21,Ciencia da Computacao,Coronel Fabriciano,MG,6.93
20269767,Camila Ramos,43,Sistemas de Informacao,Porteirinha,MG,7.49
20269768,Olivia Carvalho,21,Ciencia da Computacao,Curvelo,BA,7.3
20269769,Alexandre Gomes Monteiro,29,Medicina,Vicosa,MG,9.05
20269770,Flavia Ramos Costa Rodrigues,52,Sistemas de Informacao,Sao Francisco,RJ,9.43
20269771,Debora Mendes,49,Analise e Desenvolvimento de Sistemas,Pirapora,RJ,6.61
20269772,Pedro Castro Mendes Cavalcanti,42,Fisica,Governador Valadares,MG,6.08
20269773,Camila Fernandes,33,Matematica,Uberlandia,ES,5.81
20269774,Rodrigo Martins Carvalho Marques,55,Engenharia Eletrica,Curvelo,SP,7.16
20269775,Olivia Silva Souza,30,Ciencia da Computacao,Sao Francisco,RJ,6.51
20269776,Leticia Castro,43,Agronomia,Curvelo,GO,7.38
20269777,Juliana Cavalcanti Freitas,38,Fisica,Ouro Preto,GO,6.02
20269778,Nicolas Alves Cavalcanti,33,Fisica,Governador Valadares,MG,8.65
20269779,Fernanda Rocha,49,Analise e Desenvolvimento de Sistemas,Almenara,MG,7.62
20269780,Guilherme Alves Moreira,29,Sistemas de Informacao,Lavras,RJ,7.89
20269781,Fernanda Rodrigues Silva,55,Agronomia,Almenara,MG,9.26
20269782,Helena Marques Alves,22,Analise e Desenvolvimento de Sistemas,Diamantina,RJ,9.84
20269783,Debora Cardoso Souza,24,Medicina,Ouro Preto,GO,9.32
20269784,Guilherme Cardoso Alves Medeiros,44,Medicina,Teofilo Otoni,GO,7.12
20269785,Ana Costa Marques,44,Matematica,Lavras,MG,8.88
20269786,Joao Carvalho,54,Quimica,Curvelo,DF,6.99
20269787,Thiago Santos Medeiros,22,Analise e Desenvolvimento de Sistemas,Juiz de Fora,SP,5.33
20269788,Olivia Pinto,22,Fisica,Juiz de Fora,SP,8.27
20269789,Olivia Dias Oliveira,52,Sistemas de Informacao,Almenara,GO,9.24
20269790,Tatiana Ramos Almeida Santos,24,Matematica,Almenara,SP,7.82
20269791,Joao Fernandes,50,Agronomia,Teofilo Otoni,SP,5.48
20269792,Olivia Carvalho Nascimento,44,Direito,Almenara,MG,7.32
20269793,Eduardo Pinto Santos Alves,35,Quimica,Vicosa,BA,8.59
20269794,Igor Freitas Ribeiro Ribeiro,21,Agronomia,Curvelo,DF,6.81
20269795,Luana Santos Alves,41,Engenharia Eletrica,Juiz de Fora,DF,6.39
20269796,Amanda Teixeira Marques,26,Sistemas de Informacao,Montes Claros,RJ,7.63
20269797,Rafaela Marques Fernandes,33,Fisica,Ouro Preto,ES,6.3
20269798,Lucas Lopes Nascimento Pinto,51,Sistemas de Informacao,Januaria,DF,5.66
20269799,Carlos Rodrigues Nunes Nunes,41,Engenharia Eletrica,Sao Francisco,MG,7.27
20269800,Lucas Lopes Vieira,31,Fisica,Uberlandia,RJ,8.07
20269801,Luana Moura Vieira,45,Medicina,Montes Claros,BA,6.18
20269802,Enzo Teixeira,21,Quimica,Pirapora,SP,8.39
20269803,Flavia Nascimento Oliveira,43,Ciencia da Computacao,Diamantina,MG,7.23
20269804,Rodrigo Dias Marques Castro,30,Quimica,Governador Valadares,GO,7.03
20269805,Igor Ribeiro Pinto,25,Matematica,Porteirinha,GO,8.11
20269806,Enzo Lopes Soares,31,Analise e Desenvolvimento de Sistemas,Governador Valadares,ES,8.79
20269807,Rafaela Marques,32,Ciencia da Computacao,Uberlandia,MG,7.97
20269808,Joao Freitas Souza Nunes,25,Matematica,Lavras,DF,7.33
20269809,Daniela Ferreira Monteiro,47,Fisica,Salinas,RJ,9.31
20269810,Thiago Martins Fernandes,23,Ciencia da Computacao,Janauba,DF,9.49
20269811,Lucas Soares Lima,46,Engenharia de Software,Almenara,MG,9.59
20269812,Rodrigo Vieira Ribeiro,47,Engenharia Eletrica,Juiz de Fora,GO,5.31
20269813,Beatriz Nunes Barbosa,53,Administracao,Juiz de Fora,GO,8.74
20269814,Pedro Marques Fernandes,52,Matematica,Diamantina,DF,6.84
20269815,Alexandre Castro Silva Teixeira,50,Fisica,Vicosa,GO,9.75
20269816,Juliana Andrade,24,Agronomia,Ouro Preto,BA,7.73
20269817,Flavia Oliveira Costa Rocha,33,Analise e Desenvolvimento de Sistemas,Porteirinha,SP,5.34
20269818,Helena Silva Costa Ribeiro,20,Engenharia Eletrica,Diamantina,ES,5.66
20269819,Thiago Lima Gomes,51,Matematica,Belo Horizonte,RJ,5.01
20269820,Luana Ramos Ribeiro Marques,33,Analise e Desenvolvimento de Sistemas,Almenara,ES,5.96
20269821,Daniela Silva Gomes Carvalho,28,Agronomia,Janauba,BA,5.59
20269822,Carlos Moreira Lima,26,Engenharia de Software,Pirapora,RJ,9.7
20269823,Flavia Oliveira Santos Nunes,35,Matematica,Lavras,ES,8.62
20269824,Isabela Castro Santos,28,Matematica,Montes Claros,DF,8.6
20269825,Amanda Castro Pinto,19,Engenharia de Software,Janauba,MG,8.29
20269826,Bruno Costa Machado,26,Direito,Ouro Preto,BA,9.02
20269827,Lucas Dias Carvalho,54,Agronomia,Belo Horizonte,GO,9.41
20269828,Pedro Mendes Fernandes,21,Engenharia Eletrica,Teofilo Otoni,RJ,7.66
20269829,Carlos Cavalcanti Nascimento Marques,36,Analise e Desenvolvimento de Sistemas,Almenara,GO,5.05
20269830,Beatriz Brito Almeida Pereira,27,Engenharia de Software,Lavras,BA,8.73
20269831,Mariana Mendes Castro,21,Administracao,Janauba,DF,9.12
20269832,Joao Lopes Soares,53,Quimica,Janauba,SP,5.58
20269833,Igor Almeida Machado Moreira,22,Administracao,Teofilo Otoni,DF,6.8
20269834,Leticia Rodrigues Castro,47,Analise e Desenvolvimento de Sistemas,Belo Horizonte,GO,8.12
20269835,Beatriz Gomes Silva,34,Medicina,Almenara,SP,5.71
20269836,Caio Costa Marques Ramos,30,Agronomia,Lavras,ES,9.64
20269837,Enzo Pereira Lopes,25,Fisica,Ouro Preto,DF,7.33
20269838,Luana Dias Vieira,20,Ciencia da Computacao,Teofilo Otoni,DF,5.67
20269839,Isabela Freitas Monteiro Monteiro,44,Matematica,Sao Francisco,MG,5.77
20269840,Ana Rocha Ramos Santos,28,Direito,Belo Horizonte,GO,5.1
20269841,Pedro Moura Ribeiro,21,Ciencia da Computacao,Montes Claros,GO,5.18
20269842,Fernanda Pereira Souza,53,Ciencia da Computacao,Januaria,ES,9.66
20269843,Lucas Pereira Silva Martins,52,Agronomia,Vicosa,ES,5.51
20269844,Vinicius Alves,47,Agronomia,Curvelo,DF,5.79
20269845,Daniela Ferreira Nunes,29,Quimica,Brasilia de Minas,DF,5.68
20269846,Debora Andrade Almeida,50,Direito,Januaria,ES,7.34
20269847,Alexandre Barbosa Costa,29,Quimica,Januaria,SP,7.69
20269848,Igor Moura,32,Direito,Salinas,GO,6.84
20269849,Matheus Dias Barbosa,34,Matematica,Coronel Fabriciano,BA,5.89
20269850,Vinicius Nunes Nunes Souza,37,Direito,Teofilo Otoni,ES,6.26
20269851,Mariana Santos Brito,19,Ciencia da Computacao,Pirapora,GO,6.43
20269852,Gabriel Oliveira Rodrigues Machado,21,Matematica,Juiz de Fora,GO,5.13
20269853,Carlos Soares Lopes,18,Sistemas de Informacao,Porteirinha,MG,9.65
20269854,Luana Carvalho Nascimento Oliveira,50,Quimica,Montes Claros,SP,6.31
20269855,Pedro Nascimento,49,Engenharia de Software,Salinas,SP,5.59
20269856,Helena Lopes Soares,29,Fisica,Ouro Preto,GO,7.52
20269857,Tatiana Mendes Lopes,54,Quimica,Curvelo,MG,6.6
20269858,Amanda Medeiros Alves,40,Fisica,Janauba,DF,7.42
20269859,Matheus Moreira Monteiro,37,Fisica,Pirapora,ES,8.71
20269860,Leticia Ribeiro Moreira,25,Quimica,Belo Horizonte,DF,6.93
20269861,Vinicius Pereira Medeiros,23,Direito,Belo Horizonte,GO,8.75
20269862,Pedro Gomes Pinto,41,Engenharia de Software,Porteirinha,GO,9.53
20269863,Alexandre Fernandes,42,Analise e Desenvolvimento de Sistemas,Almenara,MG,7.71
20269864,Ana Nunes Lima,45,Agronomia,Uberlandia,MG,9.11
20269865,Yasmin Barbosa Cardoso,44,Ciencia da Computacao,Vicosa,RJ,7.95
20269866,Camila Medeiros Moreira Costa,51,Administracao,Vicosa,SP,6.07
20269867,Luana Monteiro,51,Medicina,Almenara,SP,8.72
20269868,Daniela Barbosa Medeiros,43,Quimica,Teofilo Otoni,SP,5.82
20269869,Alexandre Monteiro Santos Lopes,25,Medicina,Diamantina,ES,8.66
20269870,Eduardo Martins Rodrigues Carvalho,40,Sistemas de Informacao,Salinas,SP,8.54
20269871,Matheus Dias Rodrigues,46,Engenharia de Software,Diamantina,DF,8.97
20269872,Mariana Marques,26,Engenharia Eletrica,Curvelo,RJ,8.79
20269873,Gabriel Barbosa Andrade Mendes,29,Administracao,Sao Francisco,SP,5.91
20269874,Isabela Nunes Silva Pereira,54,Fisica,Porteirinha,RJ,9.4
20269875,Isabela Silva,52,Engenharia Eletrica,Montes Claros,RJ,6.46
20269876,Lucas Nascimento Barbosa,52,Administracao,Pirapora,GO,9.74
20269877,Beatriz Oliveira Moura Andrade,38,Engenharia Eletrica,Salinas,MG,9.22
20269878,Felipe Santos Martins Silva,43,Fisica,Pirapora,SP,6.45
20269879,Alexandre Freitas,52,Direito,Januaria,BA,8.07
20269880,Helena Ferreira,55,Engenharia de Software,Almenara,GO,7.23
20269881,Nicolas Marques,42,Administracao,Montes Claros,RJ,6.03
20269882,Matheus Brito Moura,53,Engenharia Eletrica,Sao Francisco,ES,6.34
20269883,Beatriz Machado Souza Nunes,54,Fisica,Janauba,SP,8.18
20269884,Thiago Alves Dias Ribeiro,35,Sistemas de Informacao,Vicosa,GO,6.54
20269885,Bruno Alves,42,Fisica,Pirapora,SP,5.97
20269886,Flavia Soares Fernandes,32,Engenharia Eletrica,Coronel Fabriciano,BA,6.08
20269887,Rafaela Silva Santos Barbosa,40,Fisica,Teofilo Otoni,DF,9.77
20269888,Lucas Martins Rocha,18,Matematica,Coronel Fabriciano,ES,7.62
20269889,Leticia Almeida Rodrigues Ferreira,36,Matematica,Coronel Fabriciano,BA,8.38
20269890,Guilherme Cavalcanti Soares,34,Engenharia de Software,Salinas,GO,8.8
20269891,Gustavo Rodrigues,48,Ciencia da Computacao,Coronel Fabriciano,BA,9.27
20269892,Natalia Cavalcanti Pinto,37,Sistemas de Informacao,Uberlandia,GO,5.02
20269893,Ana Carvalho,54,Ciencia da Computacao,Teofilo Otoni,ES,9.28
20269894,Igor Nascimento Castro,37,Quimica,Almenara,ES,6.21
20269895,Leticia Alves Pereira,27,Engenharia Eletrica,Januaria,SP,7.89
20269896,Fernanda Ribeiro Soares Fernandes,27,Quimica,Belo Horizonte,RJ,5.04
20269897,Guilherme Ramos,33,Sistemas de Informacao,Teofilo Otoni,ES,5.6
20269898,Rafaela Ribeiro,21,Matematica,Janauba,DF,6.62
20269899,Luana Martins Fernandes,32,Administracao,Lavras,GO,8.8
20269900,Thiago Alves Fernandes Monteiro,21,Analise e Desenvolvimento de Sistemas,Montes Claros,RJ,8.89
20269901,Flavia Medeiros Martins,19,Quimica,Montes Claros,GO,8.11
20269902,Rodrigo Cardoso,38,Fisica,Janauba,RJ,8.95
20269903,Enzo Ferreira Almeida Fernandes,29,Agronomia,Almenara,BA,5.95
20269904,Tatiana Lopes Santos,34,Direito,Salinas,SP,5.84
20269905,Ana Nascimento,23,Quimica,Belo Horizonte,ES,9.82
20269906,Gabriel Vieira Medeiros,25,Administracao,Pirapora,GO,8.58
20269907,Camila Soares,27,Medicina,Uberlandia,GO,5.44
20269908,Mariana Lopes Lima,43,Quimica,Ouro Preto,RJ,5.7
20269909,Nicolas Freitas,48,Sistemas de Informacao,Vicosa,RJ,9.86
20269910,Caio Andrade Nascimento,18,Agronomia,Brasilia de Minas,GO,7.54
20269911,Olivia Fernandes,37,Administracao,Governador Valadares,SP,6.06
20269912,Vinicius Castro Teixeira Ribeiro,21,Matematica,Vicosa,DF,9.67
20269913,Eduardo Gomes Freitas,50,Agronomia,Lavras,GO,8.03
20269914,Eduardo Ribeiro Gomes Nunes,54,Medicina,Salinas,ES,5.25
20269915,Lucas Castro Barbosa Barbosa,27,Ciencia da Computacao,Sao Francisco,BA,9.39
20269916,Carlos Machado Dias Ramos,24,Sistemas de Informacao,Ouro Preto,RJ,6.74
20269917,Vinicius Teixeira Santos,53,Ciencia da Computacao,Salinas,BA,9.86
20269918,Yasmin Medeiros Vieira Ramos,34,Quimica,Almenara,MG,6.35
20269919,Felipe Ribeiro Freitas,24,Agronomia,Curvelo,ES,5.15
20269920,Flavia Pinto Ribeiro,28,Matematica,Uberlandia,BA,6.75
20269921,Yasmin Cardoso Santos,48,Fisica,Almenara,MG,7.3
20269922,Gustavo Pinto Pinto,41,Matematica,Januaria,SP,6.11
20269923,Pedro Ferreira Brito,47,Engenharia de Software,Januaria,RJ,6.21
20269924,Luana Andrade Brito Souza,48,Ciencia da Computacao,Januaria,ES,7.18
20269925,Larissa Lopes Lopes,54,Direito,Belo Horizonte,SP,9.89
20269926,Amanda Silva Pinto Martins,31,Engenharia Eletrica,Lavras,RJ,8.39
20269927,Amanda Moura Rocha Medeiros,22,Engenharia de Software,Coronel Fabriciano,ES,6.19
20269928,Enzo Almeida Pinto,22,Fisica,Ouro Preto,ES,5.24
20269929,Rodrigo Silva Cardoso,32,Fisica,Teofilo Otoni,DF,5.46
20269930,Caio Pereira Fernandes,22,Matematica,Vicosa,GO,6.0
20269931,Camila Nunes Oliveira Mendes,23,Direito,Vicosa,SP,6.42
20269932,Bruno Ramos Andrade Nunes,50,Fisica,Uberlandia,ES,5.13
20269933,Natalia Medeiros Souza Souza,23,Fisica,Belo Horizonte,ES,8.88
20269934,Thiago Mendes Cavalcanti,47,Engenharia Eletrica,Curvelo,DF,9.38
20269935,Mariana Rodrigues Pereira,49,Ciencia da Computacao,Janauba,ES,9.13
20269936,Amanda Moreira Alves,34,Fisica,Vicosa,ES,9.03
20269937,Nicolas Teixeira Pinto,26,Administracao,Governador Valadares,SP,7.57
20269938,Rafaela Andrade Lima,55,Fisica,Sao Francisco,GO,9.21
20269939,Daniela Santos Nascimento,36,Medicina,Diamantina,MG,6.51
20269940,Vinicius Lopes Ferreira Marques,44,Medicina,Pirapora,ES,9.36
20269941,Luana Soares Santos Martins,43,Fisica,Porteirinha,MG,5.68
20269942,Fernanda Machado Teixeira,49,Agronomia,Belo Horizonte,BA,5.91
20269943,Bruno Santos,32,Fisica,Ouro Preto,SP,7.49
20269944,Igor Medeiros Pereira,39,Medicina,Pirapora,SP,8.26
20269945,Camila Martins,44,Quimica,Almenara,BA,9.47
20269946,Fernanda Freitas,27,Quimica,Coronel Fabriciano,MG,9.6
20269947,Fernanda Lima Fernandes,26,Ciencia da Computacao,Brasilia de Minas,SP,5.37
20269948,Igor Souza Cardoso,27,Direito,Governador Valadares,ES,8.05
20269949,Thiago Brito Fernandes,21,Engenharia Eletrica,Lavras,ES,9.01
20269950,Mariana Moreira Machado,29,Matematica,Diamantina,DF,8.7
20269951,Enzo Mendes Soares Souza,50,Fisica,Uberlandia,SP,7.01
20269952,Bruno Costa Ribeiro Pinto,39,Quimica,Vicosa,MG,6.09
20269953,Nicolas Nascimento Andrade,31,Engenharia de Software,Pirapora,RJ,6.91
20269954,Camila Ramos Nunes,48,Matematica,Governador Valadares,BA,9.35
20269955,Luana Pereira Castro Nascimento,29,Ciencia da Computacao,Curvelo,DF,7.59
20269956,Rafaela Vieira Ramos,46,Direito,Porteirinha,MG,6.7
20269957,Isabela Martins Carvalho,37,Fisica,Brasilia de Minas,GO,5.6
20269958,Mariana Monteiro,19,Sistemas de Informacao,Curvelo,MG,6.49
20269959,Samuel Gomes Souza Mendes,34,Agronomia,Januaria,MG,6.64
20269960,Lucas Souza Nascimento,42,Medicina,Almenara,BA,7.23
20269961,Igor Marques,53,Ciencia da Computacao,Juiz de Fora,SP,9.8
20269962,Thiago Moreira Freitas,18,Agronomia,Diamantina,BA,9.36
20269963,Camila Silva Machado,54,Direito,Diamantina,DF,9.08
20269964,Rodrigo Cardoso Teixeira,23,Fisica,Juiz de Fora,BA,5.97
20269965,Beatriz Ribeiro Monteiro Cavalcanti,24,Medicina,Pirapora,BA,7.12
20269966,Lucas Teixeira Ramos Alves,19,Ciencia da Computacao,Teofilo Otoni,BA,9.14
20269967,Matheus Mendes Santos,35,Analise e Desenvolvimento de Sistemas,Salinas,BA,6.43
20269968,Debora Rodrigues Marques Carvalho,51,Agronomia,Lavras,DF,6.19
20269969,Luana Mendes Pereira,20,Medicina,Juiz de Fora,SP,6.3
20269970,Eduardo Pereira Rodrigues,52,Ciencia da Computacao,Governador Valadares,ES,5.44
20269971,Ana Cavalcanti Medeiros,53,Fisica,Governador Valadares,MG,8.51
20269972,Helena Barbosa,48,Engenharia Eletrica,Porteirinha,BA,7.7
20269973,Carlos Alves Ferreira,39,Fisica,Brasilia de Minas,MG,9.45
20269974,Nicolas Martins Dias Brito,45,Matematica,Januaria,MG,9.31
20269975,Beatriz Rocha Carvalho,19,Matematica,Uberlandia,BA,8.58
20269976,Fernanda Monteiro Marques,55,Agronomia,Uberlandia,ES,9.31
20269977,Joao Ramos,45,Sistemas de Informacao,Coronel Fabriciano,MG,8.0
20269978,Luana Gomes Cardoso,37,Medicina,Diamantina,RJ,7.94
20269979,Flavia Brito Marques Monteiro,28,Administracao,Januaria,GO,6.97
20269980,Bruno Barbosa,25,Direito,Governador Valadares,GO,6.83
20269981,Olivia Oliveira Lopes,32,Medicina,Januaria,MG,9.69
20269982,Flavia Oliveira Oliveira,29,Agronomia,Janauba,SP,5.3
20269983,Tatiana Mendes Ferreira,18,Administracao,Lavras,GO,9.06
20269984,Natalia Martins Rodrigues,47,Analise e Desenvolvimento de Sistemas,Uberlandia,RJ,9.09
20269985,Juliana Lopes Ferreira Souza,25,Quimica,Montes Claros,ES,6.42
20269986,Thiago Freitas Nascimento,24,Analise e Desenvolvimento de Sistemas,Montes Claros,MG,5.81
20269987,Pedro Santos Cavalcanti Rodrigues,42,Analise e Desenvolvimento de Sistemas,Brasilia de Minas,ES,5.56
20269988,Beatriz Santos,26,Direito,Teofilo Otoni,DF,8.93
20269989,Joao Freitas Ribeiro,45,Engenharia Eletrica,Governador Valadares,SP,7.6
20269990,Rafaela Moreira Pereira,28,Direito,Belo Horizonte,SP,7.75
20269991,Juliana Vieira Martins Barbosa,51,Sistemas de Informacao,Almenara,ES,9.5
20269992,Rodrigo Dias,46,Administracao,Teofilo Otoni,GO,9.26
20269993,Rafaela Medeiros Ferreira,44,Quimica,Pirapora,DF,6.22
20269994,Ana Gomes Barbosa Cavalcanti,39,Medicina,Teofilo Otoni,SP,9.84
20269995,Joao Souza Moura,52,Ciencia da Computacao,Coronel Fabriciano,GO,9.06
20269996,Matheus Gomes Pinto,50,Fisica,Governador Valadares,ES,5.72
20269997,Yasmin Ferreira Lopes Freitas,29,Agronomia,Teofilo Otoni,ES,5.47
20269998,Flavia Vieira Almeida,25,Fisica,Coronel Fabriciano,ES,6.64
20269999,Leticia Souza Souza Marques,51,Engenharia de Software,Salinas,DF,8.35
20270000,Isabela Oliveira Costa Souza,22,Sistemas de Informacao,Almenara,DF,5.52
